-- phpMyAdmin SQL Dump
-- version 4.7.4
-- https://www.phpmyadmin.net/
--
-- Host: 127.0.0.1
-- Generation Time: Nov 19, 2017 at 04:32 PM
-- Server version: 10.1.28-MariaDB
-- PHP Version: 5.6.32

SET SQL_MODE = "NO_AUTO_VALUE_ON_ZERO";
SET AUTOCOMMIT = 0;
START TRANSACTION;
SET time_zone = "+00:00";


/*!40101 SET @OLD_CHARACTER_SET_CLIENT=@@CHARACTER_SET_CLIENT */;
/*!40101 SET @OLD_CHARACTER_SET_RESULTS=@@CHARACTER_SET_RESULTS */;
/*!40101 SET @OLD_COLLATION_CONNECTION=@@COLLATION_CONNECTION */;
/*!40101 SET NAMES utf8mb4 */;

--
-- Database: `vendor`
--

-- --------------------------------------------------------

--
-- Table structure for table `category`
--

CREATE TABLE `category` (
  `id` int(11) NOT NULL,
  `category_type` int(11) NOT NULL,
  `category` varchar(255) NOT NULL,
  `category_code` varchar(255) NOT NULL,
  `category_poc` int(11) NOT NULL,
  `url` varchar(255) NOT NULL,
  `status` int(11) NOT NULL,
  `created_date` datetime NOT NULL,
  `updated_date` timestamp NOT NULL DEFAULT CURRENT_TIMESTAMP ON UPDATE CURRENT_TIMESTAMP
) ENGINE=InnoDB DEFAULT CHARSET=latin1;

--
-- Dumping data for table `category`
--

INSERT INTO `category` (`id`, `category_type`, `category`, `category_code`, `category_poc`, `url`, `status`, `created_date`, `updated_date`) VALUES
(1, 2, 'College of Engineering Trivandrum', '125', 22, '', 1, '2017-02-21 07:12:05', '2017-08-03 05:32:38'),
(2, 2, 'Holy Angel\'s High School', '111', 9, '', 1, '2017-02-21 07:12:21', '2017-06-12 05:18:37'),
(3, 2, 'Vimal Jyothi Engineering College', 'VJEC', 0, '', 1, '2017-03-21 12:09:35', '2017-11-04 05:39:24'),
(4, 2, 'Test', 'TT', 0, '', 1, '2017-03-30 11:33:24', '2017-11-04 05:39:28'),
(5, 2, 'BTEEM Software Solution', 'BT', 0, 'index.php/Home/login/BTEEMSoftwareSolution', 1, '2017-03-31 12:25:54', '2017-11-04 05:39:32'),
(6, 2, 'ST Josephs', 'STJ', 26, 'index.php/Home/login/STJosephs', 1, '2017-03-31 01:03:56', '2017-11-04 05:39:49'),
(7, 2, 'MES', 'MESS', 29, 'index.php/Home/login/MES', 0, '2017-04-04 06:56:18', '2017-11-04 05:39:42'),
(8, 2, 'Vimal Jyothi Engineering College', 'VJ', 0, 'index.php/Home/login/VimalJyothiEngineeringCollege', 1, '2017-05-15 06:36:36', '2017-11-04 05:39:37'),
(9, 2, 'ST Mary\'s HSS', 'ST_009', 0, 'index.php/Home/login/STMary\'sHSS', 0, '2017-06-07 06:26:34', '2017-06-16 06:47:30'),
(10, 2, 'MGM', 'M123', 34, 'http://dev.bteem.com/HelpUs/index.php/Home/login/MGM', 1, '2017-06-16 07:56:47', '2017-06-16 06:03:30'),
(11, 2, 'SJCET', 'SJCET_1001', 0, 'http://dev.bteem.com/HelpUs/index.php/Home/login/SJCET', 1, '2017-06-27 02:23:01', '2017-06-27 12:23:01'),
(12, 2, 'Chinmaya Vidayalaya HSS', 'ST_010', 45, 'http://dev.bteem.com/HelpUs/index.php/Home/login/ChinmayaVidayalayaHSS', 1, '2017-06-28 11:45:18', '2017-06-28 13:35:44'),
(13, 2, 'Institute 1', 'INS_101', 50, 'http://dev.bteem.com/HelpUs/index.php/Home/login/Institute-1', 1, '2017-06-29 05:41:42', '2017-06-29 09:24:39'),
(14, 2, 'Think And Learn Pvt. Ltd.', 'MGM_101', 0, 'http://dev.bteem.com/HelpUs/index.php/Home/login/ThinkAndLearnPvt.Ltd.', 0, '2017-06-29 11:35:27', '2017-06-29 09:35:27'),
(15, 2, 'rit', 'fsgh', 64, 'http://localhost/helpus//index.php/Home/login/rit', 0, '2017-06-29 11:45:48', '2017-08-09 12:28:18'),
(16, 2, 'SET', 'ST_009', 55, 'http://localhost/helpus/index.php/Home/login/SET', 1, '2017-06-29 12:18:13', '2017-07-06 14:31:35'),
(17, 2, 'Institute12', 'INS_101', 0, 'http://dev.bteem.com/HelpUs/index.php/Home/login/Institute12', 1, '2017-06-30 11:21:40', '2017-06-30 09:23:42'),
(18, 2, 'MES123', 'ST_010', 102, 'http://dev.bteem.com/HelpUs/index.php/Home/login/MES123', 1, '2017-06-30 02:41:47', '2017-08-09 12:05:34'),
(19, 2, 'VIT', 'VIT_1001', 100, 'http://dev.bteem.com/HelpUs/index.php/Home/login/VIT', 1, '2017-07-12 09:38:24', '2017-08-03 04:58:37'),
(20, 2, 'MET', 'MET_1001', 76, 'http://dev.bteem.com/HelpUs/index.php/Home/login/MET', 1, '2017-07-14 11:23:34', '2017-07-14 09:34:15'),
(21, 2, 'WET', 'WET_1001', 87, 'http://localhost/helpus-new/index.php/Home/login/WET', 1, '2017-07-14 12:11:22', '2017-08-24 06:58:17'),
(22, 2, 'FlyText,kerala/trivandrum', 'bsf', 92, 'http://localhost/helpus/index.php/Home/login/FlyTextkeralatrivandrum', 1, '2017-08-02 02:21:47', '2017-08-02 08:53:14'),
(23, 2, 'TRFnnmm-kerala-trivandrum', 'mytnmfg', 95, 'http://localhost/helpus/index.php/Home/login/TRFnnmm-kerala-trivandrum', 1, '2017-08-02 02:25:10', '2017-08-02 08:56:27'),
(24, 2, 'New InstituteKeralaIndiasialargest', 'New_12-0', 120, 'http://localhost/helpus/index.php/Home/login/New-InstituteKeralaIndiasialargest', 1, '2017-08-04 06:25:51', '2017-08-04 13:05:22'),
(25, 2, 'St George HSS', '10015', 123, 'http://localhost/helpus/index.php/Home/login/St-George-HSS', 1, '2017-08-05 12:49:54', '2017-08-18 10:18:12'),
(26, 2, 'WERC', 'WERC_010', 133, 'http://localhost/helpus/index.php/Home/login/WERC', 1, '2017-08-09 06:23:03', '2017-08-14 10:09:53'),
(27, 2, 'GEC Kozhikode', '1212121', 0, 'http://localhost/helpus/index.php/Home/login/GEC-Kozhikode', 0, '2017-08-12 04:17:39', '2017-08-12 10:47:39'),
(28, 2, 'CMI Pala', 'CMI_101', 137, 'http://localhost/helpus/index.php/Home/index/CMI-Pala', 1, '2017-08-15 12:53:40', '2017-08-14 19:31:38'),
(29, 2, 'GoT', '2017', 0, 'http://localhost/helpus-new/index.php/Home/index/GoT', 0, '2017-08-18 01:55:50', '2017-08-18 08:25:50'),
(30, 2, 'New Institute', '20145', 0, 'http://localhost/help-us/index.php/Home/index/New-Institute', 0, '2017-08-28 04:17:20', '2017-08-28 10:47:20'),
(31, 2, 'MSS', '124578', 0, 'http://localhost/help-us/index.php/Home/index/MSS', 0, '2017-08-28 06:40:51', '2017-08-28 13:10:51'),
(32, 2, 'SAS', 'M123', 0, 'http://localhost/help-us/index.php/Home/index/SAS', 0, '2017-08-29 10:03:13', '2017-08-29 04:33:13'),
(33, 2, 'PIT', '2012', 0, 'http://localhost/help-us/index.php/Home/index/PIT', 0, '2017-08-31 06:39:17', '2017-08-31 13:09:17'),
(34, 2, 'Lol', '200', 196, 'http://localhost/help-us/index.php/Home/index/Lol', 1, '2017-08-31 06:46:08', '2017-09-12 06:00:50'),
(35, 2, 'FISAT', '232', 269, 'http://localhost/help-us/index.php/Home/index/FISAT', 0, '2017-09-01 11:38:15', '2017-09-19 13:33:34'),
(36, 2, 'KIMS', '2145789', 202, 'http://localhost/help-us/index.php/Home/index/KIMS', 1, '2017-09-01 11:46:59', '2017-09-12 05:49:52'),
(37, 2, 'GVHSS', 'KL_1001', 225, 'http://localhost/help-us/index.php/Home/index/GVHSS', 1, '2017-09-05 05:47:58', '2017-09-08 11:16:15'),
(38, 2, 'AHW', 'CLG_20111235', 229, 'http://localhost/help-us/index.php/Home/index/AHW', 1, '2017-09-07 01:25:32', '2017-09-07 15:01:37'),
(39, 2, 'TRT', '456', 232, 'http://localhost/help-us/index.php/Home/index/TRT', 1, '2017-09-07 08:36:15', '2017-09-07 16:22:42'),
(40, 2, 'KMCT', 'KMCT', 230, 'http://localhost/help-us/index.php/Home/index/KMCT', 1, '2017-09-07 09:41:40', '2017-11-04 05:42:08'),
(41, 2, 'HDFC', 'bd', 251, 'http://localhost/help-us/index.php/Home/index/HDFC', 1, '2017-09-12 11:32:42', '2017-09-12 06:09:20'),
(42, 2, 'KFC', '123', 255, 'http://localhost/help-us/index.php/Home/index/KFC', 1, '2017-09-12 12:06:24', '2017-09-12 06:44:00'),
(43, 2, 'QWERTY', '1234562', 264, 'http://localhost/help-us/index.php/Home/index/QWERTY', 1, '2017-09-12 12:22:10', '2017-09-19 08:00:32'),
(45, 2, 'LXI', '1111', 297, 'http://localhost/help-us/index.php/Home/index/LXI', 1, '2017-09-25 12:31:06', '2017-09-25 10:00:00'),
(46, 2, 'VKC', '777', 301, 'http://localhost/help-us/index.php/Home/index/VKC', 1, '2017-09-25 03:30:33', '2017-09-25 10:29:37'),
(47, 2, 'HIMS', 'HIMS_1001', 444, 'http://localhost/help-us/index.php/Home/index/HIMS', 1, '2017-10-20 03:12:16', '2017-10-20 09:51:44'),
(48, 2, 'UST', '445', 450, 'http://localhost/help-us/index.php/Home/index/UST', 1, '2017-10-20 04:02:30', '2017-10-20 10:43:06');

-- --------------------------------------------------------

--
-- Table structure for table `category_type`
--

CREATE TABLE `category_type` (
  `id` int(11) NOT NULL,
  `category_type` varchar(255) NOT NULL,
  `status` int(11) NOT NULL,
  `created_date` date NOT NULL,
  `updated_date` date NOT NULL
) ENGINE=InnoDB DEFAULT CHARSET=latin1;

--
-- Dumping data for table `category_type`
--

INSERT INTO `category_type` (`id`, `category_type`, `status`, `created_date`, `updated_date`) VALUES
(1, 'Software', 1, '2017-02-16', '2017-02-16'),
(2, 'Institute', 1, '2017-02-16', '2017-02-16'),
(3, 'Management ', 1, '2017-02-16', '2017-02-16');

-- --------------------------------------------------------

--
-- Table structure for table `department`
--

CREATE TABLE `department` (
  `id` int(11) NOT NULL,
  `category` int(11) NOT NULL,
  `department_name` varchar(255) NOT NULL,
  `department_head` int(11) NOT NULL,
  `department_code` varchar(25) NOT NULL,
  `status` int(11) NOT NULL,
  `created_date` datetime NOT NULL,
  `updated_date` timestamp NOT NULL DEFAULT CURRENT_TIMESTAMP ON UPDATE CURRENT_TIMESTAMP
) ENGINE=InnoDB DEFAULT CHARSET=latin1;

--
-- Dumping data for table `department`
--

INSERT INTO `department` (`id`, `category`, `department_name`, `department_head`, `department_code`, `status`, `created_date`, `updated_date`) VALUES
(1, 1, 'Accounting', 17, 'CET_Account', 1, '2017-02-21 08:06:55', '2017-02-21 07:49:39'),
(2, 1, 'Academics', 23, 'CET_Acedem', 1, '2017-02-21 08:07:20', '2017-02-21 07:50:26'),
(3, 1, 'Maintenance', 18, 'CET_Maintz', 1, '2017-02-21 08:07:37', '2017-02-21 07:49:11'),
(4, 1, 'Managment', 24, '', 1, '2017-02-21 08:08:01', '2017-05-15 09:24:34'),
(5, 2, 'Accounting', 13, 'HA_Account', 1, '2017-02-21 08:08:20', '2017-02-21 07:50:04'),
(6, 2, 'Academics', 5, 'HA_Academ', 1, '2017-02-21 08:08:36', '2017-02-21 07:50:48'),
(7, 2, 'Maintenance', 10, 'HA_Maintnz', 1, '2017-02-21 08:09:17', '2017-02-21 07:49:26'),
(8, 2, 'Managment  ', 8, '', 1, '2017-02-21 08:09:35', '2017-05-15 09:06:09'),
(9, 3, 'Managment', 0, 'VJEC Manage', 1, '2017-03-30 09:04:01', '2017-03-30 07:04:01'),
(10, 5, 'PHP ', 25, 'PHP_BTEEMq', 1, '2017-03-31 12:27:31', '2017-07-03 08:59:59'),
(11, 6, 'Accounting', 0, 'ST_AcT', 1, '2017-03-31 13:05:17', '2017-03-31 11:05:17'),
(12, 6, 'Academics', 34, 'ST_ACA', 1, '2017-04-03 15:59:20', '2017-04-03 14:08:32'),
(13, 6, 'Maintenance', 0, 'ST_Manint', 1, '2017-04-03 15:59:46', '2017-04-03 13:59:46'),
(14, 7, 'Maintenance', 0, 'MES_Main', 1, '2017-04-04 06:58:22', '2017-04-04 04:58:22'),
(15, 7, 'Academics', 30, 'MES_Accad', 1, '2017-04-04 06:58:40', '2017-04-04 05:02:25'),
(16, 1, 'Electrical Maintence', 0, 'HA_Account', 1, '2017-06-09 08:40:49', '2017-06-09 06:40:49'),
(17, 10, 'HS', 35, 'MGM_HS', 1, '2017-06-16 07:57:11', '2017-06-16 06:04:07'),
(18, 10, 'LP', 38, 'MGM_LP', 1, '2017-06-16 07:57:18', '2017-06-16 06:03:58'),
(19, 11, 'ANDROID', 0, 'SJCET_ANDROID', 1, '2017-06-27 14:30:45', '2017-06-27 12:30:45'),
(20, 12, 'JAVA', 0, 'C_JAVA', 1, '2017-06-28 11:51:52', '2017-06-28 09:51:52'),
(21, 12, 'Accounting', 0, 'C_ACC', 1, '2017-06-28 11:54:00', '2017-06-28 09:54:00'),
(22, 13, 'HS', 47, '', 1, '2017-06-29 05:41:59', '2017-06-29 09:25:59'),
(23, 13, 'UP', 48, 'TL_PHP', 1, '2017-06-29 05:42:12', '2017-07-06 14:22:42'),
(24, 13, 'LP', 0, 'INS_LP', 1, '2017-06-29 05:42:22', '2017-06-29 03:42:22'),
(25, 16, 'HS', 0, 'SET_HS', 1, '2017-06-29 12:23:16', '2017-06-29 10:23:16'),
(26, 16, 'LP', 56, '', 1, '2017-06-29 12:24:18', '2017-06-29 11:16:08'),
(27, 16, 'UP', 57, 'TL_PHPqdsc', 1, '2017-06-29 12:24:30', '2017-07-03 08:54:17'),
(28, 15, 'HS', 0, 'MGM_HS', 1, '2017-06-29 14:41:37', '2017-06-29 12:41:37'),
(29, 15, 'LP', 0, 'SET_HS', 1, '2017-06-29 14:41:44', '2017-06-29 12:41:44'),
(30, 17, 'HS', 59, '', 1, '2017-06-30 11:21:44', '2017-06-30 09:23:42'),
(31, 18, 'HS', 130, 'SET_HS', 1, '2017-07-07 07:51:58', '2017-08-09 12:05:34'),
(32, 18, 'UP', 0, 'INS_UP', 1, '2017-07-07 07:52:05', '2017-07-07 05:52:05'),
(33, 19, 'HS', 0, 'VIT_HS', 1, '2017-07-12 11:05:08', '2017-07-12 09:05:08'),
(34, 20, 'HS', 79, '', 1, '2017-07-14 11:23:45', '2017-07-14 09:34:27'),
(35, 20, 'LP', 77, '', 1, '2017-07-14 11:24:10', '2017-07-14 09:34:21'),
(36, 20, 'UP', 78, 'FDE', 1, '2017-07-14 11:24:22', '2017-08-14 15:13:30'),
(37, 21, 'HS', 89, '', 1, '2017-07-14 12:11:50', '2017-07-14 10:14:30'),
(38, 22, 'Android', 94, '', 1, '2017-08-02 14:22:04', '2017-08-02 08:53:14'),
(39, 23, 'bdg', 96, '', 1, '2017-08-02 14:25:15', '2017-08-02 08:56:27'),
(40, 19, 'VFXD', 101, 'VIT_VFX', 1, '2017-08-03 10:21:46', '2017-09-07 15:02:17'),
(41, 24, 'HS', 122, '', 1, '2017-08-04 18:26:17', '2017-08-04 13:05:22'),
(42, 24, 'VFX', 0, 'VIT_HS', 1, '2017-08-04 18:26:28', '2017-08-04 12:56:28'),
(43, 25, 'HS', 125, '', 1, '2017-08-05 12:50:13', '2017-08-05 07:26:47'),
(44, 25, 'UP', 126, '', 1, '2017-08-05 12:50:22', '2017-08-05 07:26:51'),
(45, 21, 'VFX', 0, 'WET_VFX', 1, '2017-08-09 13:08:03', '2017-08-09 07:38:03'),
(46, 18, 'VFX', 0, 'WET_VFX', 1, '2017-08-09 13:08:45', '2017-08-09 07:38:45'),
(47, 14, 'VFX', 0, 'T_VFX', 1, '2017-08-09 18:22:00', '2017-08-09 12:52:00'),
(48, 26, 'VFX', 135, 'WERC_VFX', 1, '2017-08-09 18:23:15', '2017-08-14 08:52:19'),
(49, 15, 'LPp', 0, 'SET_H', 1, '2017-08-09 18:42:37', '2017-08-09 13:12:37'),
(50, 15, 'L', 0, 'SET_HS', 1, '2017-08-11 13:47:54', '2017-08-11 08:17:54'),
(51, 15, 'LP', 0, 'ss', 1, '2017-08-11 15:36:58', '2017-08-11 10:06:58'),
(52, 15, 'LP', 0, 'fth', 1, '2017-08-11 15:38:25', '2017-08-11 10:08:25'),
(53, 15, 'LP', 0, 'jj', 1, '2017-08-11 16:10:16', '2017-08-11 10:40:16'),
(54, 15, 'LP', 0, 'h', 1, '2017-08-11 16:14:06', '2017-08-11 10:44:06'),
(55, 27, 'HS', 0, '111', 1, '2017-08-12 16:54:29', '2017-08-12 11:24:29'),
(56, 26, 'RR', 0, 'RR989', 1, '2017-08-14 13:43:50', '2017-08-14 08:13:50'),
(57, 28, 'LP', 139, 'LP_101', 1, '2017-08-15 00:53:54', '2017-08-14 19:31:48'),
(58, 28, 'UP', 140, 'UP_101', 1, '2017-08-15 00:54:05', '2017-08-14 19:31:38'),
(59, 28, 'HS', 0, 'INS_LP', 1, '2017-08-18 17:59:42', '2017-08-18 12:29:42'),
(60, 27, 'LP', 0, 'LP_1002', 1, '2017-08-23 13:43:10', '2017-08-23 08:13:10'),
(61, 29, 'HS', 0, 'INS_UP', 1, '2017-08-28 13:32:00', '2017-08-28 08:02:00'),
(62, 30, 'HS', 0, '101', 1, '2017-08-28 16:17:42', '2017-08-28 10:47:42'),
(63, 31, 'HS', 0, '123', 1, '2017-08-28 18:41:58', '2017-08-28 13:11:58'),
(64, 31, '', 0, '', 1, '2017-08-28 19:45:28', '2017-08-28 14:15:28'),
(65, 31, '', 0, '', 1, '2017-08-28 19:45:37', '2017-08-28 14:15:37'),
(66, 31, '', 0, '', 1, '2017-08-28 19:46:24', '2017-08-28 14:16:24'),
(67, 31, '', 0, '', 1, '2017-08-28 19:46:43', '2017-08-28 14:16:43'),
(68, 31, 'df', 0, 'd', 1, '2017-08-28 19:48:23', '2017-08-28 14:18:23'),
(69, 31, 'fd', 0, 'fd', 1, '2017-08-28 19:49:45', '2017-08-28 14:19:45'),
(70, 31, 'gr', 0, 'rrr', 1, '2017-08-28 20:08:48', '2017-08-28 14:38:48'),
(71, 31, 'gr', 0, 'rrr', 1, '2017-08-28 20:09:15', '2017-08-28 14:39:15'),
(72, 31, 'bd', 0, 'bfd', 1, '2017-08-28 20:10:06', '2017-08-28 14:40:06'),
(73, 31, 'gg', 0, 'fd', 1, '2017-08-28 20:10:20', '2017-08-28 14:40:20'),
(74, 31, 'LP', 0, 'dd', 1, '2017-08-28 20:11:35', '2017-08-28 14:41:35'),
(75, 31, 'hjg', 0, 'hhh', 1, '2017-08-28 20:22:21', '2017-08-28 14:52:21'),
(76, 32, 'HS', 0, '1', 1, '2017-08-29 10:04:40', '2017-08-29 04:34:40'),
(77, 32, 'LP', 0, '2', 1, '2017-08-29 10:08:31', '2017-08-29 04:38:31'),
(78, 32, 'UP', 0, '3', 1, '2017-08-29 10:12:40', '2017-08-29 04:42:40'),
(79, 32, 'VFX', 0, '4', 1, '2017-08-29 10:13:05', '2017-08-29 04:43:05'),
(80, 33, 'HS', 0, '01', 1, '2017-08-31 18:40:01', '2017-08-31 13:10:01'),
(81, 33, 'LP', 0, '02', 1, '2017-08-31 18:42:05', '2017-08-31 13:12:05'),
(82, 34, 'HS', 196, '01', 1, '2017-08-31 19:07:22', '2017-09-12 06:01:13'),
(83, 34, 'LP', 249, '02', 1, '2017-08-31 19:10:06', '2017-09-12 06:01:04'),
(84, 34, 'UP', 250, '03', 1, '2017-08-31 19:14:43', '2017-09-12 06:00:50'),
(85, 35, 'HS', 270, '21', 1, '2017-09-01 11:38:58', '2017-10-05 08:36:19'),
(86, 35, 'LP', 314, '0201', 1, '2017-09-01 11:42:06', '2017-10-05 08:36:36'),
(87, 35, 'UP', 0, '232', 1, '2017-09-01 11:42:39', '2017-09-20 14:20:44'),
(88, 35, 'ghfghfgh', 0, 'fghfgh', 0, '2017-09-01 11:46:25', '2017-09-19 15:07:55'),
(89, 36, 'HSs', 212, '45', 1, '2017-09-01 11:47:06', '2017-09-12 05:56:41'),
(90, 37, 'LP', 0, '01', 1, '2017-09-05 18:07:53', '2017-09-05 12:40:30'),
(91, 37, 'HS', 0, '03', 1, '2017-09-05 18:14:14', '2017-09-05 12:50:16'),
(92, 37, 'UP', 0, '02', 1, '2017-09-05 18:19:37', '2017-09-05 12:49:37'),
(93, 37, 'HSE', 0, '201', 1, '2017-09-06 12:56:18', '2017-09-06 07:26:18'),
(94, 37, 'VFX', 241, '2012', 2, '2017-09-06 15:22:16', '2017-09-08 11:16:15'),
(95, 37, 'PHP', 0, '11', 1, '2017-09-06 15:25:03', '2017-09-06 09:55:03'),
(96, 37, 'jj', 0, 'dcsa', 1, '2017-09-06 15:29:53', '2017-09-06 09:59:53'),
(97, 37, 'Academics', 0, '20123', 1, '2017-09-06 15:36:00', '2017-09-06 10:06:00'),
(98, 37, 'Library', 0, 'q12', 1, '2017-09-06 15:36:52', '2017-09-06 10:06:52'),
(99, 37, 'Managment', 0, '111', 1, '2017-09-06 15:44:38', '2017-09-06 10:14:38'),
(100, 37, 'Electrical Maintence', 0, '43', 1, '2017-09-06 16:00:23', '2017-09-06 10:30:23'),
(101, 37, 'ANDROID', 0, '33', 1, '2017-09-06 16:19:45', '2017-09-06 10:49:45'),
(102, 37, 'JAVA', 0, '456', 1, '2017-09-06 16:21:18', '2017-09-06 10:51:18'),
(103, 37, 'Sports', 0, '87', 1, '2017-09-06 16:22:17', '2017-09-06 10:52:17'),
(104, 37, 'gfd', 0, 'dfg', 1, '2017-09-06 16:23:06', '2017-09-06 10:53:06'),
(105, 37, 'bgdfh', 0, 'bgfd', 1, '2017-09-06 16:23:59', '2017-09-06 10:53:59'),
(106, 37, 'bgdsb', 0, 'v', 1, '2017-09-06 16:26:25', '2017-09-06 10:56:25'),
(107, 37, 'etegwgg', 0, 'g', 1, '2017-09-06 16:27:48', '2017-09-06 10:57:48'),
(108, 37, 'jtyyfg', 0, 'njgfh', 1, '2017-09-06 16:36:02', '2017-09-06 11:06:02'),
(109, 37, 'jyftjfgj', 0, 'mhg', 1, '2017-09-06 17:58:16', '2017-09-06 12:28:16'),
(110, 38, 'Android', 227, '101', 1, '2017-09-07 13:25:50', '2017-09-07 14:40:54'),
(111, 39, 'HS', 234, '201', 1, '2017-09-07 20:38:18', '2017-09-07 16:22:42'),
(112, 39, 'LP', 0, '123', 1, '2017-09-07 20:58:13', '2017-09-07 15:28:13'),
(113, 39, 'UP', 0, '145', 1, '2017-09-07 20:58:48', '2017-09-07 15:28:48'),
(114, 39, 'VFX', 0, '1234', 1, '2017-09-07 21:05:50', '2017-09-07 15:35:50'),
(115, 39, 'Academics', 0, '1', 1, '2017-09-07 21:08:28', '2017-09-07 15:38:28'),
(116, 39, 'jj', 0, 'jkh', 1, '2017-09-07 21:22:33', '2017-09-07 15:52:33'),
(117, 40, 'HS', 235, '101', 1, '2017-09-07 21:41:51', '2017-09-08 05:47:43'),
(118, 40, 'LP', 236, '202', 1, '2017-09-08 11:18:38', '2017-09-08 06:01:18'),
(119, 37, 'rr', 0, 'ss', 1, '2017-09-08 16:16:42', '2017-09-08 10:46:42'),
(120, 37, 'qqq', 0, '11111', 1, '2017-09-08 16:18:40', '2017-09-08 10:48:40'),
(121, 36, 'LP', 247, '123', 1, '2017-09-08 19:37:05', '2017-09-12 05:50:42'),
(122, 36, 'UP', 248, '456', 1, '2017-09-08 19:39:53', '2017-09-12 05:49:52'),
(123, 41, 'HS', 254, '1', 1, '2017-09-12 11:32:48', '2017-09-12 06:09:32'),
(124, 41, 'LP', 253, '2', 1, '2017-09-12 11:32:52', '2017-09-12 06:09:20'),
(125, 42, 'HS', 257, '1', 1, '2017-09-12 12:06:41', '2017-09-12 06:43:44'),
(126, 42, 'LP', 258, '2', 1, '2017-09-12 12:06:52', '2017-09-12 06:42:56'),
(127, 43, 'HS', 266, '1', 1, '2017-09-12 12:30:51', '2017-09-17 05:58:32'),
(128, 44, 'HS', 0, '201', 1, '2017-09-25 10:27:39', '2017-09-25 04:57:39'),
(129, 44, 'LP', 0, '201', 1, '2017-09-25 10:27:47', '2017-09-25 04:57:47'),
(130, 45, 'HS', 299, '201', 1, '2017-09-25 12:31:18', '2017-09-25 08:49:25'),
(131, 45, 'LP', 0, '125', 0, '2017-09-25 14:16:29', '2017-09-25 08:49:09'),
(132, 46, 'Artifical inteligence and research department', 303, '101', 1, '2017-09-25 15:30:42', '2017-09-25 10:28:02'),
(133, 46, 'LP', 304, '201', 1, '2017-09-25 15:30:51', '2017-09-25 10:29:30'),
(134, 46, 'Computer Ecience and Engineering ', 0, '1234', 0, '2017-09-25 15:42:14', '2017-09-25 10:28:18'),
(135, 47, 'HS', 445, '01', 1, '2017-10-20 15:12:24', '2017-10-20 09:51:37'),
(136, 47, 'LP', 449, '102', 1, '2017-10-20 15:12:44', '2017-10-20 09:50:41'),
(137, 48, 'UP', 452, '101', 1, '2017-10-20 16:02:44', '2017-10-20 10:42:15'),
(138, 48, 'LP', 454, '102', 1, '2017-10-20 16:03:01', '2017-10-20 10:42:39');

-- --------------------------------------------------------

--
-- Table structure for table `department_escalation`
--

CREATE TABLE `department_escalation` (
  `id` int(11) NOT NULL,
  `department_id` int(11) NOT NULL,
  `severity_level_id` int(11) NOT NULL,
  `escalation_level_id` int(11) NOT NULL,
  `employee_id` varchar(255) DEFAULT NULL,
  `email_id` varchar(255) DEFAULT NULL,
  `escalation_days` int(11) NOT NULL,
  `bypass_flag` int(11) NOT NULL
) ENGINE=InnoDB DEFAULT CHARSET=latin1;

--
-- Dumping data for table `department_escalation`
--

INSERT INTO `department_escalation` (`id`, `department_id`, `severity_level_id`, `escalation_level_id`, `employee_id`, `email_id`, `escalation_days`, `bypass_flag`) VALUES
(4, 127, 3, 1, 'NIthin', 'nithin41@helpus.com', 2, 0),
(5, 127, 3, 1, 'External', 'external@helpus.com', 2, 0),
(6, 127, 2, 1, 'Manager 3 QWERTY', 'manager@qwerty.com', 2, 0),
(7, 127, 1, 1, 'NIthin', 'nithin41@helpus.com', 1, 0),
(8, 111, 3, 1, 'Nithbn', 'normal@normal.cpm', 1, 0),
(9, 111, 2, 1, 'NIthin', 'nithin41@helpus.com', 1, 0),
(10, 111, 1, 1, 'Ffff', 'ttt@tt.com', 1, 0),
(11, 41, 3, 1, 'GGG', 'nithin@kmct.com', 1, 0),
(12, 41, 2, 1, 'NIthin', 'nithin41@helpus.com', 1, 0),
(13, 41, 1, 1, 'hf  hn', 'ndh@fdj.dd', 1, 0);

-- --------------------------------------------------------

--
-- Table structure for table `employee`
--

CREATE TABLE `employee` (
  `id` int(11) NOT NULL,
  `user_id` int(11) NOT NULL,
  `f_name` varchar(255) NOT NULL,
  `m_name` varchar(255) NOT NULL,
  `l_name` varchar(255) NOT NULL,
  `email` varchar(255) NOT NULL,
  `primary_contact_no` varchar(255) NOT NULL,
  `secondary_contact_no` varchar(255) NOT NULL,
  `profile_pic` varchar(255) NOT NULL,
  `category_type` int(11) NOT NULL,
  `category_id` int(11) NOT NULL
) ENGINE=InnoDB DEFAULT CHARSET=latin1;

--
-- Dumping data for table `employee`
--

INSERT INTO `employee` (`id`, `user_id`, `f_name`, `m_name`, `l_name`, `email`, `primary_contact_no`, `secondary_contact_no`, `profile_pic`, `category_type`, `category_id`) VALUES
(1, 1, 'Athul', 'Mohan', 'C', 'superadmin', '9632587415', '7845121245', '', 0, 0),
(2, 2, 'Management ', '', 'Team', 'management', '8523698523', '8695325677', '', 2, 0),
(3, 3, 'Tijo', '', 'James', 'headmaster@hollyangles.in', '7412589632', '9517533214', '', 2, 0),
(4, 4, 'Dino', '', 'Baby', 'dino@hollyangles.com', '9632587412', '8521479632', '', 2, 0),
(5, 5, 'Amal', '', 'Thomas', 'amal@hollyangles.com', '9876543217', '7894561239', '', 2, 0),
(6, 6, 'Adwit', '', 'Prakash', 'adwit@hollyangles.com', '9636212454', '7894561238', '', 2, 0),
(7, 7, 'Afsal', '', 'KK', 'afsal@hollyangles.com', '9541237894', '9214568795', '', 2, 0),
(8, 8, 'Rahul', '', 'Kumar', 'rahul@hollyangles.com', '9853632147', '9632587412', '', 2, 0),
(9, 9, 'Vishnu', '', 'Prasad', 'vishnu@hollyangles.com', '7412589632', '9192989495', '', 2, 0),
(10, 10, 'Akhil', '', 'John', 'akhil@hollyangles.com', '8956231245', '8695325677', '', 2, 0),
(11, 11, 'Viswajith', '', 'Vinod', 'viswajith@hollyangles.com', '9856457812', '9854723568', '', 2, 0),
(12, 12, 'Athul', '', 'Raj', 'athul@hollyangles.com', '9856457812', '7894561238', '', 2, 0),
(13, 13, 'Jishnu', '', 'Prakash', 'jishnu@hollyangles.com', '9632587412', '7894561239', '', 2, 0),
(14, 14, 'Abin', '', 'John', 'abin@cet.com', '9856457812', '8695325677', '', 2, 0),
(15, 15, 'Adarsh', '', 'H', 'adarsh@cet.com', '9756891278', '8521479632', '', 0, 0),
(16, 16, 'Ajin', '', 'Joy', 'ajin@cet.com', '9632587412', '7894561238', '', 2, 0),
(17, 17, 'Arun', '', 'George', 'arun@cet.com', '8956232356', '9632587412', '', 2, 0),
(18, 18, 'Aswin ', '', 'Raj', 'aswin@cet.com', '9856457812', '8695325677', '', 2, 0),
(19, 19, 'Bonis', '', 'A', 'bonis@cet.com', '9541237894', '8695325677', '', 0, 0),
(20, 20, 'Dheeraj', '', 'S', 'dheeraj@cet.com', '9636212454', '8521479632', '', 2, 0),
(21, 21, 'George', '', 'G', 'george@cet.com', '9756891278', '7894561238', '', 2, 0),
(22, 22, 'Jibin', '', 'John', 'jibin@cet.com', '9632587412', '8521479632', '', 2, 0),
(23, 23, 'Hani', '', 'H', 'hani@cet.com', '9541237894', '8521479632', '', 2, 0),
(24, 24, 'Manu', '', 'Thomas', 'manu@cet.com', '9636212454', '8845123564', '', 2, 0),
(25, 30, 'Nithin', '', 'Benny', 'nithin@gmail.com', '9048405074', '8521479632', '', 2, 0),
(26, 31, 'Thomas', '', 'George', 'thomas@st.com', '8956232356', '8695325677', '', 2, 0),
(27, 34, 'Sojan', '', 'T', 'sojan@st.com', '9632587412', '9854723568', '', 2, 0),
(28, 35, 'Raseem', '', 'P', 'raseem@st.com', '9636212454', '9192989495', '', 2, 0),
(29, 36, 'Manoj', '', 'P', 'manoj@mes.com', '9756891278', '7894561239', '', 2, 0),
(30, 37, 'Rijo', '', 'Joseph', 'rijo@mes.com', '9756891278', '8521479632', '', 2, 0),
(31, 38, 'Sibi', '', 'Thomas', 'sibi@mes.com', '9632587412', '8695325677', '', 0, 0),
(32, 0, 'Benny', 'B', 'Bee', 'benny@rr.com', '9856457812', '7845122356', '', 2, 0),
(33, 57, 'Nithin', 'B', 'Bee', 'ddd@vjec.com', '9756891278', '8695325677', '', 2, 0),
(34, 92, 'M_POC', '', 'MGM', 'mpoc@mgm.com', '9632587412', '8695325677', '', 2, 0),
(35, 93, 'M_DEPT_Head_HS', '', 'MGM', 'mdepthead@mgm.com', '9856457812', '8695325677', '', 2, 0),
(36, 94, 'M_EMP_HS_1', '', 'MGM', 'memp1@mgm.com', '8956231245', '8695325677', '', 2, 0),
(37, 95, 'M_EMP_HS_2', '', 'MGM', 'memp2@gmail.com', '9856457812', '7845122356', '', 2, 0),
(38, 96, 'M_DEPT_Head_LP', '', 'MGM', 'mdeptheadlp@mgm.com', '9632587412', '8695325677', '', 2, 0),
(39, 97, 'M_EMP_LP_1', '', 'MGM', 'memp3@mgm.com', '9632587412', '8695325677', '', 2, 0),
(40, 98, 'M_EMP_LP_2', '', 'MGM', 'memp4@mgm.com', '9632587412', '8695325677', '', 2, 0),
(41, 99, 'Jamsheer', 'K', 'B', 'muhammedjamsheer007@gmail.com', '8956231245', '7845122356', '', 2, 0),
(42, 100, 'Jamsheer', 'George', 'G1', 'jjj@hj.jkj', '9632587412', '8956232356', '', 2, 0),
(43, 101, 'Jamsheer', 'C', 'Mohan', 'hgdf@gnb.gfg', '8956231245', '8521479632', '', 2, 0),
(44, 102, 'Jamsheer', 'C', 'Mohan', 'hgdf@gnb.gfg', '8956231245', '8521479632', '', 2, 0),
(45, 103, 'Jamsheer', 'A', 'G1', 'vbfdsg@gs.fg', '9541237894', '7845122356', '', 2, 0),
(46, 104, 'Hari', 'R', 'MohanEE', 'hatdft@kj.dshj', '8956231245', '7845122356', '', 0, 0),
(47, 105, 'Jamsheer', 'sdfdsf', 'G1', 'sgey@rg.dgf', '9856457812', '8695325677', '', 2, 0),
(48, 106, 'Jibin', 'dfsa', 'fds', 'ghdf@ftgh.jh', '9856457812', '7894561238', '', 2, 0),
(49, 107, 'Test', 'vf', 'nbgfd', 'bgdfsb@dhj.dfh', '8956231245', '8956232356', '', 2, 0),
(50, 108, 'POC', 'fs', 'dfb', 'bfg@gh.gh', '8956231245', '7894561238', '', 2, 0),
(51, 109, 'manager', 'rgd', 'nhd', 'ndsg@bgt.nfg', '9856457812', '8521479632', '', 2, 0),
(52, 110, 'Akash', 'Joy', 'James', 'akash@rit.com', '9636852574', '', '', 0, 0),
(53, 111, 'Deepak', '', 'Alex', 'deepak@rit.com', '9865322356', '', '', 0, 0),
(54, 112, 'Jamsheer', 'K', 'asd', 'fgdhs@rg.htr', 'asd', '8695325677', '', 2, 0),
(55, 113, 'Nithin ', '', 'Benny', 'nithin@set.com', '8956232356', '', '', 0, 0),
(56, 114, 'Raman', '', 'R', 'raman@set.com', '8956231245', '', '', 0, 0),
(57, 115, 'Safal', '', 'V', 'safal@set.com', '4512232356', '', '', 2, 0),
(58, 116, 'Manu', '', 'Thomas', 'manu@ins.com', '9856457812', '7845122356', '', 2, 0),
(59, 117, 'Frans', '', 'KP', 'frans@ins.com', '9856457812', '8521479632', '', 0, 0),
(60, 118, 'M1', '', 'MGM', 'fdgs@rgj.ftgj', '9856457812', '8521479632', '', 0, 0),
(61, 119, 'M1', '', 'MGM', 'fdgs@rgj.ftgj', '9856457812', '8521479632', '', 0, 0),
(62, 120, 'M1', '', 'MGM', 'fdgs@rgj.ftgj', '9856457812', '8521479632', '', 0, 0),
(63, 121, 'M1', '', 'MGM', 'fdgs@rgj.ftgj', '9856457812', '8521479632', '', 0, 0),
(64, 123, 'Jamsheer', 'George', 'asd', 'vgtrwgre@rgr.gtreg', 'asd', '8521479632', '', 2, 0),
(65, 124, 'Frans', 'K', 'G1', 'frans@vit.com', '9856457812', '8956232356', '', 0, 0),
(66, 125, 'asdsa', 'asdsad', 'MGM', 'ghhgf@ghf.ghs', '9856457812', '', '', 2, 0),
(67, 126, 'dsfdsf', 'asd', 'asdfsad', 'vfadsg@gbh.dfg', '9856457812', '', '', 2, 0),
(68, 127, 'M1', 'George', 'asd', 'sac@fg.fg', '9856457812', '', '', 2, 0),
(69, 128, 'qqqqqq', 're', 'fgdf', 'qqq@hdh.dsh', '9856457812', '8521479632', '', 2, 0),
(70, 129, 'Tani', '', 'M', 'tani@eee.com', '9856457812', '', '', 2, 0),
(71, 130, 'Fani', '', 'K', 'fani@hhh.com', '9856457812', '', '', 2, 0),
(72, 131, 'Hani', '', 'G', 'hani@cet.com', '9856457812', '', '', 0, 0),
(73, 132, 'Mani', 'asd', 'asd', 'ghfh@hjf.hjg', '9632587412', '', '', 2, 0),
(74, 133, 'Mani', 'K', 'P', 'mani@tt.com', '9856457812', '8695325677', '', 0, 0),
(75, 134, 'rse', 'gse', 'gdfs', 'dfsbg@trh.trh', '9856457812', '', '', 0, 0),
(76, 136, 'poc', '', 'met', 'poc@met.com', '9856457812', '8521479632', '', 2, 0),
(77, 137, 'dep_head_lp', '', 'met', 'deptheadlp@met.com', '9756891278', '9632587412', '', 0, 0),
(78, 138, 'dep_head_up', '', 'met', 'deptheadup@met.com', '9636212454', '8956232356', '', 2, 0),
(79, 139, 'dep_head_hs', '', 'met', 'deptheadhs@met.com', '9856457812', '8521479632', '', 2, 0),
(80, 140, 'dep_head_manager', '', 'met', 'deptheadmanager@met.com', '9856457812', '8521479632', '', 2, 0),
(81, 141, 'dep_emp_hs1', '', 'met', 'deptemphs1@gmail.com', '9856457812', '8521479632', '', 2, 0),
(82, 142, 'dep_emp_hs2', '', 'met', 'deptemphs2@gmail.com', '9856457812', '8521479632', '', 2, 0),
(83, 143, 'dep_emp_lp1', '', 'met', 'deptemplp1@gmail.com', '9856457812', '8695325677', '', 2, 0),
(84, 144, 'dep_emp_lp2', '', 'met', 'deptemplp2@gmail.com', '9856457812', '8521479632', '', 0, 0),
(85, 145, 'dep_emp_up1', '', 'met', 'deptempup1@gmail.com', '9856457812', '8695325677', '', 0, 0),
(86, 146, 'dep_emp_up2', '', 'met', 'deptempup2@gmail.com', '9856457812', '8695325677', '', 0, 0),
(87, 147, 'poc', '', 'wet', 'poc@wet.com', '8956231245', '8695325677', '', 0, 0),
(88, 148, 'manager', '', 'wet', 'mamager@wet.com', '9856457812', '8956232356', '', 0, 0),
(89, 149, 'dephead', '', 'wet', 'depthead@wet.com', '8956232356', '9854723568', 'aa78ac517ffb1770e91563421b7afec01500189337.jpg', 0, 0),
(90, 150, 'emp', '', 'wet', 'emp@wet.com', '7412589632', '8956232357', '', 0, 0),
(91, 226, 'rgaw', 'bdfs', 'bfd', 'bfdsd@gbh.jfhj', '9856457812', '8521479632', '', 0, 0),
(92, 227, 'Nithin', '', 'Benny', 'fdsg@grd.tn', '9048405074', '+919048405074', '', 2, 0),
(93, 228, 'bd', '', 'bfd', 'bdfdfb@h.fng', '9048405074', '+919048405074', '', 2, 0),
(94, 229, 'bfdb', '', 'bgdxb', 'bfdb@gfmgf.gfhj', '9048405074', '+919048405074', '', 2, 0),
(95, 230, 'nbgfdnh', '', 'ndfgn', 'nfghd@fg.tg', '9048405074', '+919048405074', '', 2, 0),
(96, 231, 'ngfdn', '', 'ngfn', 'nbgfdn@gndf.dht', '9048405074', '+919048405074', '', 2, 0),
(97, 232, 'ghdfcghdc', '', 'hfghjghkjg', 'hkjghkj@yg.kf', '9048405074', '+919048405074', '', 2, 0),
(98, 233, 'vfg', '', 'fbd', 'bghtdrsh@fbgt.bhds', '9048405074', '+919048405074', '', 0, 0),
(99, 234, 'vbgfsde', '', 'bdf', 'fdsbhg@dfsh.ghd', '9048405074', '+919048405074', '', 2, 0),
(100, 235, 'nbgfd', '', 'bgf', 'gdfr@gdtsh.tyhjnb', '9048405074', '+919048405074', '', 2, 0),
(101, 236, 'ttt', '', 'df', 'fdsbgbfd@dgfrj.htgdr', '9856457812', '8521479632', '', 2, 0),
(102, 238, 'vfs', '', 'sd', 'bgfdfdg@dfgh.jh', '9856457812', '9321457896', '', 2, 0),
(103, 239, 'ffvd', '', 'bbfd', 'bdfbsdv@dfbg.fgn', '9856457812', '8521479632', '', 2, 0),
(104, 240, 'fgh', '', 'hg', 'dfghh@tseh.tyj', '9856457812', '8521479632', '', 2, 0),
(105, 241, 'tes', '', 'nd', 'dgh@ffj.hh', '9856457812', '8695325677', '', 2, 0),
(106, 242, 'sdv', 'sd', 'dsv', 'vdsv@fsdg.dfmy', '9856457812', '', '', 2, 0),
(107, 243, 'sdr', '', 'gfds', 'gfdsgh@tyftyj.ht', '9856457812', '8695325677', '', 2, 0),
(108, 244, 'dtghj', '', 'hfrh', 'htrhtsr@ghcj.gf', '9856457812', '', '', 2, 0),
(109, 245, 'bg', '', 'bhgfh', 'ngfjhnfd@thh.ndyjtg', '9856457812', '8695325677', '', 2, 0),
(110, 246, 'bfd', '', 'bfd', 'bvgxfndx@dh.jdj', '9856457812', '', '', 2, 0),
(111, 247, 'gdfr', '', 'bsd', 'bhsfgh@tsh.htsr', '9632587412', '8695325677', '', 2, 0),
(112, 248, 'bfndf', '', 'bgfn', 'nfbgmf@knfg.dbs', '9856457812', '', '', 2, 0),
(113, 249, 'khj', 'kjg', 'mgkhjk', 'mfgtk@fgj.htd', '9856457812', '8521479632', '', 2, 0),
(114, 250, 'jfy', '', 'fg', 'nfgfg@trdh.trh', '9856457812', '7845122356', '', 2, 0),
(115, 251, 'vfd', 'fdg', 'bgfdgh', 'dh@dgh.rdye', '9856457812', '8521479632', '', 2, 0),
(116, 252, 'htgdf', 'hgd', 'hd', 'hgdrh@fdgj.yjdr', '9856457812', '8521479632', '', 2, 0),
(117, 253, 'ngf', 'fgh', 'fghj', 'htfrdhjds@dsrhj.dfxgh', '9856457812', '8695325677', '', 2, 0),
(118, 254, 'fh', 'grs', 'fdsg', 'hfjt@rg.dt', '9856457812', '', '', 2, 0),
(119, 255, 'gdrygj', 'fg', 'jfg', 'gfxh@th.fthj', '9856457812', '8521479632', '', 2, 0),
(120, 256, 'dtghj', 'th', 'gtdsegh', 'thse@fyj.trh', '9856457812', '8521479632', '', 2, 0),
(121, 257, 'fds', '', 'bdf', 'bfd@fvr.ff', '8956231245', '8521479632', '', 2, 0),
(122, 258, 'hf', '', 'hn', 'ndh@fdj.dd', '8956231245', '8521479632', '', 2, 0),
(123, 259, 'POC', '', 'GHS', 'poc@ghs.com', '9856457812', '7845122356', '', 2, 0),
(124, 260, 'Manager', '', 'GHS', 'manager@ghs.com', '9856457812', '8521479632', '', 2, 0),
(125, 261, 'Dept_Head_HS', '', 'GHS', 'deptheadhs@ghs.com', '9856457812', '8521479632', '', 2, 0),
(126, 262, 'Dept_Head_UP', '', 'GHS', 'deptheadup@ghs.com', '9856457812', '8521479632', '', 2, 0),
(127, 263, 'Emp_HS_1', '', 'GHS', 'emphs1@ghs.com', '9856457812', '8956232356', '', 2, 0),
(128, 264, 'Emp_UP_1', '', 'GHS', 'empup@ghs.com', '9856457812', '8695325677', '', 2, 0),
(129, 273, 'bdg', '', 'hfd', 'bhdf@fh.hjr', '9856457812', '8521479632', '', 0, 0),
(130, 274, 'nmghj', 'mhg', 'mhg', 'hmgm@ydj.nfghj', '9856457812', '8695325677', '', 2, 0),
(131, 275, 'svdf', 'vsd', 'sv', 'vds@dfh.hdf', '9856457812', '8521479632', '', 2, 0),
(132, 276, 'ngyhmj', '', 'mgh', 'hfg@dsfh.fruj', '8956231245', '8521479632', '', 2, 0),
(133, 277, 'vdfs', '', 'bd', 'bfd@hj.fg', '9632587412', '7845122356', '', 2, 0),
(134, 278, 'ngh', '', 'nfgh', 'nhf@fghj.fgnhj', '8956231245', '', '', 2, 0),
(135, 279, 'fg', '', 'nfg', 'bc@bgj.fgj', '9632587412', '8521479632', '', 0, 0),
(136, 280, 'GRE', '', 'RR', 'frgg@rgj.jfj', '9856457812', '8521479632', '', 2, 0),
(137, 281, 'POC', '', 'CMI', 'poc@cmi.com', '9656235689', '9632587412', '', 2, 0),
(138, 282, 'Manager', '', 'CMI', 'manager@cmi.com', '9656235689', '9632587412', '', 2, 0),
(139, 283, 'Department Head', '', 'CMI', 'deptlp@cmi.com', '9656235689', '9632587412', '', 2, 0),
(140, 284, 'Department Head', '', 'CMI', 'deptup@cmi.com', '9656235689', '9632587412', '', 2, 0),
(141, 285, 'Employee LP', '', 'CMI', 'emplp@cmi.com', '9656235689', '9632587412', '', 2, 0),
(142, 286, 'Employee UP', '', 'CMI', 'empup@cmi.com', '9656235689', '9632587412', '', 2, 0),
(143, 287, 'Mani', 'f', 'A', 'ajbg@kjk.cdk', '9856457812', '8521479632', '', 2, 0),
(144, 288, 'Jamsheer', 'gf', 'MGM', 'ghf@thj.hg', '8956231245', '7845122356', '', 2, 0),
(145, 289, 'bg', 'gf', 'gnfdn', 'ngf@raf.fik', '9856457812', '8521479632', '', 2, 0),
(146, 293, 'ds', 'bgdf', 'df', 'bgfd@kjh.fhf', '9856457812', '', '', 2, 0),
(147, 294, 'hdfg', 'hsd', 'bhd', 'bgdf@hdf.jdf', '9856457812', '', '', 2, 0),
(148, 295, 'asf', '', 'vf', 'vfd@dfgh.ggg', '9856457812', '', '', 2, 0),
(149, 296, 'vfdfg', 'dfg', 'gdf', 'gfd@thr.fg', '8956231245', '8521479632', '', 2, 0),
(150, 297, 'Sas', 'D', 'DD', '', '8956231245', '', '', 2, 0),
(151, 298, 'Sas', 'D', 'DD', '', '8956231245', '', '', 2, 0),
(152, 299, 'Sas', 'D', 'DD', '', '8956231245', '', '', 2, 0),
(153, 300, 'Sas', 'D', 'DD', '', '8956231245', '', '', 2, 0),
(154, 301, 'Sas', 'D', 'DD', '', '8956231245', '', '', 2, 0),
(155, 302, 'Sas', 'D', 'DD', '', '8956231245', '', '', 2, 0),
(156, 303, 'Sas', 'D', 'DD', '', '8956231245', '', '', 2, 0),
(157, 304, 'Sas', 'D', 'DD', '', '8956231245', '', '', 2, 0),
(158, 305, 'Sas', 'D', 'DD', '', '8956231245', '', '', 2, 0),
(159, 306, 'Sas', 'D', 'DD', '', '8956231245', '', '', 2, 0),
(160, 307, 'Sas', 'D', 'DD', '', '8956231245', '', '', 2, 0),
(161, 308, 'Sas', 'D', 'DD', '', '8956231245', '', '', 2, 0),
(162, 309, 'fd', 'bfd', 'met', 'bfb@gg.jj', '9856457812', '', '', 2, 0),
(163, 310, 'dfsgh', 'sfg', 'sdfdfs', 'gfs@dsg.gg', '9856457812', '', '', 2, 0),
(164, 311, 'vds', 'gse', 'd', 'gdsf@gg.vv', '9856457812', '8521479632', '', 2, 0),
(165, 312, 'uuu', 'y', 'h', 'jh@jh.hh', '9856457812', '8521479632', '', 2, 0),
(166, 313, 'fff', 'f', 'f', 'ffff@gg.gg', '8956231245', '', '', 2, 0),
(167, 314, 'Www', 'tg', 'gg', 'sd@ffg.hjg', '8956231245', '8521479632', '', 2, 0),
(168, 315, 'df', 'f', 'dfb', 'bfdd@dfhg.fum', '9856457812', '', '', 2, 0),
(169, 316, 'cds', 'c', 'cd', 'sdvc@fw.gg', '9856457812', '8521479632', '', 2, 0),
(170, 317, 'gh', 'fvbgd', 'gfd', 'fdgd@ggr.rgg', '9632587412', '', '', 2, 0),
(171, 318, 'vds', 'af', 'vd', 'huj@jkb.ssns', '9856457812', '', '', 2, 0),
(172, 319, 'hfg', 'gdf', 'ngf', 'ngfd@kjhkv.bdb', '9856457812', '', '', 2, 0),
(173, 320, 'Jamsheer', '', 'K', 'jamdgsgh@bkj.gh', '9856457812', '8521479632', '', 2, 0),
(174, 321, 'fgfdsg', '', 'gfsdg', 'gdsfg@dgz.dtrg', '9856457812', '8521479632', '', 2, 0),
(175, 322, 'ghd', 'fhd', 'nbbg', 'hd@grz.dth', '8956231245', '8695325677', '', 2, 0),
(176, 323, 'htg', ' vbc', 'f', 'ncg@jhgf.fs', '9856457812', '', '', 2, 0),
(177, 324, 'vbfd', 'bdfs', 'bngf', 'bfd@ghdf.gh', '9856457812', '8521479632', '', 2, 0),
(178, 325, 'aaa', 'dd', 'vv', 'ghv@hjg.hdh', '9856457812', '', '', 2, 0),
(179, 326, 'ffs', 'fds', 'fsd', 'fdgs@gsg.dfg', '9856457812', '', '', 2, 0),
(180, 327, 'kjb', 'kjhbg', 'kjb', 'kjbkj@kjb.snh', '9856457812', '8521479632', '', 2, 0),
(181, 328, 'fgdfgh', 'hdfh', 'hdf', 'hfdh@fjj.dd', '9856457812', '8521479632', '', 2, 0),
(182, 329, 'vs', 'fdd', 'vds', 'hd@gdd.hd', '9856457812', '', '', 2, 0),
(183, 330, 'Arun', '', 'PP', 'arun@sas.com', '9756891278', '8695325677', '', 2, 0),
(184, 331, 'POC', '', 'SAS', 'poc@sas.com', '9656863630', '8956235623', '', 2, 0),
(185, 332, 'Department Head', '', 'SAS', 'dept@sas.com', '9656863630', '8956235623', '', 2, 0),
(186, 333, 'Employee', '', 'SAS', 'emp@sas.com', '9656863630', '8956235623', '', 2, 0),
(187, 334, 'POC', 'd', 'SAS', 'poc@sas.com', '9656863630', '8956235623', '', 2, 32),
(188, 335, 'POC', 'a', 'SAS', 'poc@sas.com', '9656863630', '8956235623', '', 2, 32),
(189, 336, 'Department Head', 'b', 'SAS', 'dept@sas.com', '9656863630', '8956235623', '', 2, 32),
(190, 337, 'Employee', 'c', 'SAS', 'emp@sas.com', '9656863630', '8956235623', '', 2, 32),
(191, 338, 'POC', 'f', 'SAS', 'poc@sas.com', '9656863630', '8956235623', '', 2, 32),
(192, 339, 'Department Head', 'd', 'SAS', 'dept@sas.com', '9656863630', '8956235623', '', 2, 32),
(193, 340, 'Employee', 'd', 'SAS', 'emp@sas.com', '9656863630', '8956235623', '', 2, 32),
(194, 341, 'Nithin', '', 'K', 'nithin44@sas.com', '9856457812', '8521479632', '', 2, 32),
(195, 342, 'Albin', '', 'K', 'albin@mss.com', '9856457812', '8521479632', '', 2, 31),
(196, 343, 'Dot', '', 'FF', 'dot@lol.com', '9856457812', '8521479632', '', 2, 0),
(197, 344, 'Dot2', '', 'FF', 'dot2@lol.com', '9856457812', '8521479632', '', 2, 0),
(198, 345, 'POC', 'g', 'SAS', 'poc@sas.com', '9656863630', '8956235623', '', 2, 32),
(199, 346, 'Department Head', 'f', 'SAS', 'dept@sas.com', '9656863630', '8956235623', '', 2, 32),
(200, 347, 'Employee', 'd', 'SAS', 'emp@sas.com', '9656863630', '8956235623', '', 2, 32),
(201, 348, 'Athul', '', 'M', 'athul@fisat.com', '9856457812', '8521479632', '', 0, 0),
(202, 349, 'poc', '', 'kims', 'poc@kims.com', '9856457812', '8521479632', '', 2, 0),
(203, 350, 'Manager', '', 'KIMS', 'manager@kmis.com', '9856457812', '8521479632', '', 2, 0),
(204, 351, 'POC', '', 'SAS', 'poc@sas.com', '9656863630', '8956235623', '', 2, 32),
(205, 352, 'Department Head', '', 'SAS', 'dept@sas.com', '9656863630', '8956235623', '', 2, 32),
(206, 353, 'Employee', '', 'SAS', 'emp@sas.com', '9656863630', '8956235623', '', 2, 32),
(207, 357, 'Department ', '', 'Head', 'dept@kims.com', '9656863696', '', '', 2, 36),
(208, 358, 'Employee', '', '1', 'emp1@kims.com', '9656863696', '', '', 2, 36),
(209, 359, 'Employee', '', '2', 'emp2@kims.com', '9656863696', '', '', 2, 36),
(210, 360, 'Employee', '', '3', 'emp3@kims.com', '9656863696', '', '', 2, 36),
(211, 361, 'Employee', '', '4', 'emp4@kims.com', '9656863696', '', '', 2, 36),
(212, 362, 'Employee', '', '5', 'emp4@kims.com', '9656863696', '', '', 2, 36),
(213, 363, 'Employee', '', '3', 'emp3@kims.com', '9656863696', '', '', 2, 36),
(214, 364, 'Employee', '', '4', 'emp4@kims.com', '9656863696', '', '', 2, 36),
(215, 365, 'Employee', '', '5', 'emp4@kims.com', '9656863696', '', '', 2, 36),
(216, 366, 'Employee', '', '3', 'emp3@kims.com', '9656863696', '', '', 2, 36),
(217, 367, 'Employee', '', '4', 'emp4@kims.com', '9656863696', '', '', 2, 36),
(218, 368, 'Employee', '', '5', 'emp4@kims.com', '9656863696', '', '', 2, 36),
(219, 369, 'Employee', '', '3', 'emp3@kims.com', '9656863696', '', '', 2, 36),
(220, 370, 'Employee', '', '4', 'emp4@kims.com', '9656863696', '', '', 2, 36),
(221, 371, 'Employee', '', '5', 'emp4@kims.com', '9656863696', '', '', 2, 36),
(222, 372, 'Employee', '', '3', 'emp3@kims.com', '9656863696', '', '', 2, 36),
(223, 373, 'Employee', '', '4', 'emp4@kims.com', '9656863696', '', '', 2, 36),
(224, 374, 'Employee', '', '5', 'emp4@kims.com', '9656863696', '', '', 2, 36),
(225, 375, 'POC', '', 'H', 'nithin@kj.ds', '8956231245', '8521479632', '', 0, 0),
(226, 376, 'Mani', '', 'ngfr', 'nfgnhj@hng.nfg', '9856457812', '8521479632', '', 2, 0),
(227, 377, 'Nithin', '', 'Benny', 'nithin@awh.com', '9856457812', '8521479632', '', 2, 0),
(228, 378, 'Dino', '', 'Baby', 'dino@awh.com', '8956231245', '8695325677', '', 2, 0),
(229, 379, 'Amal', '', 'Thomas', 'amal@awh.com', '9756891278', '7894561238', '', 2, 0),
(230, 380, 'Amal', '', 'Thomas', 'amal@kmct.com', '9856457812', '8521479632', 'media1505890139.jpg', 2, 0),
(231, 381, 'Dino', '', 'B', 'dino@kmct.com', '9856457812', '8521479632', '', 2, 0),
(232, 382, 'jhg', 'hjg', 'hjg', 'fghf@hhg.ug', '9856457812', '', '', 2, 0),
(233, 383, 'gsf', '', 'fgb', 'bfbg@gnb.gf', '8956231245', '7845122356', '', 2, 0),
(234, 384, 'hdfgh', '', 'gfr', 'bfdnb@yfj.uk', '9856457812', '8695325677', '', 2, 0),
(235, 385, 'Nithin', '', 'Benny', 'nithin@kmct.com', '8956231245', '8695325677', '', 2, 0),
(236, 386, 'Lijin', '', 'Joseph', 'lijin@kmct.com', '8956231245', '8695325677', '', 2, 0),
(237, 387, 'Vishnu', '', 'P', 'vishnu@kmct.com', '9856457812', '8521479632', '', 2, 0),
(238, 388, 'Akhil', '', 'John', 'akhil@kmct.com', '9856457812', '7845122356', '', 2, 0),
(239, 389, 'Athul', '', 'Raj', 'athul@kmct.com', '8956231245', '8695325677', '', 2, 0),
(240, 390, 'Ashwin', '', 'B', 'ashwin@kmct.com', '9856457812', '8521479632', '', 2, 0),
(241, 392, 'Gw', 'j', 'jh', 'ggey@jh.dd', '8956231245', '8695325677', '', 2, 0),
(242, 393, 'bh', '', 'bf', 'bdfb@ddh.hg', '8956231245', '8521479632', '', 2, 0),
(243, 394, 'grde', '', 'df', 'ghrg@hgd.hh', '8956231245', '8521479632', '', 2, 0),
(244, 395, 'ghfh', '', 'hjghj', 'ghfcgh@hjg.ghf', '9856457812', '', '', 2, 0),
(245, 396, 'bgdfbh', 'bfd', 'bfd', 'bgd@htf.ht', '9856457812', '8695325677', '', 2, 0),
(246, 397, 'fvbds', 'bf', 'bfd', 'bfdsb@bgdr.jfj', '9856457812', '8521479632', '', 2, 0),
(247, 401, 'fdsg', '', 'gsf', 'gfsg@gfrdg.hd', '8956231245', '8695325677', '', 2, 0),
(248, 402, 'dfbgh', '', 'hdh', 'dfghd@thd.hdf', '9856457812', '', '', 2, 0),
(249, 403, 'jhfgj', '', 'bg', 'bgdffh@hfd.frhj', '8956231245', '', '', 2, 0),
(250, 404, 'bghfh', '', 'fgh', 'nfbgnh@hfr.fbh', '8956231245', '8695325677', '', 2, 0),
(251, 405, 'poc', '', 'hdfc', 'poc@hdfc.com', '9856457812', '', '', 2, 0),
(252, 406, 'manager', '', 'hdfc', 'manager@hdfc.com', '8956231245', '', '', 2, 0),
(253, 407, 'dephead', '', 'lp', 'deptlp@hdfc.com', '9632587412', '8695325677', '', 2, 0),
(254, 408, 'dephead', '', 'hs', 'depths@hdfc.com', '9632587412', '', '', 2, 0),
(255, 409, 'POC', '', 'KFC', 'poc@kfc.com', '9856457812', '', '', 2, 0),
(256, 410, 'Manager', '', 'KFC', 'manager@kfc.com', '8956231245', '', '', 2, 0),
(257, 411, 'Department Head HS', '', 'KFC', 'depths@kfc.com', '9541237894', '', '', 2, 0),
(258, 412, 'Department Head LP', '', 'KFC', 'deptlp@kfc.com', '8956231245', '', '', 2, 0),
(259, 416, 'POC', '1', 'GVHSS', 'poc@gvhss.com', '9856235689', '9652368563', '', 2, 37),
(260, 417, 'Department', 'Head', 'GVHSS', 'dept@gvhss.com', '9652368563', '8956235689', '', 2, 37),
(261, 418, 'Employee', 'a', 'GVHSS', 'emp1@gvhss.com', '8956235689', '9856235689', '', 2, 37),
(262, 419, 'Employee', 'b', 'GVHSS', 'emp2@gvhss.com', '9592969397', '9652368563', '', 2, 37),
(263, 420, 'Employee', 'c', 'GVHSS', 'emp3@guhss.com', '7085624789', '8956235689', '', 2, 37),
(264, 421, 'POC', '2', 'QWERTY', 'poc@qwerty.com', '9632587412', '9632587412', '', 0, 43),
(265, 422, 'Manager', '3', 'QWERTY', 'manager@qwerty.com', '9876543214', '9852367412', '', 2, 43),
(266, 423, 'Department Head', '3', 'QWERTY', 'depthdhs@qwerty.com', '9876543212', '9517538529', '', 2, 43),
(267, 430, 'Ramjith', '', 'Kadannapally', 'ram@kmct.com', '8956231245', '8521479632', '', 2, 40),
(268, 431, 'DDDD', '', 'Fhdh', 'jhfj@fgj.gd', '9856457812', '8521479632', '', 0, 0),
(269, 432, 'POC', 'E', 'FISAT', 'poc@fisat.com', '9638527412', '9876543214', '', 0, 35),
(270, 433, 'Dep Head', 'T', 'FIST', 'nithin@kmct.com', '9876543214', '9638527412', '', 2, 35),
(271, 434, 'Dep Emp', 'G', 'FISAT', 'emp@fisat.com', '9638527412', '9876543214', '', 0, 35),
(272, 435, 'Dep Emp1', 'TT', 'FISAT', 'emp11@fisat.com', '9638527666', '9876543214', '', 0, 35),
(273, 436, 'Hal', '', 'JJ', 'hal@kmct.com', '9856457812', '8695325677', '', 2, 0),
(274, 437, 'Jam', '', 'JJH', 'jam@kmct.com', '9856457812', '8695325677', '', 0, 0),
(275, 438, 'Tom', '', 'T', 'tom@kmct.com', '9856457812', '8695325677', '', 0, 0),
(276, 0, 'YY', '', 'T', 'yy@wet.com', '8956231245', '8521479632', '', 2, 0),
(277, 439, 'YY', '', 'T', 'yy@wet.com', '8956231245', '8521479632', '', 0, 0),
(278, 440, 'RR', '', 'T', 'rr@wet.com', '9632587412', '8695325677', '', 0, 0),
(279, 441, 'GRT', '', 'gr', 'grt@wet.com', '9856457812', '7845122356', '', 0, 0),
(280, 442, 'bhd', '', 'ngfd', 'ngf@rga.hth', '9632587412', '8521479677', '', 0, 0),
(281, 0, 'Nithin ', '', 'DD', 'nith@ggg.com', '9856457812', '8521479632', '', 2, 0),
(282, 0, 'Nithin ', '', 'DD', 'nith@ggg.com', '9856457812', '8521479632', '', 2, 0),
(283, 443, 'Nithin ', '', 'DD', 'nith@ggg.com', '9856457812', '8521479632', '', 0, 0),
(284, 444, 'gfd', '', 'gfd', 'gfdsg@grdfsg.hh', '9856457812', '8521479632', '', 2, 0),
(285, 445, 'fsdfs', 'fsdfs', 'fsdfsd', 'aa@aa.ab', '1234567890', '', '', 2, 0),
(286, 446, 'gfdfg', 'gdfgd', 'dfgd', 'aa@aa.ac', '1234567890', '', '', 2, 0),
(287, 447, 'gfdfg', 'gdfgd', 'dfgd', 'aa@aa.ac', '1234567890', '', '', 2, 0),
(288, 448, 'fsdfsdf', 'fsdfsd', 'fsdfs', 'aa@aa.ad', '1234567890', '', '', 2, 0),
(289, 449, 'asas', 'assa', 'assa', 'aa@aa.ae', '1234567890', '', '', 2, 0),
(290, 450, 'aaaaaa', 'r', 'a', 'aaaa@aa.aa', '9874563214', '9632587412', '', 2, 35),
(291, 451, 'bbbb', 'r', 'bs', 'bbb@bb.bb', '9874563215', '9632587415', '', 0, 35),
(292, 452, 'aaa', '', 'tata', 'aaa@tata.com', '9632587412', '8695325677', '', 2, 0),
(293, 453, 'bbb', '', 'tata', 'bbb@tata.com', '9856457812', '8521479632', '', 2, 0),
(294, 454, 'ccc', '', 'tata', 'ccc@tata.com', '1234567890', '8956232356', '', 2, 0),
(295, 455, 'ddd', '', 'tata', 'ddd@tata.com', '9632587412', '8956232356', '', 2, 0),
(296, 456, 'eee', '', 'tata', 'eee@tata.com', '9856457812', '8956232356', '', 2, 0),
(297, 457, 'POC', '', 'LXIqw', 'poc@lxi.com', '9756891278', '8695325677', '', 0, 0),
(298, 458, 'Manger', '', 'LXI', 'manager@lxi.com', '9632587412', '7845122356', '', 0, 0),
(299, 459, 'Dept_Head_HS', '', 'TATA', 'emphsd@tata.com', '9756891278', '8956232356', '', 2, 0),
(300, 460, 'Dept_Emp_hs', '', 'TATA', 'emphs1@tata.com', '9632587412', '8695325677', '', 2, 0),
(301, 461, 'POC', '', 'vkc', 'poc@vkc.com', '9632587412', '9854723568', '', 2, 0),
(302, 462, 'Manager', '', 'vkc', 'manager@vkc.com', '9756891278', '9632587412', '', 2, 0),
(303, 463, 'Dept_hd_Emp_AI', '', 'vkc', 'depthdai@vkc.com', '9856457812', '8956232356', '', 2, 0),
(304, 464, 'Dept_hd_Emp_ls', '', 'vkc', 'depthdlp@vkc.com', '9856457812', '8956232356', '', 0, 0),
(305, 465, 'Poc', 'R', 'FIST', 'poc@fisat.com', '9632587412', '9874563215', '', 2, 35),
(306, 466, 'Manger', 'N', 'FIST', 'nithin@kmct.com', '9517538975', '9632587415', '', 2, 35),
(307, 467, 'Emp2', 'T', 'FIST', 'emp@fisat.com', '9632587412', '9874563215', '', 2, 35),
(308, 468, 'Emp3', 'G', 'FIST', 'nithin@kmct.com', '9517538975', '9632587415', '', 2, 35),
(309, 469, 'Emp4', 'T', 'FIST', 'emp4@kmct.com', '9632587412', '9874563215', '', 2, 35),
(310, 470, 'Emp5', 'G', 'FIST', 'emp4@kmct.com', '9517538975', '9632587415', '', 2, 35),
(311, 0, 'Emp4', 'T', 'FIST', 'emp4@kmct.com', '9632587412', '9874563215', '', 2, 35),
(312, 0, 'Emp4', 'T', 'FIST', 'emp4@kmct.com', '9632587412', '9874563215', '', 2, 35),
(313, 0, 'Emp4', 'T', 'FIST', 'emp4@kmct.com', '9632587412', '9874563215', '', 2, 35),
(314, 471, 'Emp6', 'T', 'FIST', 'emp6@kmct.com', '9632587412', '9874563215', '', 2, 35),
(315, 472, 'Emp6', 'T', 'FIST', 'emp6@kmct.com', '9632587412', '9874563215', '', 2, 35),
(316, 473, 'Emp6', 'T', 'FIST', 'emp6@kmct.com', '9632587412', '9874563215', '', 2, 35),
(317, 474, 'Emp6', 'T', 'FIST', 'emp6@kmct.com', '9632587412', '9874563215', '', 2, 35),
(318, 475, 'Emp7', 'G', 'FIST', 'emp7@kmct.com', '9517538975', '9632587415', '', 2, 35),
(319, 476, 'Employee 1', '', 'FISAT', 'emp8@fisat.com', '9632587412', '', '', 2, 35),
(320, 477, 'Employee 2', '', 'FISAT', 'emp9@gmail.com', '9632587569', '', '', 2, 35),
(321, 478, 'Employee 3', '', 'FISAT', 'emp10@gmail.com', '9632587419', '', '', 2, 35),
(322, 479, 'Employee 4', '', 'FISAT', 'emp11@gmail.com', '9874563218', '', '', 2, 35),
(323, 480, 'Employee 5', '', 'FISAT', 'emp12@gmail.com', '9517539875', '', '', 2, 35),
(324, 481, 'Employee 1', '', 'FISAT', 'emp8@fisat.com', '9632587412', '', '', 2, 35),
(325, 482, 'Employee 2', '', 'FISAT', 'emp9@gmail.com', '9632587569', '', '', 2, 35),
(326, 483, 'Employee 3', '', 'FISAT', 'emp10@gmail.com', '9874563215', '', '', 2, 35),
(327, 484, 'Employee 4', '', 'FISAT', 'emp11@gmail.com', '9874563218', '', '', 2, 35),
(328, 485, 'Employee 5', '', 'FISAT', 'emp12@gmail.com', '9517539875', '', '', 2, 35),
(329, 486, 'Employee 1', '', 'FISAT', 'emp8@fisat.com', '9632587412', '', '', 2, 35),
(330, 487, 'Employee 2', '', 'FISAT', 'emp9@gmail.com', '9632587569', '', '', 2, 35),
(331, 488, 'Employee 3', '', 'FISAT', 'emp10@gmail.com', '9874563215', '', '', 2, 35),
(332, 489, 'Employee 4', '', 'FISAT', 'emp11@gmail.com', '9874563218', '', '', 2, 35),
(333, 490, 'Employee 5', '', 'FISAT', 'emp12@gmail.com', '9517539875', '', '', 2, 35),
(334, 491, 'Employee 1', '', 'FISAT', 'emp8@fisat.com', '9632587412', '', '', 2, 35),
(335, 492, 'Employee 2', '', 'FISAT', 'emp9@gmail.com', '9632587569', '', '', 2, 35),
(336, 493, 'Employee 3', '', 'FISAT', 'emp10@gmail.com', '9874563215', '', '', 2, 35),
(337, 494, 'Employee 4', '', 'FISAT', 'emp11@gmail.com', '9874563218', '', '', 2, 35),
(338, 495, 'Employee 5', '', 'FISAT', 'emp12@gmail.com', '9517539875', '', '', 2, 35),
(339, 496, 'gfes', '', 'FISAT', 'emp8@fisat.com', '9632587412', '', '', 2, 35),
(340, 497, 'Employee 2', '', 'FISAT', 'emp9@gmail.com', '9632587569', '', '', 2, 35),
(341, 498, 'Employee 3', '', 'FISAT', 'emp10@gmail.com', '9874563215', '', '', 2, 35),
(342, 499, 'Employee 4', '', 'FISAT', 'emp11@gmail.com', '9874563218', '', '', 2, 35),
(343, 500, 'Employee 5', '', 'FISAT', 'emp12@gmail.com', '9517539875', '', '', 2, 35),
(344, 501, 'Employee 1', '', 'FISAT', 'emp8@fisat.com', '9632587412', '', '', 2, 35),
(345, 502, 'Employee 2', '', 'FISAT', 'emp9@gmail.com', '9632587569', '', '', 2, 35),
(346, 503, 'Employee 3', '', 'FISAT', 'emp10@gmail.com', '9874563215', '', '', 2, 35),
(347, 504, 'Employee 4', '', 'FISAT', 'emp11@gmail.com', '9874563218', '', '', 2, 35),
(348, 505, 'Employee 5', '', 'FISAT', 'emp12@gmail.com', '9517539875', '', '', 2, 35),
(349, 506, 'Employee 1', '', 'FISAT', 'emp8@fisat.com', '9632587412', '', '', 2, 35),
(350, 507, 'Employee 2', '', 'FISAT', 'emp9@gmail.com', '9632587569', '', '', 2, 35),
(351, 508, 'Employee 3', '', 'FISAT', 'emp10@gmail.com', '9874563215', '', '', 2, 35),
(352, 509, 'Employee 4', '', 'FISAT', 'emp11@gmail.com', '9874563218', '', '', 2, 35),
(353, 510, 'Employee 5', '', 'FISAT', 'emp12@gmail.com', '9517539875', '', '', 2, 35),
(354, 511, 'Employee 1', '', 'FISAT', 'emp8@fisat.com', '9632587412', '', '', 2, 35),
(355, 512, 'Employee 2', '', 'FISAT', 'emp9@gmail.com', '9632587569', '', '', 2, 35),
(356, 513, 'Employee 3', '', 'FISAT', 'emp10@gmail.com', '9874563215', '', '', 2, 35),
(357, 514, 'Employee 4', '', 'FISAT', 'emp11@gmail.com', '9874563218', '', '', 2, 35),
(358, 515, 'Employee 5', '', 'FISAT', 'emp12@gmail.com', '9517539875', '', '', 2, 35),
(359, 516, 'Employee 1', '', 'FISAT', 'emp8@fisat.com', '9632587412', '', '', 2, 35),
(360, 517, 'Employee 2', '', 'FISAT', 'emp9@gmail.com', '9632587569', '', '', 2, 35),
(361, 518, 'Employee 3', '', 'FISAT', 'emp10@gmail.com', '9874563215', '', '', 2, 35),
(362, 519, 'Employee 4', '', 'FISAT', 'emp11@gmail.com', '9874563218', '', '', 2, 35),
(363, 520, 'Employee 5', '', 'FISAT', 'emp12@gmail.com', '9517539875', '', '', 2, 35),
(364, 521, 'Employee 1', '', 'FISAT', 'emp8@fisat.com', '9632587412', '', '', 2, 35),
(365, 522, 'Employee 2', '', 'FISAT', 'emp9@gmail.com', '9632587569', '', '', 2, 35),
(366, 523, 'Employee 3', '', 'FISAT', 'emp10@gmail.com', '9874563215', '', '', 2, 35),
(367, 524, 'Employee 4', '', 'FISAT', 'emp11@gmail.com', '9874563218', '', '', 2, 35),
(368, 525, 'Employee 5', '', 'FISAT', 'emp12@gmail.com', '9517539875', '', '', 2, 35),
(369, 526, 'Employee 1', '', 'FISAT', 'emp8@fisat.com', '9632587412', '', '', 2, 35),
(370, 527, 'Employee 2', '', 'FISAT', 'emp9@gmail.com', '9632587569', '', '', 2, 35),
(371, 528, 'Employee 3', '', 'FISAT', 'emp10@gmail.com', '9874563215', '', '', 2, 35),
(372, 529, 'Employee 4', '', 'FISAT', 'emp11@gmail.com', '9874563218', '', '', 2, 35),
(373, 530, 'Employee 5', '', 'FISAT', 'emp12@gmail.com', '9517539875', '', '', 2, 35),
(374, 531, 'Employee 1', '', 'FISAT', 'emp8@fisat.com', '9632587412', '', '', 2, 35),
(375, 532, 'Employee 2', '', 'FISAT', 'emp9@gmail.com', '9632587569', '', '', 2, 35),
(376, 533, 'Employee 3', '', 'FISAT', 'emp10@gmail.com', '9874563215', '', '', 2, 35),
(377, 534, 'Employee 4', '', 'FISAT', 'emp11@gmail.com', '9874563218', '', '', 2, 35),
(378, 535, 'Employee 5', '', 'FISAT', 'emp12@gmail.com', '9517539875', '', '', 2, 35),
(379, 536, 'Employee 1', '', 'FISAT', 'emp8@fisat.com', '9632587412', '', '', 2, 35),
(380, 537, 'Employee 1', '', 'FISAT', 'emp8@fisat.com', '9632587412', '', '', 2, 35),
(381, 538, 'Employee 1', '', 'FISAT', 'emp8@fisat.com', '9632587412', '', '', 2, 35),
(382, 539, 'Employee 2', '', 'FISAT', 'emp9@gmail.com', '9632587569', '', '', 2, 35),
(383, 540, 'Employee 3', '', 'FISAT', 'emp10@gmail.com', '9874563215', '', '', 2, 35),
(384, 541, 'Employee 4', '', 'FISAT', 'emp11@gmail.com', '9874563218', '', '', 2, 35),
(385, 542, 'Employee 5', '', 'FISAT', 'emp12@gmail.com', '9517539875', '', '', 2, 35),
(386, 543, 'Employee 1', '', 'FISAT', 'emp8@fisat.com', '9632587412', '', '', 2, 35),
(387, 544, 'Employee 2', '', 'FISAT', 'emp9@gmail.com', '9632587569', '', '', 2, 35),
(388, 545, 'Employee 3', '', 'FISAT', 'emp10@gmail.com', '9874563215', '', '', 2, 35),
(389, 546, 'Employee 4', '', 'FISAT', 'emp11@gmail.com', '9874563218', '', '', 2, 35),
(390, 547, 'Employee 5', '', 'FISAT', 'emp12@gmail.com', '9517539875', '', '', 2, 35),
(391, 548, 'Employee 1', '', 'FISAT', 'emp8@fisat.com', '9632587412', '', '', 2, 35),
(392, 549, 'Employee 2', '', 'FISAT', 'emp9@gmail.com', '9632587569', '', '', 2, 35),
(393, 550, 'Employee 3', '', 'FISAT', 'emp10@gmail.com', '9874563215', '', '', 2, 35),
(394, 551, 'Employee 4', '', 'FISAT', 'emp11@gmail.com', '9874563218', '', '', 2, 35),
(395, 552, 'Employee 5', '', 'FISAT', 'emp12@gmail.com', '9517539875', '', '', 2, 35),
(396, 553, 'Employee 1', '', 'FISAT', 'emp8@fisat.com', '9632587412', '', '', 2, 35),
(397, 554, 'Employee 2', '', 'FISAT', 'emp9@gmail.com', '9632587569', '', '', 2, 35),
(398, 555, 'Employee 3', '', 'FISAT', 'emp10@gmail.com', '9874563215', '', '', 2, 35),
(399, 556, 'Employee 4', '', 'FISAT', 'emp11@gmail.com', '9874563218', '', '', 2, 35),
(400, 557, 'Employee 5', '', 'FISAT', 'emp12@gmail.com', '9517539875', '', '', 2, 35),
(401, 558, 'Employee 1', '', 'FISAT', 'emp8@fisat.com', '9632587412', '', '', 2, 35),
(402, 559, 'Employee 2', '', 'FISAT', 'emp9@gmail.com', '9632587569', '', '', 2, 35),
(403, 560, 'Employee 3', '', 'FISAT', 'emp10@gmail.com', '9874563215', '', '', 2, 35),
(404, 561, 'Employee 4', '', 'FISAT', 'emp11@gmail.com', '9874563218', '', '', 2, 35),
(405, 562, 'Employee 5', '', 'FISAT', 'emp12@gmail.com', '9517539875', '', '', 2, 35),
(406, 563, 'Employee 1', '', 'FISAT', 'emp8@fisat.com', '9632587412', '', '', 2, 35),
(407, 564, 'Employee 2', '', 'FISAT', 'emp9@gmail.com', '9632587569', '', '', 2, 35),
(408, 565, 'Employee 3', '', 'FISAT', 'emp10@gmail.com', '9874563215', '', '', 2, 35),
(409, 566, 'Employee 4', '', 'FISAT', 'emp11@gmail.com', '9874563218', '', '', 2, 35),
(410, 567, 'Employee 5', '', 'FISAT', 'emp12@gmail.com', '9517539875', '', '', 2, 35),
(411, 568, 'Employee 1', '', 'FISAT', 'emp8@fisat.com', '9632587412', '', '', 2, 35),
(412, 569, 'Employee 2', '', 'FISAT', 'emp91@gmail.com', '9632587569', '', '', 2, 35),
(413, 570, 'Employee 3', '', 'FISAT', 'emp10@gmail.com', '9874563215', '', '', 2, 35),
(414, 571, 'Employee 4', '', 'FISAT', 'emp11@gmail.com', '9874563218', '', '', 2, 35),
(415, 572, 'Employee 5', '', 'FISAT', 'emp12@gmail.com', '9517539875', '', '', 2, 35),
(416, 573, 'Employee 1', '', 'FISAT', 'emp86@fisat.com', '9632587412', '', '', 2, 35),
(417, 574, 'Employee 2', '', 'FISAT', 'emp96@gmail.com', '9632587569', '', '', 2, 35),
(418, 575, 'Employee 3', '', 'FISAT', 'emp160@gmail.com', '9874563215', '', '', 2, 35),
(419, 576, 'Employee 4', '', 'FISAT', 'emp161@gmail.com', '9874563218', '', '', 2, 35),
(420, 577, 'Employee 5', '', 'FISAT', 'emp126@gmail.com', '9517539875', '', '', 2, 35),
(421, 578, 'Employee 1', '', 'FISAT', 'emp83@fisat.com', '9632587412', '', '', 2, 35),
(422, 579, 'Employee 2', '', 'FISAT', 'emp97@gmail.com', '9632587569', '', '', 2, 35),
(423, 580, 'Employee 3', '', 'FISAT', 'emp1077@gmail.com', '9874563215', '', '', 2, 35),
(424, 581, 'Employee 4', '', 'FISAT', 'emp83@fisat.com', '9874563218', '', '', 2, 35),
(425, 582, 'Employee 5', '', 'FISAT', 'emp14542@gmail.com', '9517539875', '', '', 2, 35),
(426, 583, 'QWE', 'fff', 'fds', 'fbgdg@nbhdf.bhg', '9048405074', '', '', 0, 0),
(427, 584, 'Tests', '', 'Employee', 'testemp@jjj.dld', '9541237894', '7845122356', '', 0, 0),
(428, 585, 'test2', '', 'gh', 'hjghj@ghf.hgf', '9856457812', '8956232356', '', 0, 0),
(429, 586, 'ghd', '', 'gdf', 'dgh@bghd.trhd', '9856457812', '', '', 0, 0),
(430, 587, 'hdftg', '', 'hgdf', 'htdf@ghdftx.ht', '9856457812', '', '', 0, 0),
(431, 588, 'bfd', '', 'bfds', 'bdfsb@hdfgth.gfd', '1234567890', '', '', 0, 0),
(432, 589, 'bgf', '', 'bfdx', 'bfdsxbhgdsxbh@gt.hft', '9856457812', '', '', 0, 0),
(433, 590, 'bgdf', '', 'bvfnb', 'bfdsbg@gsndh.hr', '9856457812', '', '', 0, 0),
(434, 591, 'htdfr', 'hfg', 'hgfd', 'nhgfcfh@fj.gds', '9856457812', '', '', 0, 0),
(435, 592, 'nfghdnj', '', 'ngfnh', 'bgdfh@bfdh.dggg', '1234567890', '8695325677', '', 0, 0),
(436, 593, 'Some ', '', 'Employee1', 'hjdcb@jk.sdcjn', '9656895623', '', '', 2, 35),
(437, 594, 'Some ', '', 'Employee2', 'hjdcbs@jk.sdcjn', '9632587419', '', '', 2, 35),
(438, 595, 'Some ', '', 'Employee1', 'hjdcgfb@jk.sdcjn', '9656895623', '', '', 2, 35),
(439, 596, 'Some ', '', 'Employee2', 'hjddddcgfb@jk.sdcjn', '9632587419', '', '', 2, 35),
(440, 597, 'Some ', '', 'Employee1', 's11@hh.com', '9656895623', '', '', 2, 40),
(441, 598, 'Some ', '', 'Employee2', 's22@hh.com', '9632587419', '', '', 2, 40),
(442, 599, 'Bony', '', 'KK', 'bony@mailinator.com', '9856457812', '', '', 2, 0),
(443, 600, 'EWD', 'gs', 'fdsf', 'hhh@kims.com', '9632587415', '9874563219', '', 2, 36),
(444, 601, 'POC', '', 'HIMS', 'poc@hims.com', '9632587412', '', '', 2, 47),
(445, 602, 'Dept H HS', '', 'HIMS', 'depths@hims.com', '9632587418', '', '', 2, 47),
(446, 603, 'EMP HS', '', 'HIMS', 'emphs@hims.com', '9876543219', '', '', 2, 47),
(447, 604, 'Manager', '', 'HIMS', 'manager@hims.com', '9632587412', '', '', 2, 47),
(448, 605, 'EMP LP', '', 'HIMS', 'emplp@hims.com', '9874563218', '', '', 2, 47),
(449, 606, 'Dept H LP', '', 'HIMS', 'deptlp@hims.com', '9632587412', '', '', 2, 47),
(450, 607, 'POC', '', 'UST', 'poc11@ust.com', '9632568974', '', '', 2, 48),
(451, 608, 'Manager', '', 'UST', 'manager11@ust.com', '9876543218', '', '', 2, 48),
(452, 609, 'Dept UP', '', 'UST', 'depthup@ust.com', '9874563215', '', '', 2, 0),
(453, 610, 'Emp UP', '', 'UST', 'empup@ust.com', '9874563219', '', '', 2, 0),
(454, 611, 'Dept LP', '', 'UST', 'deptlp@ust.com', '9632568974', '', '', 2, 48),
(455, 612, 'Emp LP', '', 'UST', 'emplp@ust.com', '9876543218', '', '', 2, 48);

-- --------------------------------------------------------

--
-- Table structure for table `employee_bulkupload_temp`
--

CREATE TABLE `employee_bulkupload_temp` (
  `id` int(11) NOT NULL,
  `f_name` varchar(255) NOT NULL,
  `m_name` varchar(255) NOT NULL,
  `l_name` varchar(255) NOT NULL,
  `email` varchar(255) NOT NULL,
  `primary_contact_no` varchar(255) NOT NULL,
  `secondary_contact_no` varchar(255) NOT NULL,
  `category_id` int(11) NOT NULL,
  `department_id` varchar(255) NOT NULL,
  `password` varchar(255) NOT NULL
) ENGINE=InnoDB DEFAULT CHARSET=latin1;

-- --------------------------------------------------------

--
-- Table structure for table `employee_category_role`
--

CREATE TABLE `employee_category_role` (
  `id` int(11) NOT NULL,
  `employee_id` int(11) NOT NULL,
  `category_id` int(11) NOT NULL,
  `role_id` int(11) NOT NULL
) ENGINE=InnoDB DEFAULT CHARSET=latin1;

--
-- Dumping data for table `employee_category_role`
--

INSERT INTO `employee_category_role` (`id`, `employee_id`, `category_id`, `role_id`) VALUES
(1, 2, 1, 1),
(2, 3, 2, 6),
(3, 4, 2, 7),
(4, 5, 2, 7),
(5, 6, 2, 8),
(6, 7, 2, 9),
(7, 8, 2, 10),
(8, 9, 2, 9),
(9, 10, 2, 8),
(10, 11, 2, 8),
(11, 12, 2, 7),
(13, 13, 2, 9),
(16, 14, 1, 2),
(17, 16, 1, 5),
(18, 17, 1, 4),
(19, 18, 1, 3),
(21, 20, 1, 2),
(22, 21, 1, 4),
(23, 22, 1, 4),
(24, 23, 1, 2),
(25, 24, 1, 2),
(26, 25, 5, 11),
(27, 26, 6, 12),
(28, 27, 6, 13),
(29, 28, 6, 13),
(30, 29, 7, 15),
(31, 30, 7, 15),
(35, 33, 3, 0),
(36, 33, 2, 6),
(37, 34, 10, 20),
(38, 35, 10, 20),
(39, 36, 10, 20),
(40, 37, 10, 20),
(41, 38, 10, 20),
(42, 39, 10, 20),
(43, 40, 10, 20),
(52, 19, 1, 3),
(53, 15, 1, 3),
(54, 41, 11, 21),
(55, 45, 12, 0),
(58, 46, 12, 0),
(59, 47, 13, 0),
(60, 48, 13, 0),
(61, 49, 13, 0),
(62, 50, 13, 0),
(63, 51, 13, 0),
(66, 54, 16, 0),
(69, 57, 16, 0),
(70, 58, 17, 0),
(76, 64, 15, 0),
(79, 66, 3, 0),
(80, 67, 6, 0),
(81, 68, 1, 0),
(82, 69, 1, 0),
(83, 70, 1, 1),
(84, 71, 2, 7),
(85, 71, 1, 0),
(87, 73, 2, 0),
(90, 76, 20, 30),
(92, 78, 20, 30),
(93, 79, 20, 30),
(94, 80, 20, 30),
(95, 81, 20, 30),
(96, 82, 20, 30),
(97, 83, 20, 30),
(117, 90, 21, 31),
(118, 90, 16, 0),
(119, 90, 20, 30),
(120, 90, 13, 0),
(121, 88, 21, 0),
(131, 85, 11, 21),
(132, 85, 20, 30),
(136, 89, 21, 31),
(137, 89, 6, 0),
(138, 91, 21, 31),
(139, 87, 21, 31),
(140, 87, 11, 0),
(141, 86, 20, 30),
(142, 86, 2, 6),
(143, 86, 1, 0),
(144, 77, 20, 30),
(145, 84, 16, 0),
(146, 84, 20, 30),
(148, 63, 10, 0),
(149, 63, 17, 0),
(150, 61, 17, 27),
(151, 61, 2, 8),
(152, 60, 17, 27),
(153, 59, 17, 27),
(154, 59, 13, 23),
(155, 53, 13, 23),
(156, 55, 16, 26),
(157, 55, 10, 20),
(158, 92, 22, 32),
(159, 93, 22, 32),
(160, 94, 22, 32),
(161, 95, 23, 33),
(162, 96, 23, 33),
(163, 97, 23, 33),
(165, 99, 19, 29),
(166, 100, 19, 29),
(167, 98, 19, 29),
(168, 101, 19, 29),
(169, 102, 18, 28),
(170, 103, 18, 28),
(171, 104, 21, 31),
(172, 105, 21, 31),
(173, 106, 21, 31),
(174, 107, 21, 31),
(175, 108, 21, 31),
(176, 109, 21, 31),
(177, 110, 21, 31),
(178, 111, 21, 31),
(179, 112, 21, 31),
(180, 113, 21, 31),
(181, 114, 21, 31),
(182, 115, 21, 31),
(183, 116, 21, 31),
(184, 117, 21, 31),
(185, 118, 21, 31),
(186, 119, 18, 28),
(187, 120, 24, 35),
(188, 121, 24, 35),
(189, 122, 24, 35),
(190, 123, 25, 36),
(191, 124, 25, 36),
(192, 125, 25, 36),
(193, 126, 25, 36),
(194, 127, 25, 36),
(195, 128, 25, 36),
(197, 130, 18, 28),
(198, 129, 18, 28),
(199, 131, 15, 25),
(200, 132, 15, 25),
(201, 133, 26, 37),
(202, 134, 26, 37),
(205, 135, 26, 37),
(206, 136, 21, 31),
(207, 136, 19, 29),
(208, 137, 28, 40),
(209, 138, 28, 40),
(210, 139, 28, 40),
(211, 140, 28, 40),
(212, 141, 28, 40),
(213, 142, 28, 40),
(214, 146, 29, 41),
(215, 147, 29, 41),
(216, 148, 29, 41),
(217, 149, 29, 41),
(218, 150, 29, 41),
(219, 151, 29, 41),
(220, 152, 29, 41),
(221, 153, 29, 41),
(222, 154, 29, 41),
(223, 155, 29, 41),
(224, 156, 29, 41),
(225, 157, 29, 41),
(226, 158, 29, 41),
(227, 159, 29, 41),
(228, 160, 29, 41),
(229, 161, 29, 41),
(230, 162, 30, 43),
(231, 163, 30, 43),
(232, 164, 30, 43),
(233, 165, 30, 43),
(234, 166, 30, 43),
(235, 167, 30, 43),
(236, 168, 30, 43),
(237, 169, 30, 43),
(238, 170, 30, 43),
(239, 171, 30, 43),
(240, 172, 30, 43),
(241, 173, 27, 38),
(242, 174, 30, 43),
(243, 175, 30, 43),
(244, 176, 27, 38),
(245, 177, 31, 44),
(246, 178, 31, 44),
(247, 179, 31, 44),
(248, 180, 31, 44),
(249, 181, 31, 44),
(250, 182, 31, 44),
(251, 183, 32, 45),
(252, 184, 32, 0),
(253, 185, 32, 0),
(254, 186, 32, 0),
(255, 187, 32, 0),
(256, 188, 32, 0),
(257, 189, 32, 0),
(258, 190, 32, 0),
(259, 191, 32, 0),
(260, 192, 32, 0),
(261, 193, 32, 0),
(262, 196, 34, 47),
(263, 197, 34, 47),
(264, 198, 32, 0),
(265, 199, 32, 0),
(266, 200, 32, 0),
(268, 202, 36, 49),
(269, 203, 36, 49),
(270, 204, 32, 0),
(271, 205, 32, 0),
(272, 206, 32, 0),
(273, 207, 36, 0),
(274, 208, 36, 0),
(275, 209, 36, 0),
(276, 210, 36, 0),
(277, 211, 36, 0),
(278, 212, 36, 0),
(279, 213, 36, 0),
(280, 214, 36, 0),
(281, 215, 36, 0),
(282, 216, 36, 0),
(283, 217, 36, 0),
(284, 218, 36, 0),
(285, 219, 36, 0),
(286, 220, 36, 0),
(287, 221, 36, 0),
(288, 222, 36, 0),
(289, 223, 36, 0),
(290, 224, 36, 0),
(297, 225, 37, 50),
(298, 226, 37, 50),
(299, 227, 38, 51),
(300, 228, 38, 51),
(301, 229, 38, 51),
(302, 230, 40, 53),
(303, 231, 40, 53),
(304, 232, 39, 52),
(305, 233, 39, 52),
(306, 234, 39, 52),
(307, 235, 40, 53),
(308, 236, 40, 53),
(309, 237, 40, 53),
(310, 238, 40, 53),
(311, 239, 40, 53),
(312, 240, 40, 53),
(313, 241, 37, 50),
(314, 242, 37, 50),
(315, 243, 37, 50),
(316, 244, 36, 49),
(317, 245, 36, 49),
(318, 246, 36, 49),
(319, 247, 36, 49),
(320, 248, 36, 49),
(321, 249, 34, 47),
(322, 250, 34, 47),
(323, 251, 41, 54),
(324, 252, 41, 54),
(325, 253, 41, 54),
(326, 254, 41, 54),
(327, 255, 42, 55),
(328, 256, 42, 55),
(329, 257, 42, 55),
(330, 258, 42, 55),
(331, 259, 37, 0),
(332, 260, 37, 0),
(333, 261, 37, 0),
(334, 262, 37, 0),
(335, 263, 37, 0),
(337, 265, 43, 0),
(338, 266, 43, 0),
(341, 270, 35, 0),
(344, 273, 40, 3),
(346, 274, 40, 3),
(349, 275, 40, 3),
(351, 277, 21, 3),
(354, 278, 21, 3),
(367, 271, 35, 3),
(369, 284, 21, 3),
(370, 283, 35, 3),
(371, 201, 35, 3),
(372, 269, 35, 3),
(373, 285, 35, 3),
(374, 286, 35, 3),
(375, 287, 35, 3),
(376, 288, 35, 3),
(377, 289, 35, 3),
(378, 290, 35, 0),
(380, 292, 44, 3),
(381, 293, 44, 3),
(382, 294, 44, 3),
(383, 295, 44, 3),
(384, 296, 44, 3),
(387, 291, 35, 3),
(388, 299, 45, 3),
(389, 300, 45, 3),
(390, 301, 46, 3),
(391, 302, 46, 3),
(392, 303, 46, 3),
(394, 305, 35, 0),
(395, 306, 35, 0),
(396, 307, 35, 0),
(397, 308, 35, 0),
(398, 309, 35, 0),
(399, 310, 35, 0),
(400, 314, 35, 0),
(401, 314, 35, 0),
(402, 315, 35, 0),
(403, 315, 35, 0),
(404, 316, 35, 0),
(405, 316, 35, 0),
(406, 317, 35, 0),
(407, 317, 35, 0),
(408, 318, 35, 0),
(409, 318, 35, 0),
(410, 319, 35, 0),
(411, 319, 35, 0),
(412, 319, 35, 0),
(413, 320, 35, 0),
(414, 320, 35, 0),
(415, 320, 35, 0),
(416, 321, 35, 0),
(417, 321, 35, 0),
(418, 321, 35, 0),
(419, 322, 35, 0),
(420, 322, 35, 0),
(421, 322, 35, 0),
(422, 323, 35, 0),
(423, 323, 35, 0),
(424, 323, 35, 0),
(425, 324, 35, 0),
(426, 325, 35, 0),
(427, 326, 35, 0),
(428, 327, 35, 0),
(429, 328, 35, 0),
(430, 329, 35, 0),
(431, 329, 35, 0),
(432, 330, 35, 0),
(433, 330, 35, 0),
(434, 331, 35, 0),
(435, 331, 35, 0),
(436, 332, 35, 0),
(437, 332, 35, 0),
(438, 333, 35, 0),
(439, 333, 35, 0),
(440, 334, 35, 0),
(441, 335, 35, 0),
(442, 336, 35, 0),
(443, 337, 35, 0),
(444, 338, 35, 0),
(445, 339, 35, 0),
(446, 340, 35, 0),
(447, 341, 35, 0),
(448, 342, 35, 0),
(449, 343, 35, 0),
(450, 344, 35, 0),
(451, 344, 35, 0),
(452, 345, 35, 0),
(453, 345, 35, 0),
(454, 346, 35, 0),
(455, 346, 35, 0),
(456, 347, 35, 0),
(457, 347, 35, 0),
(458, 348, 35, 0),
(459, 348, 35, 0),
(460, 349, 35, 0),
(461, 350, 35, 0),
(462, 351, 35, 0),
(463, 352, 35, 0),
(464, 353, 35, 0),
(465, 354, 35, 0),
(466, 355, 35, 0),
(467, 356, 35, 0),
(468, 357, 35, 0),
(469, 358, 35, 0),
(470, 359, 35, 0),
(471, 359, 35, 0),
(472, 360, 35, 0),
(473, 360, 35, 0),
(474, 361, 35, 0),
(475, 361, 35, 0),
(476, 362, 35, 0),
(477, 362, 35, 0),
(478, 363, 35, 0),
(479, 363, 35, 0),
(480, 364, 35, 0),
(481, 365, 35, 0),
(482, 366, 35, 0),
(483, 367, 35, 0),
(484, 368, 35, 0),
(485, 369, 35, 0),
(486, 370, 35, 0),
(487, 371, 35, 0),
(488, 372, 35, 0),
(489, 373, 35, 0),
(490, 374, 35, 0),
(491, 375, 35, 0),
(492, 376, 35, 0),
(493, 377, 35, 0),
(494, 378, 35, 0),
(495, 379, 35, 0),
(496, 380, 35, 0),
(497, 381, 35, 0),
(498, 382, 35, 0),
(499, 383, 35, 0),
(500, 384, 35, 0),
(501, 385, 35, 0),
(502, 386, 35, 0),
(503, 387, 35, 0),
(504, 388, 35, 0),
(505, 389, 35, 0),
(506, 390, 35, 0),
(507, 391, 35, 0),
(508, 392, 35, 0),
(509, 393, 35, 0),
(510, 394, 35, 0),
(511, 395, 35, 0),
(512, 396, 35, 0),
(513, 397, 35, 0),
(514, 398, 35, 0),
(515, 399, 35, 0),
(516, 400, 35, 0),
(517, 401, 35, 0),
(518, 402, 35, 0),
(519, 403, 35, 0),
(520, 404, 35, 0),
(521, 405, 35, 0),
(522, 406, 35, 0),
(523, 407, 35, 0),
(524, 408, 35, 0),
(525, 409, 35, 0),
(526, 410, 35, 0),
(527, 411, 35, 0),
(528, 412, 35, 0),
(529, 413, 35, 0),
(530, 414, 35, 0),
(531, 415, 35, 0),
(532, 416, 35, 0),
(533, 417, 35, 0),
(534, 418, 35, 0),
(535, 419, 35, 0),
(536, 420, 35, 0),
(537, 421, 35, 0),
(538, 422, 35, 0),
(539, 423, 35, 0),
(540, 424, 35, 0),
(541, 425, 35, 0),
(542, 304, 46, 3),
(545, 297, 45, 3),
(551, 427, 21, 3),
(559, 430, 21, 3),
(561, 431, 21, 3),
(563, 432, 21, 3),
(566, 433, 21, 3),
(567, 433, 26, 3),
(632, 435, 21, 3),
(649, 434, 21, 3),
(650, 434, 26, 3),
(651, 434, 46, 3),
(652, 434, 19, 3),
(653, 436, 35, 0),
(654, 437, 35, 0),
(655, 438, 35, 0),
(656, 439, 35, 0),
(657, 440, 40, 0),
(658, 441, 40, 0),
(659, 442, 33, 3),
(660, 442, 33, 3),
(661, 443, 36, 3),
(662, 267, 40, 3),
(663, 444, 47, 0),
(664, 445, 47, 0),
(665, 446, 47, 0),
(666, 447, 47, 0),
(667, 448, 47, 0),
(668, 448, 47, 0),
(669, 449, 47, 0),
(671, 450, 48, 0),
(672, 451, 48, 0),
(673, 452, 48, 3),
(674, 453, 48, 3),
(675, 454, 48, 0),
(676, 455, 48, 0);

-- --------------------------------------------------------

--
-- Table structure for table `employee_department`
--

CREATE TABLE `employee_department` (
  `id` int(11) NOT NULL,
  `employee_id` int(11) NOT NULL,
  `department_id` int(11) NOT NULL
) ENGINE=InnoDB DEFAULT CHARSET=latin1;

--
-- Dumping data for table `employee_department`
--

INSERT INTO `employee_department` (`id`, `employee_id`, `department_id`) VALUES
(1, 2, 2),
(2, 2, 4),
(3, 3, 6),
(4, 3, 8),
(5, 4, 6),
(6, 5, 6),
(7, 6, 7),
(8, 7, 5),
(9, 8, 6),
(10, 8, 8),
(11, 9, 5),
(12, 10, 7),
(13, 11, 7),
(14, 12, 6),
(15, 12, 8),
(17, 13, 8),
(18, 13, 5),
(21, 14, 2),
(22, 16, 4),
(23, 17, 1),
(24, 18, 3),
(26, 20, 2),
(27, 20, 4),
(28, 21, 1),
(29, 22, 1),
(30, 23, 2),
(31, 24, 4),
(32, 25, 10),
(33, 26, 11),
(34, 27, 12),
(35, 28, 12),
(36, 29, 15),
(37, 30, 15),
(41, 33, 9),
(42, 33, 6),
(43, 34, 17),
(44, 35, 17),
(45, 36, 17),
(46, 37, 17),
(47, 38, 18),
(48, 39, 18),
(49, 40, 18),
(58, 19, 3),
(59, 15, 3),
(60, 41, 19),
(61, 45, 20),
(64, 46, 21),
(65, 47, 22),
(66, 48, 23),
(67, 49, 24),
(68, 50, 22),
(69, 51, 23),
(72, 54, 25),
(75, 57, 27),
(76, 58, 30),
(82, 64, 28),
(83, 64, 29),
(86, 70, 1),
(87, 71, 5),
(92, 76, 34),
(94, 78, 36),
(95, 79, 34),
(96, 80, 34),
(97, 80, 35),
(98, 80, 36),
(99, 81, 34),
(100, 82, 34),
(101, 83, 35),
(118, 90, 37),
(119, 90, 36),
(130, 85, 19),
(131, 85, 35),
(134, 89, 37),
(135, 87, 37),
(136, 86, 36),
(137, 86, 35),
(138, 86, 6),
(139, 77, 35),
(140, 84, 35),
(142, 61, 30),
(143, 61, 6),
(144, 60, 30),
(145, 59, 30),
(146, 59, 23),
(147, 53, 24),
(148, 55, 25),
(149, 55, 18),
(150, 92, 38),
(151, 93, 38),
(152, 94, 38),
(153, 95, 39),
(154, 96, 39),
(155, 97, 39),
(157, 99, 33),
(158, 100, 33),
(159, 98, 33),
(160, 101, 40),
(161, 102, 31),
(162, 103, 31),
(163, 104, 37),
(164, 105, 37),
(165, 106, 37),
(166, 107, 37),
(167, 108, 37),
(168, 109, 37),
(169, 110, 37),
(170, 111, 37),
(171, 112, 37),
(172, 113, 37),
(173, 114, 37),
(174, 115, 37),
(175, 116, 37),
(176, 117, 37),
(177, 118, 37),
(178, 119, 31),
(179, 120, 41),
(180, 121, 41),
(181, 122, 41),
(182, 123, 43),
(183, 124, 43),
(184, 125, 43),
(185, 126, 44),
(186, 127, 43),
(187, 128, 44),
(189, 130, 31),
(190, 129, 31),
(191, 131, 29),
(192, 132, 29),
(193, 133, 48),
(194, 134, 48),
(197, 135, 48),
(198, 136, 45),
(199, 136, 40),
(200, 137, 57),
(201, 138, 57),
(202, 139, 57),
(203, 140, 58),
(204, 141, 57),
(205, 142, 58),
(206, 146, 61),
(207, 147, 61),
(208, 148, 61),
(209, 149, 61),
(210, 150, 61),
(211, 151, 61),
(212, 152, 61),
(213, 153, 61),
(214, 154, 61),
(215, 155, 61),
(216, 156, 61),
(217, 157, 61),
(218, 158, 61),
(219, 159, 61),
(220, 160, 61),
(221, 161, 61),
(222, 162, 62),
(223, 163, 62),
(224, 164, 62),
(225, 165, 62),
(226, 166, 62),
(227, 167, 62),
(228, 168, 62),
(229, 169, 62),
(230, 170, 62),
(231, 171, 62),
(232, 172, 62),
(233, 173, 55),
(234, 174, 62),
(235, 175, 62),
(236, 176, 55),
(237, 177, 63),
(238, 178, 63),
(239, 179, 63),
(240, 180, 63),
(241, 181, 63),
(242, 182, 63),
(243, 183, 76),
(244, 184, 76),
(245, 185, 76),
(246, 186, 76),
(247, 187, 76),
(248, 188, 76),
(249, 189, 76),
(250, 190, 76),
(251, 191, 76),
(252, 192, 76),
(253, 193, 76),
(254, 196, 82),
(255, 197, 82),
(256, 198, 76),
(257, 199, 76),
(258, 200, 76),
(260, 202, 89),
(261, 203, 89),
(262, 204, 76),
(263, 205, 76),
(264, 206, 76),
(265, 207, 89),
(266, 208, 89),
(267, 209, 89),
(268, 210, 89),
(269, 211, 89),
(270, 212, 89),
(271, 213, 89),
(272, 214, 89),
(273, 215, 89),
(274, 216, 89),
(275, 217, 89),
(276, 218, 89),
(277, 219, 89),
(278, 220, 89),
(279, 221, 89),
(280, 222, 89),
(281, 223, 89),
(282, 224, 89),
(297, 225, 91),
(298, 226, 90),
(299, 226, 91),
(300, 227, 110),
(304, 228, 110),
(305, 229, 110),
(306, 230, 117),
(307, 231, 117),
(308, 232, 111),
(309, 233, 112),
(310, 234, 111),
(311, 235, 117),
(312, 236, 118),
(313, 237, 117),
(314, 238, 117),
(315, 239, 118),
(316, 240, 118),
(317, 241, 90),
(318, 241, 94),
(319, 241, 107),
(320, 242, 90),
(321, 242, 91),
(322, 242, 92),
(323, 242, 93),
(324, 243, 90),
(325, 243, 91),
(326, 243, 92),
(327, 244, 89),
(328, 245, 89),
(329, 246, 89),
(330, 247, 121),
(331, 248, 122),
(332, 249, 83),
(333, 250, 84),
(334, 251, 123),
(335, 252, 124),
(336, 253, 124),
(337, 254, 123),
(338, 255, 125),
(339, 256, 125),
(340, 257, 125),
(341, 258, 126),
(342, 259, 90),
(343, 260, 92),
(344, 261, 92),
(345, 262, 92),
(346, 263, 92),
(348, 265, 127),
(349, 266, 127),
(353, 270, 85),
(374, 271, 85),
(376, 284, 37),
(377, 285, 85),
(378, 286, 85),
(379, 287, 85),
(380, 288, 85),
(381, 289, 85),
(382, 290, 85),
(384, 292, 128),
(385, 293, 128),
(386, 294, 129),
(387, 295, 129),
(388, 296, 128),
(391, 291, 85),
(392, 299, 130),
(393, 300, 130),
(394, 301, 132),
(395, 302, 132),
(396, 303, 132),
(398, 305, 85),
(399, 306, 85),
(400, 307, 85),
(401, 308, 85),
(402, 309, 85),
(403, 310, 85),
(404, 314, 85),
(405, 314, 86),
(406, 315, 85),
(407, 315, 86),
(408, 316, 85),
(409, 316, 86),
(410, 317, 85),
(411, 317, 86),
(412, 318, 85),
(413, 318, 86),
(414, 319, 85),
(415, 319, 86),
(416, 319, 87),
(417, 320, 85),
(418, 320, 86),
(419, 320, 87),
(420, 321, 85),
(421, 321, 86),
(422, 321, 87),
(423, 322, 85),
(424, 322, 86),
(425, 322, 87),
(426, 323, 85),
(427, 323, 86),
(428, 323, 87),
(429, 324, 85),
(430, 325, 85),
(431, 326, 85),
(432, 327, 85),
(433, 328, 85),
(434, 329, 85),
(435, 329, 86),
(436, 330, 85),
(437, 330, 86),
(438, 331, 85),
(439, 331, 86),
(440, 332, 85),
(441, 332, 86),
(442, 333, 85),
(443, 333, 86),
(444, 334, 85),
(445, 335, 85),
(446, 336, 85),
(447, 337, 85),
(448, 338, 85),
(449, 339, 85),
(450, 340, 85),
(451, 341, 85),
(452, 342, 85),
(453, 343, 85),
(454, 344, 85),
(455, 344, 86),
(456, 345, 85),
(457, 345, 86),
(458, 346, 85),
(459, 346, 86),
(460, 347, 85),
(461, 347, 86),
(462, 348, 85),
(463, 348, 86),
(464, 349, 85),
(465, 350, 85),
(466, 351, 85),
(467, 352, 85),
(468, 353, 85),
(469, 354, 85),
(470, 355, 85),
(471, 356, 85),
(472, 357, 85),
(473, 358, 85),
(474, 359, 85),
(475, 359, 86),
(476, 360, 85),
(477, 360, 86),
(478, 361, 85),
(479, 361, 86),
(480, 362, 85),
(481, 362, 86),
(482, 363, 85),
(483, 363, 86),
(484, 364, 86),
(485, 365, 86),
(486, 366, 86),
(487, 367, 86),
(488, 368, 86),
(489, 369, 85),
(490, 370, 85),
(491, 371, 85),
(492, 372, 85),
(493, 373, 85),
(494, 374, 85),
(495, 375, 85),
(496, 376, 85),
(497, 377, 85),
(498, 378, 85),
(499, 379, 86),
(500, 380, 86),
(501, 381, 86),
(502, 382, 86),
(503, 383, 86),
(504, 384, 86),
(505, 385, 86),
(506, 386, 85),
(507, 387, 85),
(508, 388, 85),
(509, 389, 85),
(510, 390, 85),
(511, 391, 85),
(512, 392, 85),
(513, 393, 85),
(514, 394, 85),
(515, 395, 85),
(516, 396, 85),
(517, 397, 85),
(518, 398, 85),
(519, 399, 85),
(520, 400, 85),
(521, 401, 85),
(522, 402, 85),
(523, 403, 85),
(524, 404, 85),
(525, 405, 85),
(526, 406, 85),
(527, 407, 85),
(528, 408, 85),
(529, 409, 85),
(530, 410, 85),
(531, 411, 85),
(532, 412, 85),
(533, 413, 85),
(534, 414, 85),
(535, 415, 85),
(536, 416, 85),
(537, 417, 85),
(538, 418, 85),
(539, 419, 85),
(540, 420, 85),
(541, 421, 85),
(542, 422, 85),
(543, 423, 85),
(544, 424, 85),
(545, 425, 85),
(548, 297, 130),
(565, 433, 45),
(566, 433, 37),
(611, 434, 37),
(612, 434, 48),
(613, 434, 133),
(614, 434, 134),
(615, 434, 132),
(616, 436, 85),
(617, 437, 85),
(618, 438, 85),
(619, 439, 85),
(620, 440, 117),
(621, 441, 117),
(622, 442, 81),
(623, 442, 80),
(624, 444, 135),
(625, 445, 135),
(626, 446, 135),
(627, 447, 135),
(628, 448, 135),
(629, 448, 136),
(630, 449, 136),
(632, 450, 138),
(633, 451, 138),
(634, 452, 137),
(635, 453, 137),
(636, 454, 138),
(637, 455, 138);

-- --------------------------------------------------------

--
-- Table structure for table `escalation_levels`
--

CREATE TABLE `escalation_levels` (
  `id` int(11) NOT NULL,
  `escalation_level_name` varchar(255) NOT NULL
) ENGINE=InnoDB DEFAULT CHARSET=latin1;

--
-- Dumping data for table `escalation_levels`
--

INSERT INTO `escalation_levels` (`id`, `escalation_level_name`) VALUES
(1, 'Level 1'),
(2, 'Level 2'),
(3, 'Level 3'),
(4, 'Level 4'),
(5, 'Level 5');

-- --------------------------------------------------------

--
-- Table structure for table `escalation_mail`
--

CREATE TABLE `escalation_mail` (
  `id` int(11) NOT NULL,
  `ticket_escalation_id` int(11) NOT NULL,
  `mail_to_address` varchar(255) NOT NULL,
  `mail_cc_address` varchar(255) NOT NULL,
  `mail_subject` varchar(255) NOT NULL,
  `mail_content` text NOT NULL,
  `mail_send_time` datetime NOT NULL,
  `mail_send_status` int(11) NOT NULL
) ENGINE=InnoDB DEFAULT CHARSET=latin1;

-- --------------------------------------------------------

--
-- Table structure for table `external_employee`
--

CREATE TABLE `external_employee` (
  `id` int(11) NOT NULL,
  `email` varchar(255) NOT NULL,
  `name` varchar(255) NOT NULL,
  `category_id` int(11) NOT NULL,
  `created_date` date NOT NULL,
  `status` int(11) NOT NULL
) ENGINE=InnoDB DEFAULT CHARSET=latin1;

--
-- Dumping data for table `external_employee`
--

INSERT INTO `external_employee` (`id`, `email`, `name`, `category_id`, `created_date`, `status`) VALUES
(1, 'bg@trgh.tyhj', 'bfg', 20, '2017-07-20', 2),
(2, 'bdfg@gt.fgh', 'fvbds', 20, '2017-07-20', 1),
(3, 'nithin41@helpus.com', 'NIthin', 25, '2017-08-07', 1),
(4, 'External', 'external@helpus.com', 43, '2017-09-18', 1),
(5, 'Nithbn', 'normal@normal.cpm', 39, '2017-09-20', 1),
(6, 'Ffff', 'ttt@tt.com', 39, '2017-09-20', 1),
(7, 'GGG', 'nithin@kmct.com', 24, '2017-09-20', 1);

-- --------------------------------------------------------

--
-- Table structure for table `functions`
--

CREATE TABLE `functions` (
  `id` int(11) NOT NULL,
  `function_name` varchar(255) NOT NULL,
  `admin_flag` int(11) NOT NULL
) ENGINE=InnoDB DEFAULT CHARSET=latin1;

--
-- Dumping data for table `functions`
--

INSERT INTO `functions` (`id`, `function_name`, `admin_flag`) VALUES
(1, 'Add Category', 1),
(2, 'Edit Category', 1),
(3, 'View Category', 0),
(4, 'Add Role', 1),
(5, 'Edit Role', 1),
(6, 'View Role', 0),
(7, 'Add Department', 0),
(8, 'Edit Department', 0),
(9, 'View Department', 0),
(10, 'Add Function Role Mapping', 1),
(11, 'Edit Function Role Mapping', 1),
(12, 'View Function Role Mapping', 1),
(13, 'Add Employee', 1),
(14, 'Edit Employee', 1),
(15, 'View Employee', 0);

-- --------------------------------------------------------

--
-- Table structure for table `function_role_mapping`
--

CREATE TABLE `function_role_mapping` (
  `id` int(11) NOT NULL,
  `category_id` int(11) NOT NULL,
  `role_id` int(11) NOT NULL,
  `department_id` int(11) NOT NULL,
  `function_id` int(11) NOT NULL,
  `status` int(11) NOT NULL,
  `created_date` datetime NOT NULL,
  `updated_date` timestamp NOT NULL DEFAULT CURRENT_TIMESTAMP ON UPDATE CURRENT_TIMESTAMP
) ENGINE=InnoDB DEFAULT CHARSET=latin1;

--
-- Dumping data for table `function_role_mapping`
--

INSERT INTO `function_role_mapping` (`id`, `category_id`, `role_id`, `department_id`, `function_id`, `status`, `created_date`, `updated_date`) VALUES
(1, 1, 1, 0, 1, 1, '2017-06-09 08:48:30', '2017-06-09 06:48:30'),
(2, 1, 1, 0, 2, 1, '2017-06-09 08:48:30', '2017-06-09 06:48:30'),
(3, 1, 1, 0, 3, 1, '2017-06-09 08:48:30', '2017-06-09 06:48:30'),
(4, 1, 1, 0, 4, 1, '2017-06-09 08:48:30', '2017-06-09 06:48:30');

-- --------------------------------------------------------

--
-- Table structure for table `guest_enquiry`
--

CREATE TABLE `guest_enquiry` (
  `id` int(10) UNSIGNED NOT NULL,
  `guest_name` varchar(200) NOT NULL,
  `guest_email` varchar(200) NOT NULL,
  `guest_address1` varchar(200) NOT NULL,
  `guest_city` varchar(200) NOT NULL,
  `guest_mobile` varchar(200) NOT NULL,
  `guest_alt_email` varchar(200) NOT NULL,
  `guest_address2` varchar(200) NOT NULL,
  `state` varchar(200) NOT NULL,
  `guest_alt_mobile` varchar(200) NOT NULL,
  `input_user` varchar(200) NOT NULL,
  `guest_country` varchar(200) NOT NULL,
  `guest_details_ref` varchar(200) NOT NULL,
  `guest_enquiry_ref` varchar(200) NOT NULL,
  `enquiry_date` varchar(200) NOT NULL,
  `enquiry_reference` varchar(200) NOT NULL,
  `enquiry_ext_rfn_no` varchar(200) NOT NULL,
  `enquiry_status` varchar(200) NOT NULL,
  `enquiry_crm` varchar(200) NOT NULL,
  `enquiry_input_by` varchar(200) NOT NULL,
  `enquiry_remarks` varchar(200) NOT NULL
) ENGINE=InnoDB DEFAULT CHARSET=latin1;

--
-- Dumping data for table `guest_enquiry`
--

INSERT INTO `guest_enquiry` (`id`, `guest_name`, `guest_email`, `guest_address1`, `guest_city`, `guest_mobile`, `guest_alt_email`, `guest_address2`, `state`, `guest_alt_mobile`, `input_user`, `guest_country`, `guest_details_ref`, `guest_enquiry_ref`, `enquiry_date`, `enquiry_reference`, `enquiry_ext_rfn_no`, `enquiry_status`, `enquiry_crm`, `enquiry_input_by`, `enquiry_remarks`) VALUES
(1, 'Chatan', 'chatan@gmail.com', 'Chatan Villla', 'Chatanoor', '9658471256', '', '', 'Kerala', '9874563256', 'Athul C', '1', '5a109131c62f8', '5a109131c62fc', '', '', '', '', '', '', ''),
(3, 'Chatan2', 'chatan2@gmail.com', 'Chatan house 1', 'Chatanoor', '', 'chatan3@gmail.com', 'Chatan house 2', 'Kerala', '', 'Athul C', '1', '5a10a80db1596', '5a10a80db159b', '19-Nov-2017', '1', 'BHFKJF684565', 'Active', '1', 'Athul C', 'This is really crazy');

-- --------------------------------------------------------

--
-- Table structure for table `mail_box`
--

CREATE TABLE `mail_box` (
  `id` int(11) NOT NULL,
  `ticket_id` int(11) NOT NULL,
  `from_user_id` int(11) NOT NULL,
  `mail_from` varchar(255) NOT NULL,
  `mail_subject` varchar(255) NOT NULL,
  `mail_content` text NOT NULL,
  `mail_attachement` varchar(255) NOT NULL,
  `date_to_send` datetime NOT NULL
) ENGINE=InnoDB DEFAULT CHARSET=latin1;

--
-- Dumping data for table `mail_box`
--

INSERT INTO `mail_box` (`id`, `ticket_id`, `from_user_id`, `mail_from`, `mail_subject`, `mail_content`, `mail_attachement`, `date_to_send`) VALUES
(1, 250, 380, 'amal@kmct.com', 'Some issues', 'please make it fast', '', '2017-09-15 04:49:01'),
(2, 257, 380, 'amal@kmct.com', 'Isuue reported', 'Hi,\r\nPlease fix the issue immediately. \r\n\r\nThank you,\r\nHelp-Us', '', '2017-09-15 05:23:05'),
(3, 257, 237, 'normal@normal.com', 'About Isuue ', 'what is the status of the issue?', '', '2017-09-15 05:44:36'),
(4, 257, 237, 'normal@normal.com', 'Dvfdbg', 'bfdbdbdfb', '', '2017-09-15 05:55:03'),
(5, 257, 237, 'normal@normal.com', 'gfrdsg', 'sedfrgh', '', '2017-09-15 05:59:15'),
(6, 262, 237, 'normal@normal.com', 'HJh', 'bsdfbdfs', '', '2017-09-15 07:13:34'),
(7, 256, 380, 'amal@kmct.com', 'bfdb', 'bfdsb', '', '2017-09-17 12:48:27'),
(8, 1, 1, 'superadmin', 'asdaswd', 'ghdfghdfgh', 'prod31505838009.jpg', '2017-09-19 09:50:09'),
(9, 1, 1, 'superadmin', 'asdaswd', 'ghdfghdfgh', 'prod31505838138.jpg', '2017-09-19 09:52:18'),
(10, 290, 380, 'amal@kmct.com', 'gfrg', 'bggre', 'img1505883469.jpg', '2017-09-20 10:27:49'),
(11, 290, 380, 'amal@kmct.com', 'gfgdfg', 'dfvgdfgdfgfgdfg', 'prod51505884607.jpg', '2017-09-20 10:46:47'),
(12, 290, 380, 'amal@kmct.com', 'gfgdfg', 'dfvgdfgdfgfgdfg', 'prod51505884639.jpg', '2017-09-20 10:47:19'),
(13, 290, 380, 'amal@kmct.com', 'gfgdfg', 'dfvgdfgdfgfgdfg', 'prod51505884653.jpg', '2017-09-20 10:47:33'),
(14, 290, 380, 'amal@kmct.com', 'testst', 'TEststst', 'picture1505885427.jpg', '2017-09-20 11:00:27'),
(15, 290, 380, 'amal@kmct.com', 'testst', 'TEststst', 'picture1505885445.jpg', '2017-09-20 11:00:45'),
(16, 290, 380, 'amal@kmct.com', 'testst', 'TEststst', 'picture1505885470.jpg', '2017-09-20 11:01:10'),
(17, 290, 380, 'amal@kmct.com', 'gtreg', 'gtwgh', 'picture1505886909.jpg', '2017-09-20 11:25:09'),
(18, 290, 380, 'amal@kmct.com', 'fdfdf', 'fsfsfsfsf', 'prod11505887551.jpg', '2017-09-20 11:35:51'),
(19, 290, 380, 'amal@kmct.com', 'gtgh', 'gserh', '', '2017-09-20 11:36:41'),
(20, 290, 380, 'amal@kmct.com', 'AAA', 'grseg', '', '2017-09-20 11:37:07');

-- --------------------------------------------------------

--
-- Table structure for table `mail_child`
--

CREATE TABLE `mail_child` (
  `id` int(11) NOT NULL,
  `mail_box_id` int(11) NOT NULL,
  `mail_type_id` int(11) NOT NULL,
  `to_user_id` int(11) NOT NULL,
  `read_status` int(11) NOT NULL
) ENGINE=InnoDB DEFAULT CHARSET=latin1;

--
-- Dumping data for table `mail_child`
--

INSERT INTO `mail_child` (`id`, `mail_box_id`, `mail_type_id`, `to_user_id`, `read_status`) VALUES
(1, 1, 1, 385, 0),
(2, 2, 1, 385, 0),
(3, 2, 2, 237, 0),
(4, 3, 1, 380, 0),
(5, 3, 2, 385, 0),
(6, 4, 1, 380, 0),
(7, 4, 1, 385, 0),
(8, 5, 1, 380, 0),
(9, 5, 1, 385, 0),
(10, 5, 2, 387, 0),
(11, 5, 2, 237, 0),
(12, 6, 1, 380, 0),
(13, 6, 1, 385, 0),
(14, 6, 2, 387, 0),
(15, 7, 1, 385, 0),
(16, 7, 2, 387, 0),
(17, 8, 1, 22, 0),
(18, 8, 1, 17, 0),
(19, 8, 2, 22, 0),
(20, 8, 2, 17, 0),
(21, 9, 1, 22, 0),
(22, 9, 1, 17, 0),
(23, 9, 2, 22, 0),
(24, 9, 2, 17, 0),
(25, 10, 1, 385, 0),
(26, 10, 2, 387, 0),
(27, 11, 1, 380, 0),
(28, 11, 1, 385, 0),
(29, 11, 2, 380, 0),
(30, 11, 2, 385, 0),
(31, 12, 1, 380, 0),
(32, 12, 1, 385, 0),
(33, 12, 2, 380, 0),
(34, 12, 2, 385, 0),
(35, 13, 1, 380, 0),
(36, 13, 1, 385, 0),
(37, 13, 2, 380, 0),
(38, 13, 2, 385, 0),
(39, 14, 1, 380, 0),
(40, 14, 1, 385, 0),
(41, 14, 2, 385, 0),
(42, 15, 1, 380, 0),
(43, 15, 1, 385, 0),
(44, 15, 2, 385, 0),
(45, 16, 1, 380, 0),
(46, 16, 1, 385, 0),
(47, 16, 2, 385, 0),
(48, 17, 1, 380, 0),
(49, 17, 2, 385, 0),
(50, 18, 1, 385, 0),
(51, 18, 2, 380, 0),
(52, 19, 1, 380, 0),
(53, 19, 2, 387, 0),
(54, 20, 1, 380, 0),
(55, 20, 2, 380, 0);

-- --------------------------------------------------------

--
-- Table structure for table `mail_demo`
--

CREATE TABLE `mail_demo` (
  `id` int(11) NOT NULL,
  `to` varchar(255) NOT NULL,
  `subject` varchar(255) NOT NULL,
  `body_content` varchar(500) NOT NULL,
  `status` int(11) NOT NULL,
  `created_date` date NOT NULL
) ENGINE=InnoDB DEFAULT CHARSET=latin1;

--
-- Dumping data for table `mail_demo`
--

INSERT INTO `mail_demo` (`id`, `to`, `subject`, `body_content`, `status`, `created_date`) VALUES
(1, 'gfdghrdeh', 'dfhdhdf', 'bfdbhdh', 1, '2017-03-01'),
(2, 'gfdghrdeh', 'dfhdhdf', 'bfdbhdh', 1, '2017-03-01'),
(3, 'gfdghrdeh', 'dfhdhdf', 'bfdbhdh', 1, '2017-03-01');

-- --------------------------------------------------------

--
-- Table structure for table `mail_template`
--

CREATE TABLE `mail_template` (
  `id` int(11) NOT NULL,
  `user_role_type` int(11) NOT NULL,
  `created_user_id` int(11) NOT NULL,
  `mail_name` varchar(255) NOT NULL,
  `mail_subject` varchar(255) NOT NULL,
  `mail_content` text NOT NULL,
  `status` int(11) NOT NULL,
  `created_date` datetime NOT NULL
) ENGINE=InnoDB DEFAULT CHARSET=latin1;

--
-- Dumping data for table `mail_template`
--

INSERT INTO `mail_template` (`id`, `user_role_type`, `created_user_id`, `mail_name`, `mail_subject`, `mail_content`, `status`, `created_date`) VALUES
(1, 0, 0, 'Normal User Mail Template  ', 'HelpUs - User created ', 'Hi {first_name} {last_name}, \n\n	You have successfully registered as User. Your credentials are given below. \n\nFirst Name: {first_name}\nSurname: {last_name}\nContact Number: {contact_number}\nEmail Address: {email}\n\nUsername: {user_name}\nPassword: {password}\n\nYour\'s Faithfully,\n{mail_from}  \n\n\nThis is a system generated mail. Please do not respond to this mail.', 1, '2017-06-12 08:16:13'),
(2, 0, 0, 'Ticket Details Mail Template', 'HelpUs - Ticket Created - {ticket_no}', 'Dear {receiving_name},\n\nYou have successfully generated a new ticket {ticket_no} having complaint based on {ticket_desc}.\n\n\nYour\'s Faithfully,\n{mail_from}\n\n\nThis is a system Generated mail. Please Don\'t respond to this mail. If you have any queries please contact the concerned person', 1, '2017-05-15 04:35:01'),
(3, 0, 0, 'Ticket Current Status Template', 'HelpUs - Ticket Status {ticket_no} ', 'Dear {reciving_name},\n    The current status of your ticket {ticket_no.} is {current_status}.  \n\nYour\'s Faithfully,\n {mail_from} \n\n\n\nThis is a system Generated mail. Please Don\'t respond to this mail. If you have any queries please contact the concerned person. ', 1, '2017-06-07 00:00:00'),
(4, 0, 0, 'Escalation Mail for Ticket', 'Escalation Mail for Ticket{ticket_no.}.', 'Sir {reciving_name},\n\nThe ticket {ticket_no.} has cross the {level_no.}.\n\nYour\'s Faithfully,\n{mail_from}\n\n\nThis is a system Generated mail. Please Don\'t respond to this mail. If you have any queries please contact the concerned person. ', 1, '2017-06-09 00:00:00'),
(5, 0, 0, 'Employee Create Mail Template', 'HelpUs -Employee Created ', 'Hi {first_name} {last_name}, \n\n	You have successfully registered as Employee. Your credentials are given below. \n\nFirst Name: {first_name}\nSurname: {last_name}\nContact Number: {contact_number}\nEmail Address: {email}\n\nUsername: {user_name}\nPassword: {password}\n\nYour\'s Faithfully,\n{mail_from}  \n\n\nThis is a system generated mail. Please do not respond to this mail.', 1, '2017-07-04 00:00:00'),
(6, 0, 0, 'Reset Password', 'HelpUs - Password Reset', 'Hello,\nYour password has been reset successfully! Please {link} using your new password: {password}.\n\nPlease don\'t forget to change your password after you login.\n\n\nYour\'s Faithfully,\n{mail_from}\n\n\nThis is a system Generated mail. Please Don\'t respond to this mail. If you have any queries please contact the concerned person', 1, '2017-06-14 00:00:00'),
(7, 0, 0, 'New Ticket Created', 'HelpUs - New Ticket Created', 'Dear Sir,\n\nA new ticket {ticket_no} is created and having complaint based on {ticket_desc}.\n\n\nYour\'s Faithfully,\n{mail_from}\n\n\nThis is a system Generated mail. Please Don\'t respond to this mail. If you have any queries please contact the concerned person', 1, '2017-06-16 07:18:15'),
(8, 1, 1, 'Test mail template', 'Some issues', 'Dear Sir,\r\n{ticket_no}\r\n{ticket_subject}\r\n{created_user}\r\n{severity_level}', 1, '2017-10-17 05:17:25');

-- --------------------------------------------------------

--
-- Table structure for table `mail_type`
--

CREATE TABLE `mail_type` (
  `id` int(11) NOT NULL,
  `mail_name` varchar(255) NOT NULL
) ENGINE=InnoDB DEFAULT CHARSET=latin1;

--
-- Dumping data for table `mail_type`
--

INSERT INTO `mail_type` (`id`, `mail_name`) VALUES
(1, 'to'),
(2, 'cc');

-- --------------------------------------------------------

--
-- Table structure for table `manager`
--

CREATE TABLE `manager` (
  `id` int(11) NOT NULL,
  `category_type` int(11) NOT NULL,
  `category_id` int(11) NOT NULL,
  `employee_id` int(11) NOT NULL,
  `status` int(11) NOT NULL,
  `created_date` datetime NOT NULL,
  `updated_date` timestamp NOT NULL DEFAULT CURRENT_TIMESTAMP ON UPDATE CURRENT_TIMESTAMP
) ENGINE=InnoDB DEFAULT CHARSET=latin1;

--
-- Dumping data for table `manager`
--

INSERT INTO `manager` (`id`, `category_type`, `category_id`, `employee_id`, `status`, `created_date`, `updated_date`) VALUES
(1, 3, 2, 7, 0, '0000-00-00 00:00:00', '2017-02-28 09:35:52'),
(2, 3, 1, 14, 0, '0000-00-00 00:00:00', '2017-02-28 09:36:04'),
(4, 2, 2, 6, 1, '2017-02-28 01:08:44', '2017-06-16 05:28:10'),
(5, 2, 0, 0, 1, '2017-09-07 07:10:11', '2017-09-07 13:40:11'),
(6, 2, 0, 0, 1, '2017-09-07 07:10:11', '2017-09-07 13:40:11'),
(7, 2, 0, 0, 1, '2017-09-07 07:10:10', '2017-09-07 13:40:10'),
(13, 0, 0, 0, 1, '2017-09-07 07:10:10', '2017-09-07 13:40:10'),
(14, 0, 0, 0, 1, '2017-09-07 07:10:10', '2017-09-07 13:40:10'),
(15, 0, 0, 0, 1, '2017-09-07 07:10:10', '2017-09-07 13:40:10'),
(16, 0, 0, 0, 1, '2017-09-07 07:10:10', '2017-09-07 13:40:10'),
(17, 0, 0, 90, 1, '2017-07-14 12:14:21', '2017-08-05 07:17:54'),
(18, 0, 0, 0, 1, '2017-09-07 07:10:10', '2017-09-07 13:40:10'),
(19, 0, 0, 93, 1, '2017-08-02 02:22:48', '2017-08-02 10:07:45'),
(20, 0, 0, 97, 0, '2017-08-02 02:26:20', '2017-08-02 10:07:36'),
(21, 0, 0, 0, 1, '2017-09-07 07:10:10', '2017-09-07 13:40:10'),
(22, 0, 0, 0, 1, '2017-09-07 07:10:10', '2017-09-07 13:40:10'),
(23, 0, 0, 0, 1, '2017-09-07 07:10:10', '2017-09-07 13:40:10'),
(24, 0, 0, 0, 1, '2017-09-07 07:10:10', '2017-09-07 13:40:10'),
(25, 0, 0, 0, 1, '2017-09-07 07:10:09', '2017-09-07 13:40:09'),
(26, 0, 0, 0, 1, '2017-09-07 07:10:09', '2017-09-07 13:40:09'),
(27, 0, 0, 121, 0, '2017-08-04 06:34:28', '2017-08-09 07:48:36'),
(28, 0, 0, 124, 0, '2017-08-05 12:56:34', '2017-08-09 07:46:30'),
(29, 0, 0, 0, 1, '2017-09-07 07:10:09', '2017-09-07 13:40:09'),
(30, 0, 0, 0, 1, '2017-09-07 07:10:09', '2017-09-07 13:40:09'),
(31, 0, 0, 0, 1, '2017-09-07 07:10:09', '2017-09-07 13:40:09'),
(32, 0, 0, 0, 1, '2017-09-07 07:10:09', '2017-09-07 13:40:09'),
(33, 0, 0, 0, 1, '2017-09-07 07:10:09', '2017-09-07 13:40:09'),
(34, 0, 0, 0, 1, '2017-09-07 07:10:09', '2017-09-07 13:40:09'),
(35, 0, 38, 228, 1, '2017-09-07 07:50:32', '2017-09-07 15:05:59'),
(36, 0, 37, 226, 1, '2017-09-07 08:22:17', '2017-09-07 14:52:17'),
(37, 0, 39, 233, 1, '2017-09-07 09:51:42', '2017-09-07 16:21:42'),
(38, 0, 40, 231, 1, '2017-09-08 11:17:32', '2017-09-08 05:47:32'),
(39, 0, 36, 203, 1, '2017-09-08 05:47:58', '2017-09-08 12:17:58'),
(40, 0, 34, 197, 1, '2017-09-12 11:30:43', '2017-09-12 06:00:43'),
(41, 0, 41, 252, 1, '2017-09-12 11:35:00', '2017-09-12 06:05:00'),
(42, 0, 42, 256, 1, '2017-09-12 12:12:13', '2017-09-12 06:42:13'),
(43, 0, 43, 265, 0, '2017-09-17 11:28:24', '2017-09-20 12:49:17'),
(44, 0, 35, 201, 1, '2017-09-19 07:03:34', '2017-09-19 13:33:34'),
(45, 0, 44, 293, 1, '2017-09-25 11:30:39', '2017-09-25 06:00:39'),
(46, 0, 45, 298, 1, '2017-09-25 02:14:09', '2017-09-25 08:44:09'),
(47, 0, 46, 302, 1, '2017-09-25 03:57:40', '2017-09-25 10:27:40'),
(48, 0, 47, 447, 1, '2017-10-20 03:20:33', '2017-10-20 09:50:33'),
(49, 0, 48, 451, 1, '2017-10-20 04:10:41', '2017-10-20 10:40:41');

-- --------------------------------------------------------

--
-- Table structure for table `managment_team`
--

CREATE TABLE `managment_team` (
  `id` int(11) NOT NULL,
  `user_id` int(11) NOT NULL,
  `f_name` varchar(255) NOT NULL,
  `m_name` varchar(255) NOT NULL,
  `l_name` varchar(255) NOT NULL,
  `email` varchar(255) NOT NULL,
  `primary_contact_no` varchar(255) NOT NULL,
  `secondary_contact_no` varchar(255) NOT NULL,
  `profile_pic` varchar(255) NOT NULL
) ENGINE=InnoDB DEFAULT CHARSET=latin1;

--
-- Dumping data for table `managment_team`
--

INSERT INTO `managment_team` (`id`, `user_id`, `f_name`, `m_name`, `l_name`, `email`, `primary_contact_no`, `secondary_contact_no`, `profile_pic`) VALUES
(1, 613, 'Management', '', 'Helpus', 'management@helpus.com', '9632587415', '', ''),
(2, 614, 'Management 2', '', 'Helpus', 'managemant2@mailinator.com', '9874563210', '', '');

-- --------------------------------------------------------

--
-- Table structure for table `normal_user`
--

CREATE TABLE `normal_user` (
  `id` int(11) NOT NULL,
  `user_id` int(11) NOT NULL,
  `f_name` varchar(255) NOT NULL,
  `m_name` varchar(255) NOT NULL,
  `l_name` varchar(255) NOT NULL,
  `email` varchar(255) NOT NULL,
  `concat_number` varchar(255) NOT NULL,
  `profile_pic` varchar(255) NOT NULL,
  `category_type_id` int(11) NOT NULL,
  `category_id` int(11) NOT NULL,
  `status` int(11) NOT NULL
) ENGINE=InnoDB DEFAULT CHARSET=latin1;

--
-- Dumping data for table `normal_user`
--

INSERT INTO `normal_user` (`id`, `user_id`, `f_name`, `m_name`, `l_name`, `email`, `concat_number`, `profile_pic`, `category_type_id`, `category_id`, `status`) VALUES
(1, 25, 'Nithin', '', 'Benny', 'nithin@gmail.com', '9048405074', '', 2, 1, 0),
(2, 26, 'Navas', '', 'S', 'navas@gmail.com', '9856231245', '', 2, 2, 0),
(3, 27, 'Avinash', '', 'Bala', 'avnish@gmail.com', '8956231245', '', 2, 1, 0),
(4, 0, 'Jojo', '', 'George', 'nithin719@gmail.com', '9845742512', '', 2, 6, 0),
(5, 32, 'Jojo', '', 'George', 'nithin719@gmail.com', '9845742512', '', 2, 6, 0),
(6, 33, 'Winston', '', 'R', 'winston@gmail.com', '8523697410', '', 2, 5, 0),
(7, 39, 'Ramjith', '', 'R', 'ram@gmail.com', '8523697410', '', 2, 7, 0),
(8, 0, 'AAA', '', 'aaa', 'aaa@gmail.com', '9656863623', '', 2, 7, 0),
(9, 0, 'AAA', '', 'aaa', 'aaa@gmail.com', '9656863623', '', 2, 7, 0),
(10, 41, 'AAA', '', 'aaa', 'aaa@gmail.com', '9656863623', '', 2, 7, 0),
(11, 42, 'ABBB', '', 'dfgsa', 'ann@gmail.com', '9048405074', '', 2, 7, 0),
(12, 43, 'QQQ', '', 'QQ', 'qqqq@gmail.com', '8523697410', '', 2, 7, 0),
(13, 44, 'QQQ', '', 'QQ', 'qqqq@gmail.com', '8523697410', '', 2, 7, 0),
(14, 45, 'QQQ', '', 'QQ', 'qqqq@gmail.com', '8523697410', '', 2, 7, 0),
(15, 46, 'Ramjith', '', 'BB', 'ttt@gmail.com', '8875239877', '', 2, 7, 0),
(16, 0, 'Ramjith', '', 'BB', 'ttt@gmail.com', '8875239877', '', 2, 7, 0),
(17, 0, 'Ramjith', '', 'BB', 'ttt@gmail.com', '8875239877', '', 2, 7, 0),
(18, 48, 'Ramjith', '', 'BB', 'ttt@gmail.com', '8875239877', '', 2, 7, 0),
(19, 49, 'Ramjith', '', 'BB', 'ttt@gmail.com', '8875239877', '', 2, 7, 0),
(20, 50, 'Ramjith', '', 'BB', 'ttt@gmail.com', '8875239877', '', 2, 7, 0),
(21, 51, 'Ramjith', '', 'BB', 'ttt@gmail.com', '8875239877', '', 2, 7, 0),
(22, 52, 'Ramjith', '', 'BB', 'ttt@gmail.com', '8875239877', '', 2, 7, 0),
(23, 53, 'Ramjith', '', 'BB', 'ttt@gmail.com', '8875239877', '', 2, 7, 0),
(24, 54, 'Ramjith', '', 'BB', 'ttt@gmail.com', '8875239877', '', 2, 7, 0),
(25, 55, 'Ramjith', '', 'BB', 'ttt@gmail.com', '8875239877', '', 2, 7, 0),
(26, 56, 'Ramjith', '', 'BB', 'ttt@gmail.com', '8875239877', '', 2, 7, 0),
(27, 58, 'baker', '', 'www', 'baker@normal.com', '9048405074', '', 0, 0, 0),
(28, 59, 'Dino', '', 'Benny', 'dd@gg.ffgg', '9048405074', '', 0, 1, 0),
(29, 60, '', '', '', 'gfraeg', '', '', 0, 1, 0),
(30, 61, '', '', '', 'bfgsh@b.fuj', '', '', 0, 2, 0),
(31, 62, '', '', '', 'fgds', '', '', 0, 2, 0),
(32, 63, '', '', '', 'nithin@gmail.co', '', '', 0, 1, 0),
(33, 64, 'QQQ', '', 'Benny', 'gfv@kj.jh', '9048405074', '', 0, 2, 0),
(34, 65, 'Jahsheer', '', 'dsf', 'ghvgv@hjb.dfj', 'dsfv', '', 0, 1, 0),
(35, 66, 'eeeeeeee', '', 'ffffffffff', 'eeee@ff.com', '9656863623', '', 0, 1, 0),
(36, 67, 'Ashin', '', 'ffffffffff', 'ds@ds.ff', '9656863602', '', 0, 1, 0),
(37, 68, 'eeeeeeee', '', 'Benny', 'dfs@sgfg.jh', '7894561239', '', 0, 1, 0),
(38, 69, 'uuuu', '', 'rrr', 'dfsghuig@hjbg.ghh', '9656238956', '', 0, 1, 0),
(39, 70, 'dcsa', '', 'fdsbgv', 'vdd@bgd.fghj', '8956235689', '', 0, 2, 0),
(40, 71, 'eeeeeeee', '', 'ffffffffff', 'yyy@gg.dh', '7894561239', '', 0, 2, 0),
(41, 72, 'Ashin', '', 'R', 'fgvs@hj.gg', '7894561239', '', 0, 2, 0),
(42, 73, 'Nihtin', '', 'Benny', 'www@ff.hh', '7894561239', '', 0, 1, 0),
(43, 74, 'Nihtin', '', 'dsf', 'fff@dd.gg', '7894561239', '', 0, 1, 0),
(44, 75, 'eeeeeeee', '', 'ffffffffff', 'ggg@dee.hh', '8956235689', '', 0, 1, 0),
(45, 76, 'Ashin', '', 'Benny', 'eeee@dfg.gh', '7894561239', '', 0, 1, 0),
(46, 77, '', '', '', 'dsfgds', '', '', 0, 1, 0),
(47, 78, 'Nithin', '', 'Benny', 'dsf@gfhd.dhfg', '9048405074', '', 0, 1, 0),
(48, 79, 'dsf', '', 'dsf', 'jhgdfs@kh.hjg', '9656863602', '', 0, 1, 0),
(49, 80, 'Ashin', '', 'Benny', 'fvdg@dfgh.dfgh', '7894561239', '', 0, 2, 0),
(50, 81, 'dcsa', '', 'ffffffffff', 'fdg@fgh.fghj', '9656863602', '', 0, 1, 0),
(51, 82, 'fg', '', 'fg', 'bdf@df.ghj', '8956235689', '', 0, 1, 0),
(52, 83, 'avinas', '', 'sad', 'qw@q.com', '8956235689', '', 0, 1, 0),
(53, 84, 'asd', '', '', 'q@q.com', '', '', 0, 1, 0),
(54, 85, '', '', '', 'f@f.com', '', '', 0, 1, 0),
(55, 86, 'aa', '', 'aa', 'q@v.com', '8956235689', '', 0, 2, 0),
(56, 87, '', '', '', 'a@v.com', '', '', 0, 1, 0),
(57, 88, 'asdsd', '', 'fdf', 'ff@gg.com', '8956235689', '', 0, 1, 0),
(58, 89, 'Ashin', '', 'dsf', 'fff@ffk.jj', '7894561239', '', 0, 1, 0),
(59, 90, 'Nihtin', '', 'aa', 'bb@ff.hjj', '8956235689', '', 0, 1, 0),
(60, 91, 'Nihtin', '', 'dsf', 'gfsg@fdef.fhj', '7894561239', '', 0, 1, 0),
(61, 122, 'YYYY', '', 'Y', 'yyy@yy.yy', '9656863602', '', 0, 1, 0),
(62, 135, 'ggh', '', 'ggg', 'ggg@gg.com', '8956235689', '', 0, 1, 0),
(63, 151, 'Mahi', '', 'K', 'mahi@wet.com', '7894561239', '', 0, 21, 0),
(64, 152, 'www', '', 'wet', 'www@ww.ww', '8956235689', '3df9c55cdab04863709f062cb9e55eaa1500189385.jpg', 0, 21, 0),
(65, 153, 'QQ', '', 'QQ', 'qqq@qq.qq', '8956235689', '', 0, 21, 0),
(66, 154, 'QQ', '', 'QQ', 'qqq@qq.qq', '8956235689', '', 0, 21, 0),
(67, 155, 'QQ', '', 'QQ', 'qqq@qq.qq', '8956235689', '', 0, 21, 0),
(68, 156, 'RR', '', 'R', 'rr@rr.rr', '8956235689', '', 0, 21, 0),
(69, 157, 'AAA', '', 'dsf', 'aaa@aa.aa', '8956235689', '', 0, 21, 0),
(70, 158, 'AAA', '', 'dsf', 'aaa@aa.aa', '8956235689', '', 0, 21, 0),
(71, 159, 'AAA', '', 'dsf', 'aaa@aa.aa', '8956235689', '', 0, 21, 0),
(72, 160, 'AAA', '', 'dsf', 'aaa@aa.aa', '8956235689', '', 0, 21, 0),
(73, 161, 'AAA', '', 'dsf', 'aaa@aa.aa', '8956235689', '', 0, 21, 0),
(74, 162, 'AAA', '', 'dsf', 'aaa@aa.aa', '8956235689', '', 0, 21, 0),
(75, 163, 'AAA', '', 'dsf', 'aaa@aa.aa', '8956235689', '', 0, 21, 0),
(76, 164, 'AAA', '', 'dsf', 'aaa@aa.aa', '8956235689', '', 0, 21, 0),
(77, 165, 'AAA', '', 'AHB', 'aa@aa.aa', '8956235689', '', 0, 21, 0),
(78, 166, 'dcsa', '', 'fdsbgv', 'dsf@fd.ffg', '8956235689', '', 0, 21, 0),
(79, 167, 'dcsa', '', 'fdsbgv', 'dsf@fd.ffg', '8956235689', '', 0, 21, 0),
(80, 168, 'gf', '', 'nfh', 'gd@dfgh.hdft', '8956235689', '', 0, 21, 0),
(81, 169, 'gf', '', 'nfh', 'gd@dfgh.hdft', '8956235689', '', 0, 21, 0),
(82, 170, 'bd', '', 'fdsbgv', 'vfds@gd.ghd', '8956235689', '', 0, 21, 0),
(83, 171, 'bd', '', 'fdsbgv', 'vfds@gd.ghd', '8956235689', '', 0, 21, 0),
(84, 172, 'SS', '', 'SS', 'sss@ss.ss', '8956235689', '', 0, 21, 0),
(85, 173, 'vfds', '', 'vdf', 'ddd@ff.fkj', '8956235689', '', 0, 21, 0),
(86, 174, 'vfds', '', 'vdf', 'ddd@ff.fkj', '8956235689', '', 0, 21, 0),
(87, 175, 'nhg', '', 'ngh', 'vfds@dfg.dfgh', '8956235689', '', 0, 21, 0),
(88, 176, 'bfg', '', 'bgf', 'fd@df.dfg', '8956235689', '', 0, 21, 0),
(89, 177, 'fds', '', 'ffffffffff', 'bujuj@jj.dshj', '8956235689', '', 0, 21, 0),
(90, 178, 'fds', '', 'ffffffffff', 'bujuj@jj.dshj', '8956235689', '', 0, 21, 0),
(91, 179, 'fds', '', 'ffffffffff', 'bujuj@jj.dshj', '8956235689', '', 0, 21, 0),
(92, 180, 'dcsa', '', 'ffffffffff', 'bhh@hh.dj', '8956235689', '', 0, 21, 0),
(93, 181, 'vdsz', '', 'dfvz', 'ghgh@hjvg.dsvc', '8956235689', '', 0, 21, 0),
(94, 182, 'vfds', '', 'fvds', 'df@dfgs.df', '7894561239', '', 0, 21, 0),
(95, 183, 'zzz', '', 'zzz', 'zz@zz.zz', '8956235689', '', 0, 21, 0),
(96, 184, 'bfg', '', 'ngf', 'asd@ff.gg', '8956235689', '', 0, 21, 0),
(97, 185, 'gf', '', 'fbg', 'fgnj@bd.bd', '8956235689', '', 0, 21, 0),
(98, 186, 'gf', '', 'fbg', 'fgnj@bd.bd', '8956235689', '', 0, 21, 0),
(99, 187, 'vf', '', 'vfd', 'bdfsg@dr.tyj', '7894561239', '', 0, 21, 0),
(100, 188, 'bhgtdf', '', 'bhgdr', 'gbfs@hr.hth', '8956235689', '', 0, 21, 0),
(101, 189, 'vfds', '', 'vbfds', 'vdsa@stg.hgf', '8956235689', '', 0, 21, 0),
(102, 190, 'vsz', '', 'vfs', 'vcds@ghj.tyhj', '8956235689', '', 0, 21, 0),
(103, 191, 'vsz', '', 'vfs', 'vcds@ghj.tyhj', '8956235689', '', 0, 21, 0),
(104, 192, 'vsz', '', 'vfs', 'vcds@ghj.tyhj', '8956235689', '', 0, 21, 0),
(105, 193, 'vsz', '', 'vfs', 'vcds@ghj.tyhj', '8956235689', '', 0, 21, 0),
(106, 194, 'vsz', '', 'vfs', 'vcds@ghj.tyhj', '8956235689', '', 0, 21, 0),
(107, 195, 'vsz', '', 'vfs', 'vcds@ghj.tyhj', '8956235689', '', 0, 21, 0),
(108, 196, 'bgd', '', 'bgd', 'fdg@fdh.gh', '8956235689', '', 0, 21, 0),
(109, 197, 'vf', '', 'vfdsv', 'vdf@fdf.hg', '8956235689', '', 0, 21, 0),
(110, 198, 'ds', '', 'vdfs', 'df@bg.hv', '7894561239', '', 0, 21, 0),
(111, 199, 'cds', '', 'dsvc', 'vfd@fdf.nfg', '8956235689', '', 0, 21, 0),
(112, 200, 'dfbs', '', 'dfsbg', 'dfb@bg.ndfgh', '8956235689', '', 0, 21, 0),
(113, 201, 'dvc', '', 'vdfs', 'vfs@bg.nfg', '8956235689', '', 0, 21, 0),
(114, 202, 'dvc', '', 'vdfs', 'vfs@bg.nfg', '8956235689', '', 0, 21, 0),
(115, 203, 'dvc', '', 'vdfs', 'vfs@bg.nfg', '8956235689', '', 0, 21, 0),
(116, 204, 'dvc', '', 'vdfs', 'vfs@bg.nfg', '8956235689', '', 0, 21, 0),
(117, 205, 'dvf', '', 'vfd', 'dsw@fv.vdr', '9656863602', '', 0, 21, 0),
(118, 206, 'nhg', '', 'fgh', 'dsv@dfgs.fhj', '7894561239', '', 0, 21, 0),
(119, 207, 'vdfs', '', 'ds', 'fdsw@fvd.hg', '8956235689', '', 0, 21, 0),
(120, 208, 'eeeeeeee', '', 'vfd', 'dvc@ssd.dd', '7894561239', '', 0, 21, 0),
(121, 209, 'vds', '', 'vdfs', 'adsf@hftd.htg', '9048405074', '', 0, 21, 0),
(122, 210, 'fhg', '', 'fg', 'bgdf@dfg.fgh', '8956235689', '', 0, 21, 0),
(123, 211, 'hfg', '', 'dfgh', 'efs@gdhf.ff', '9656863602', '', 0, 21, 0),
(124, 212, 'hfg', '', 'dfgh', 'efs@gdhf.ff', '9656863602', '', 0, 21, 0),
(125, 213, 'hfg', '', 'dfgh', 'efs@gdhf.ff', '9656863602', '', 0, 21, 0),
(126, 214, 'hfg', '', 'dfgh', 'efs@gdhf.ff', '9656863602', '', 0, 21, 0),
(127, 215, 'hfg', '', 'dfgh', 'efs@gdhf.ff', '9656863602', '', 0, 21, 0),
(128, 216, 'hfg', '', 'dfgh', 'efs@gdhf.ff', '9656863602', '', 0, 21, 0),
(129, 217, 'dfsg', '', 'dfs', 'ds@vfsv.df', '8956235689', '', 0, 21, 0),
(130, 218, 'fdg', '', 'fdg', 'vhj@hgf.fgrd', '8956235689', '', 0, 21, 0),
(131, 219, 'fdg', '', 'fdg', 'vhj@hgf.fgrd', '8956235689', '', 0, 21, 0),
(132, 220, 'fdg', '', 'fdg', 'vhj@hgf.fgrd', '8956235689', '', 0, 21, 0),
(133, 221, 'fdg', '', 'fdg', 'vhj@hgf.fgrd', '8956235689', '', 0, 21, 0),
(134, 222, 'fdg', '', 'fdg', 'vhj@hgf.fgrd', '8956235689', '', 0, 21, 0),
(135, 223, 'Q', '', 'Q', 'a@gmail.com', '1234567890', '', 0, 20, 0),
(136, 224, 'C', '', 'G', 'c@gmail.com', '8956235689', '', 0, 16, 0),
(137, 225, 'B', '', 'G', 'b@gmail.com', '8956235689', '', 0, 16, 0),
(138, 237, 'Normal', '', 'User', 'normal@normal.com', '8956235689', '', 0, 21, 0),
(139, 265, 'Normal', '', 'User', 'normal@ghs.com', '7894561239', '', 0, 25, 0),
(140, 266, 'New', '', 'Normal', 'new@normal.com', '8956235689', '', 0, 25, 0),
(141, 267, 'New', '', 'Normal', 'new@normal.com', '8956235689', '', 0, 25, 0),
(142, 268, 'Normal', '', '1', 'normal1@normal.com', '8956235689', '', 0, 25, 0),
(143, 269, 'Normal', '', '1', 'normal1@normal.com', '8956235689', '', 0, 25, 0),
(144, 270, 'bgf', '', 'fg', 'dfg@gdfh.yhj', '8956235689', '', 0, 25, 0),
(145, 271, 'bgf', '', 'fg', 'dfg@gdfh.yhj', '8956235689', '', 0, 25, 0),
(146, 272, 'dgh', '', 'df', 'nfdvgkjn@klnj.dd', '8956235689', '', 0, 25, 0),
(147, 290, 'First', '', 'Normal', 'html@normal.com', '8956235689', '', 0, 28, 0),
(148, 291, 'H1', '', 'Benny', 'h1@normal.com', '8956235689', '', 0, 28, 0),
(149, 292, 'H2', '', 'fdsbgv', 'h2@normal.com', '8956235689', '', 0, 28, 0),
(150, 354, 'Athul', '', 'Mohan', 'athulg@cmi.com', '8956235689', '', 0, 28, 0),
(151, 355, 'vfds', '', 'dfsvg', 'bdfg@mugh.hgft', '8956235689', '', 0, 28, 0),
(152, 356, 'frew', '', 'vds', 'qqqkhj@mnd.nhh', '7894561239', '', 0, 28, 0),
(153, 391, 'Ramjith', '', 'K', 'ramjith@kmct.com', '7894561239', '', 0, 40, 0),
(154, 398, 'User', '', 'Has No Name', 'noname@kmct.com', '8956235689', '', 0, 40, 0),
(155, 399, 'User', 'has', 'no name', 'bfdb@gnbhf.gdd', '8956235689', 'avatharbyjaj540d4tmnq11505047519.jpg', 0, 40, 0),
(156, 400, 'QRS', '', 'KMCT', 'qrs@kmct.com', '8956235689', '', 0, 40, 0),
(157, 413, 'Noraml User', '', 'KFC', 'normal@kfc.com', '9656863602', '', 0, 42, 0),
(158, 414, 'sdcx', '', 'cda', 'hhh@jh.khj', '9845742512', '', 0, 42, 0),
(159, 415, 'vfds', '', 'fcdsa', 'tyty@kfc.com', '7894561239', '', 0, 42, 0),
(160, 424, 'KFC Normal', '', 'KFC', 'kfc@kfc.com', '8956235689', '', 0, 42, 0),
(161, 425, 'Normal User', '', 'KMCT', 'normal@kmct.com', '9656863602', '', 0, 40, 0),
(162, 426, 'Normal User', '', 'KMCT', 'normal@kmct.com', '9656863602', '', 0, 40, 0),
(163, 427, 'QW', '', 'KMCT', 'qw@kmct.com', '8956235689', '', 0, 40, 0),
(164, 428, 'AAA', '', 'kjh', 'aaa@kmct.com', '8956235689', '', 0, 40, 0),
(165, 429, 'Krish', '', 'User KMCT', 'krish@kmct.com', '9048405074', '', 0, 40, 0);

-- --------------------------------------------------------

--
-- Table structure for table `notifiction`
--

CREATE TABLE `notifiction` (
  `id` int(11) NOT NULL,
  `ticket_id` int(11) NOT NULL,
  `user_id` int(11) NOT NULL,
  `subject` varchar(255) NOT NULL,
  `text` text NOT NULL,
  `date` datetime NOT NULL,
  `read_status` int(11) NOT NULL
) ENGINE=InnoDB DEFAULT CHARSET=latin1;

--
-- Dumping data for table `notifiction`
--

INSERT INTO `notifiction` (`id`, `ticket_id`, `user_id`, `subject`, `text`, `date`, `read_status`) VALUES
(1, 264, 230, 'New ticket created', 'User created a ticket - TICKT-264 on 15-09-2017', '2017-09-15 08:39:09', 1),
(2, 264, 235, 'TICKT-264 - POC to Dept. Head', 'POC Amal  Thomas assigned ticket - TICKT-264 to Dept Head.', '2017-09-15 08:40:05', 1),
(3, 265, 230, 'New ticket created', 'User created a ticket - TICKT-265 on 16-09-2017', '2017-09-16 11:35:43', 1),
(4, 265, 235, 'TICKT-265 - POC to Dept. Head', 'POC Amal  Thomas assigned ticket - TICKT-265 to Dept Head.', '2017-09-16 12:22:00', 1),
(5, 265, 235, 'TICKT-265 - POC to Dept. Head', 'POC Amal  Thomas assigned ticket - TICKT-265 to Dept Head.', '2017-09-16 12:23:59', 1),
(6, 265, 138, 'TICKT-265 - POC to Dept. Head', 'POC Amal  Thomas assigned ticket - TICKT-265 to Dept Head.', '2017-09-16 12:23:59', 1),
(7, 265, 237, 'TICKT-265 - Dept Head to Dept. Employee', 'Dept Head Nithin  Benny assigned ticket - TICKT-265 to Dept Employee.', '2017-09-16 12:24:46', 1),
(8, 265, 138, 'TICKT-265 - Dept Head to Dept. Employee', 'Dept Head Nithin  Benny assigned ticket - TICKT-265 to Dept Employee.', '2017-09-16 12:24:46', 1),
(9, 266, 230, 'New ticket created', 'User created a ticket - TICKT-266 on 16-09-2017', '2017-09-16 02:32:06', 1),
(10, 267, 230, 'New ticket created', 'User created a ticket - TICKT-267 on 16-09-2017', '2017-09-16 03:20:23', 1),
(11, 268, 230, 'New ticket created', 'User created a ticket - TICKT-268 on 16-09-2017', '2017-09-16 03:21:05', 1),
(12, 267, 235, 'TICKT-267 - POC to Dept. Head', 'POC Amal  Thomas assigned ticket - TICKT-267 to Dept Head.', '2017-09-16 03:21:47', 1),
(13, 267, 138, 'TICKT-267 - POC to Dept. Head', 'POC Amal  Thomas assigned ticket - TICKT-267 to Dept Head.', '2017-09-16 03:21:47', 1),
(14, 267, 237, 'TICKT-267 - Dept Head to Dept. Employee', 'Dept Head Nithin  Benny assigned ticket - TICKT-267 to Dept Employee.', '2017-09-16 03:23:31', 1),
(15, 267, 138, 'TICKT-267 - Dept Head to Dept. Employee', 'Dept Head Nithin  Benny assigned ticket - TICKT-267 to Dept Employee.', '2017-09-16 03:23:31', 1),
(16, 267, 235, 'TICKT-267 - Ticket Resolved', 'Ticket - TICKT-267 has been resolved by Vishnu  P', '2017-09-16 03:56:32', 1),
(17, 267, 138, 'TICKT-267 - Ticket Resolved', 'Ticket - TICKT-267 has been resolved by Vishnu  P', '2017-09-16 03:56:32', 1),
(18, 267, 237, 'TICKT-267 - Depatment Head Reject the resolution (Re-Assign)', 'Issue found on resolved ticket - TICKT-267 and Nithin  Benny re-assign to Nithin  Benny', '2017-09-16 03:57:06', 1),
(19, 267, 138, 'TICKT-267 - Depatment Head Reject the resolution (Re-Assign)', 'Issue found on resolved ticket - TICKT-267 and Nithin  Benny re-assign to Nithin  Benny', '2017-09-16 03:57:06', 1),
(20, 267, 235, 'TICKT-267 - Ticket Resolved', 'Ticket - TICKT-267 has been resolved by Vishnu  P', '2017-09-16 04:06:40', 1),
(21, 267, 138, 'TICKT-267 - Ticket Resolved', 'Ticket - TICKT-267 has been resolved by Vishnu  P', '2017-09-16 04:06:41', 1),
(22, 267, 230, 'TICKT-267 - Ticket Accepted', 'Ticket - TICKT-267 has been accepted by Nithin  Benny', '2017-09-16 04:21:06', 1),
(23, 267, 138, 'TICKT-267 - Ticket Accepted', 'Ticket - TICKT-267 has been accepted by Nithin  Benny', '2017-09-16 04:21:06', 1),
(24, 267, 138, 'POC Amal  Thomas verified and closed', 'POC Amal  Thomas verified and closed the ticket', '2017-09-16 04:22:01', 1),
(25, 267, 0, 'User Manager  CMI accepted the closure.', 'User Normal User has been successfully accepted the closure. ', '2017-09-16 04:22:51', 0),
(26, 269, 230, 'New ticket created', 'User created a ticket - TICKT-269 on 16-09-2017', '2017-09-16 04:46:48', 1),
(27, 269, 138, 'POC Amal  Thomas Rejected successfully', 'POC Amal  Thomas rejected the ticket', '2017-09-16 04:47:43', 1),
(28, 270, 230, 'New ticket created', 'User created a ticket - TICKT-270 on 17-09-2017', '2017-09-17 12:58:20', 1),
(29, 270, 235, 'TICKT-270 - POC to Dept. Head', 'POC Amal  Thomas assigned ticket - TICKT-270 to Dept Head.', '2017-09-17 12:59:11', 1),
(30, 270, 138, 'TICKT-270 - POC to Dept. Head', 'POC Amal  Thomas assigned ticket - TICKT-270 to Dept Head.', '2017-09-17 12:59:11', 1),
(31, 270, 237, 'TICKT-270 - Dept Head to Dept. Employee', 'Dept Head Nithin  Benny assigned ticket - TICKT-270 to Dept Employee.', '2017-09-17 01:19:30', 1),
(32, 270, 138, 'TICKT-270 - Dept Head to Dept. Employee', 'Dept Head Nithin  Benny assigned ticket - TICKT-270 to Dept Employee.', '2017-09-17 01:19:30', 1),
(33, 265, 235, 'TICKT-265 - Ticket Resolved', 'Ticket - TICKT-265 has been resolved by Vishnu  P', '2017-09-17 01:21:58', 1),
(34, 265, 138, 'TICKT-265 - Ticket Resolved', 'Ticket - TICKT-265 has been resolved by Vishnu  P', '2017-09-17 01:21:59', 1),
(35, 265, 238, 'TICKT-265 - Dept Head to Dept. Employee', 'Dept Head Nithin  Benny assigned ticket - TICKT-265 to Dept Employee.', '2017-09-17 01:22:46', 1),
(36, 265, 138, 'TICKT-265 - Dept Head to Dept. Employee', 'Dept Head Nithin  Benny assigned ticket - TICKT-265 to Dept Employee.', '2017-09-17 01:22:47', 1),
(37, 265, 235, 'TICKT-265 - Ticket Resolved', 'Ticket - TICKT-265 has been resolved by Akhil  John', '2017-09-17 01:23:13', 1),
(38, 265, 138, 'TICKT-265 - Ticket Resolved', 'Ticket - TICKT-265 has been resolved by Akhil  John', '2017-09-17 01:23:13', 1),
(39, 265, 238, 'TICKT-265 - Depatment Head Reject the resolution (Re-Assign)', 'Issue found on resolved ticket - TICKT-265 and Nithin  Benny re-assign to Nithin  Benny', '2017-09-17 01:23:41', 1),
(40, 265, 138, 'TICKT-265 - Depatment Head Reject the resolution (Re-Assign)', 'Issue found on resolved ticket - TICKT-265 and Nithin  Benny re-assign to Nithin  Benny', '2017-09-17 01:23:42', 1),
(41, 265, 235, 'TICKT-265 - Ticket Resolved', 'Ticket - TICKT-265 has been resolved by Akhil  John', '2017-09-17 01:24:01', 1),
(42, 265, 138, 'TICKT-265 - Ticket Resolved', 'Ticket - TICKT-265 has been resolved by Akhil  John', '2017-09-17 01:24:01', 1),
(43, 265, 230, 'TICKT-265 - Ticket Accepted', 'Ticket - TICKT-265 has been accepted by Nithin  Benny', '2017-09-17 01:24:25', 1),
(44, 265, 138, 'TICKT-265 - Ticket Accepted', 'Ticket - TICKT-265 has been accepted by Nithin  Benny', '2017-09-17 01:24:25', 1),
(45, 265, 235, 'TICKT-265 - Reject the resolution (Re-Assign)', 'Issue found on resolved ticket - TICKT-265 and Amal  Thomas re-assign to Amal  Thomas', '2017-09-17 01:25:13', 1),
(46, 265, 138, 'TICKT-265 - Reject the resolution (Re-Assign)', 'Issue found on resolved ticket - TICKT-265 and Amal  Thomas re-assign to Amal  Thomas', '2017-09-17 01:25:13', 1),
(47, 265, 237, 'TICKT-265 - Dept Head to Dept. Employee', 'Dept Head Nithin  Benny assigned ticket - TICKT-265 to Dept Employee.', '2017-09-17 01:25:44', 1),
(48, 265, 138, 'TICKT-265 - Dept Head to Dept. Employee', 'Dept Head Nithin  Benny assigned ticket - TICKT-265 to Dept Employee.', '2017-09-17 01:25:44', 1),
(49, 265, 235, 'TICKT-265 - Ticket Resolved', 'Ticket - TICKT-265 has been resolved by Vishnu  P', '2017-09-17 01:26:06', 1),
(50, 265, 138, 'TICKT-265 - Ticket Resolved', 'Ticket - TICKT-265 has been resolved by Vishnu  P', '2017-09-17 01:26:06', 1),
(51, 265, 230, 'TICKT-265 - Ticket Accepted', 'Ticket - TICKT-265 has been accepted by Nithin  Benny', '2017-09-17 01:26:28', 1),
(52, 265, 138, 'TICKT-265 - Ticket Accepted', 'Ticket - TICKT-265 has been accepted by Nithin  Benny', '2017-09-17 01:26:28', 1),
(53, 265, 138, 'POC Amal  Thomas verified and closed', 'POC Amal  Thomas verified and closed the ticket', '2017-09-17 01:26:57', 1),
(54, 265, 0, 'User Manager  CMI accepted the closure.', 'User Normal User has been successfully accepted the closure. ', '2017-09-17 01:28:16', 0),
(55, 271, 230, 'New ticket created', 'User created a ticket - TICKT-271 on 17-09-2017', '2017-09-17 04:48:37', 1),
(56, 271, 235, 'TICKT-271 - POC to Dept. Head', 'POC Amal  Thomas assigned ticket - TICKT-271 to Dept Head.', '2017-09-17 04:50:08', 1),
(57, 271, 138, 'TICKT-271 - POC to Dept. Head', 'POC Amal  Thomas assigned ticket - TICKT-271 to Dept Head.', '2017-09-17 04:50:08', 1),
(58, 270, 235, 'TICKT-270 - Ticket Resolved', 'Ticket - TICKT-270 has been resolved by Vishnu  P', '2017-09-17 04:54:12', 1),
(59, 270, 138, 'TICKT-270 - Ticket Resolved', 'Ticket - TICKT-270 has been resolved by Vishnu  P', '2017-09-17 04:54:12', 1),
(60, 272, 230, 'New ticket created', 'User created a ticket - TICKT-272 on 17-09-2017', '2017-09-17 05:43:47', 1),
(61, 272, 235, 'TICKT-272 - POC to Dept. Head', 'POC Amal  Thomas assigned ticket - TICKT-272 to Dept Head.', '2017-09-17 05:44:19', 1),
(62, 272, 138, 'TICKT-272 - POC to Dept. Head', 'POC Amal  Thomas assigned ticket - TICKT-272 to Dept Head.', '2017-09-17 05:44:19', 1),
(63, 272, 230, '', '', '2017-09-17 06:11:21', 1),
(64, 272, 138, '', '', '2017-09-17 06:11:21', 1),
(65, 272, 138, 'POC Amal  Thomas verified and closed', 'POC Amal  Thomas verified and closed the ticket', '2017-09-18 10:29:40', 1),
(66, 271, 235, 'TICKT-271 - POC to Dept. Head', 'POC Amal  Thomas assigned ticket - TICKT-271 to Dept Head.', '2017-09-18 10:33:20', 1),
(67, 271, 138, 'TICKT-271 - POC to Dept. Head', 'POC Amal  Thomas assigned ticket - TICKT-271 to Dept Head.', '2017-09-18 10:33:21', 1),
(68, 271, 230, 'TICKT-271 - Ticket Resolved by Department Head', 'Ticket - TICKT-271 has been resolved by Nithin  Benny', '2017-09-18 10:33:44', 1),
(69, 271, 138, 'TICKT-271 - Ticket Resolved by Department Head', 'Ticket - TICKT-271 has been resolved by Nithin  Benny', '2017-09-18 10:33:44', 1),
(70, 271, 138, 'POC Amal  Thomas verified and closed', 'POC Amal  Thomas verified and closed the ticket', '2017-09-18 10:35:05', 1),
(71, 273, 230, 'New ticket created', 'User created a ticket - TICKT-273 on 18-09-2017', '2017-09-18 01:36:14', 1),
(72, 274, 230, 'New ticket created', 'User created a ticket - TICKT-274 on 18-09-2017', '2017-09-18 01:53:49', 1),
(73, 274, 231, 'POC Amal  Thomas forwared to Mananger', 'POC Amal  Thomas requested for management approval', '2017-09-18 01:54:38', 1),
(74, 274, 231, 'Dino  B proceed to POC', 'Mananger Dino  B approved and forwared to POC.', '2017-09-18 01:57:18', 0),
(75, 274, 235, 'TICKT-274 - POC to Dept. Head', 'POC Amal  Thomas assigned ticket - TICKT-274 to Dept Head.', '2017-09-18 02:00:58', 1),
(76, 274, 138, 'TICKT-274 - POC to Dept. Head', 'POC Amal  Thomas assigned ticket - TICKT-274 to Dept Head.', '2017-09-18 02:00:58', 1),
(77, 274, 237, 'TICKT-274 - Dept Head to Dept. Employee', 'Dept Head Nithin  Benny assigned ticket - TICKT-274 to Dept Employee.', '2017-09-18 02:01:33', 1),
(78, 274, 138, 'TICKT-274 - Dept Head to Dept. Employee', 'Dept Head Nithin  Benny assigned ticket - TICKT-274 to Dept Employee.', '2017-09-18 02:01:34', 1),
(79, 275, 230, 'New ticket created', 'User created a ticket - TICKT-275 on 18-09-2017', '2017-09-18 04:44:29', 1),
(80, 275, 231, 'POC Amal  Thomas forwared to Mananger', 'POC Amal  Thomas requested for management approval', '2017-09-18 04:46:06', 1),
(81, 275, 231, 'Dino  B proceed to POC', 'Mananger Dino  B approved and forwared to POC.', '2017-09-18 04:46:50', 1),
(82, 273, 231, 'Dino  B proceed to POC', 'Mananger Dino  B approved and forwared to POC.', '2017-09-18 05:22:22', 0),
(83, 276, 230, 'New ticket created', 'User created a ticket - TICKT-276 on 18-09-2017', '2017-09-18 05:23:25', 1),
(84, 276, 231, 'POC Amal  Thomas forwared to Mananger', 'POC Amal  Thomas requested for management approval', '2017-09-18 05:23:53', 0),
(85, 277, 255, 'New ticket created', 'User created a ticket - TICKT-277 on 18-09-2017', '2017-09-18 05:28:46', 0),
(86, 278, 230, 'New ticket created', 'User created a ticket - TICKT-278 on 18-09-2017', '2017-09-18 05:30:21', 1),
(87, 278, 231, 'POC Amal  Thomas forwared to Mananger', 'POC Amal  Thomas requested for management approval', '2017-09-18 05:30:52', 1),
(88, 278, 231, 'Dino  B proceed to POC', 'Mananger Dino  B approved and forwared to POC.', '2017-09-18 05:31:19', 0),
(89, 278, 235, 'TICKT-278 - POC to Dept. Head', 'POC Amal  Thomas assigned ticket - TICKT-278 to Dept Head.', '2017-09-18 05:31:48', 1),
(90, 278, 138, 'TICKT-278 - POC to Dept. Head', 'POC Amal  Thomas assigned ticket - TICKT-278 to Dept Head.', '2017-09-18 05:31:48', 1),
(91, 279, 230, 'New ticket created', 'User created a ticket - TICKT-279 on 18-09-2017', '2017-09-18 05:32:15', 1),
(92, 279, 231, 'POC Amal  Thomas forwared to Mananger', 'POC Amal  Thomas requested for management approval', '2017-09-18 05:32:44', 1),
(93, 279, 231, 'Dino  B proceed to POC', 'Mananger Dino  B rejected and forwared to POC.', '2017-09-18 05:33:42', 0),
(94, 279, 231, 'Amal  Thomas Closed due to Management Rejection', 'POC Amal  Thomas closed due to management approval', '2017-09-18 05:34:09', 0),
(95, 278, 230, 'TICKT-278 - Ticket Resolved by Department Head', 'Ticket - TICKT-278 has been resolved by Nithin  Benny', '2017-09-18 05:36:46', 1),
(96, 278, 138, 'TICKT-278 - Ticket Resolved by Department Head', 'Ticket - TICKT-278 has been resolved by Nithin  Benny', '2017-09-18 05:36:46', 1),
(97, 280, 230, 'New ticket created', 'User created a ticket - TICKT-280 on 18-09-2017', '2017-09-18 06:48:59', 1),
(98, 281, 230, 'TICKT-281 - Ticket Resolved by Department Head', 'Ticket - TICKT-281 has been resolved by Nithin  Benny', '2017-09-18 07:05:32', 1),
(99, 281, 138, 'TICKT-281 - Ticket Resolved by Department Head', 'Ticket - TICKT-281 has been resolved by Nithin  Benny', '2017-09-18 07:05:32', 1),
(100, 281, 231, 'POC Amal  Thomas verified and closed', 'POC Amal  Thomas verified and closed the ticket', '2017-09-18 07:06:04', 0),
(101, 281, 231, 'User Manager  CMI accepted the closure.', 'User Normal User has been successfully accepted the closure. ', '2017-09-18 07:06:37', 0),
(102, 283, 230, 'New ticket created', 'User created a ticket - TICKT-283 on 18-09-2017', '2017-09-18 07:20:20', 1),
(103, 283, 231, 'POC Amal  Thomas Rejected successfully', 'POC Amal  Thomas rejected the ticket', '2017-09-18 07:34:26', 0),
(104, 284, 230, 'New ticket created', 'User created a ticket - TICKT-284 on 18-09-2017', '2017-09-18 07:35:32', 1),
(105, 284, 231, 'POC Amal  Thomas forwared to Mananger', 'POC Amal  Thomas requested for management approval', '2017-09-18 07:36:02', 1),
(106, 284, 231, 'Dino  B proceed to POC', 'Mananger Dino  B rejected and forwared to POC.', '2017-09-18 07:36:56', 0),
(107, 284, 231, 'Amal  Thomas Closed due to Management Rejection', 'POC Amal  Thomas closed due to management approval', '2017-09-18 07:37:30', 0),
(108, 285, 230, 'New ticket created', 'User created a ticket - TICKT-285 on 18-09-2017', '2017-09-18 07:39:56', 1),
(109, 285, 231, 'POC Amal  Thomas forwared to Mananger', 'POC Amal  Thomas requested for management approval', '2017-09-18 07:40:25', 1),
(110, 285, 231, 'Dino  B proceed to POC', 'Mananger Dino  B approved and forwared to POC.', '2017-09-18 07:40:55', 0),
(111, 285, 235, 'TICKT-285 - POC to Dept. Head', 'POC Amal  Thomas assigned ticket - TICKT-285 to Dept Head.', '2017-09-18 07:43:49', 1),
(112, 285, 138, 'TICKT-285 - POC to Dept. Head', 'POC Amal  Thomas assigned ticket - TICKT-285 to Dept Head.', '2017-09-18 07:43:49', 1),
(113, 285, 230, 'TICKT-285 - Ticket Resolved by Department Head', 'Ticket - TICKT-285 has been resolved by Nithin  Benny', '2017-09-18 07:44:36', 1),
(114, 285, 138, 'TICKT-285 - Ticket Resolved by Department Head', 'Ticket - TICKT-285 has been resolved by Nithin  Benny', '2017-09-18 07:44:36', 1),
(115, 285, 231, 'POC Amal  Thomas verified and closed', 'POC Amal  Thomas verified and closed the ticket', '2017-09-18 07:47:08', 0),
(116, 285, 231, 'User Manager  CMI accepted the closure.', 'User Normal User has been successfully accepted the closure. ', '2017-09-18 07:47:55', 0),
(117, 286, 230, 'New ticket created', 'User created a ticket - TICKT-286 on 18-09-2017', '2017-09-18 07:49:08', 1),
(118, 286, 231, 'POC Amal  Thomas forwared to Mananger', 'POC Amal  Thomas requested for management approval', '2017-09-18 07:49:47', 1),
(119, 286, 231, 'Dino  B proceed to POC', 'Mananger Dino  B approved and forwared to POC.', '2017-09-18 07:50:19', 0),
(120, 286, 235, 'TICKT-286 - POC to Dept. Head', 'POC Amal  Thomas assigned ticket - TICKT-286 to Dept Head.', '2017-09-18 07:50:47', 1),
(121, 286, 138, 'TICKT-286 - POC to Dept. Head', 'POC Amal  Thomas assigned ticket - TICKT-286 to Dept Head.', '2017-09-18 07:50:47', 1),
(122, 286, 230, 'TICKT-286 - Ticket Resolved by Department Head', 'Ticket - TICKT-286 has been resolved by Nithin  Benny', '2017-09-18 07:51:12', 1),
(123, 286, 138, 'TICKT-286 - Ticket Resolved by Department Head', 'Ticket - TICKT-286 has been resolved by Nithin  Benny', '2017-09-18 07:51:12', 1),
(124, 286, 231, 'POC Amal  Thomas verified and closed', 'POC Amal  Thomas verified and closed the ticket', '2017-09-18 07:51:39', 0),
(125, 286, 230, '', '', '2017-09-18 07:52:38', 1),
(126, 286, 138, '', '', '2017-09-18 07:52:38', 1),
(127, 286, 231, 'POC Amal  Thomas Rejected successfully', 'POC Amal  Thomas rejected the ticket', '2017-09-18 07:53:23', 0),
(128, 287, 230, 'New ticket created', 'User created a ticket - TICKT-287 on 18-09-2017', '2017-09-18 07:54:18', 1),
(129, 287, 235, 'TICKT-287 - POC to Dept. Head', 'POC Amal  Thomas assigned ticket - TICKT-287 to Dept Head.', '2017-09-18 07:57:06', 1),
(130, 287, 138, 'TICKT-287 - POC to Dept. Head', 'POC Amal  Thomas assigned ticket - TICKT-287 to Dept Head.', '2017-09-18 07:57:06', 1),
(131, 287, 237, 'TICKT-287 - Dept Head to Dept. Employee', 'Dept Head Nithin  Benny assigned ticket - TICKT-287 to Dept Employee.', '2017-09-18 07:57:35', 1),
(132, 287, 138, 'TICKT-287 - Dept Head to Dept. Employee', 'Dept Head Nithin  Benny assigned ticket - TICKT-287 to Dept Employee.', '2017-09-18 07:57:35', 1),
(133, 287, 235, 'TICKT-287 - Ticket Resolved', 'Ticket - TICKT-287 has been resolved by Vishnu  P', '2017-09-18 07:58:35', 1),
(134, 287, 138, 'TICKT-287 - Ticket Resolved', 'Ticket - TICKT-287 has been resolved by Vishnu  P', '2017-09-18 07:58:35', 1),
(135, 287, 237, 'TICKT-287 - Depatment Head Reject the resolution (Re-Assign)', 'Issue found on resolved ticket - TICKT-287 and Nithin  Benny re-assign to Nithin  Benny', '2017-09-18 07:59:06', 0),
(136, 287, 138, 'TICKT-287 - Depatment Head Reject the resolution (Re-Assign)', 'Issue found on resolved ticket - TICKT-287 and Nithin  Benny re-assign to Nithin  Benny', '2017-09-18 07:59:06', 1),
(137, 287, 238, 'TICKT-287 - Dept Head to Dept. Employee', 'Dept Head Nithin  Benny assigned ticket - TICKT-287 to Dept Employee.', '2017-09-18 07:59:24', 1),
(138, 287, 138, 'TICKT-287 - Dept Head to Dept. Employee', 'Dept Head Nithin  Benny assigned ticket - TICKT-287 to Dept Employee.', '2017-09-18 07:59:24', 1),
(139, 287, 235, 'TICKT-287 - Ticket Resolved', 'Ticket - TICKT-287 has been resolved by Akhil  John', '2017-09-18 08:00:33', 1),
(140, 287, 138, 'TICKT-287 - Ticket Resolved', 'Ticket - TICKT-287 has been resolved by Akhil  John', '2017-09-18 08:00:33', 1),
(141, 287, 230, 'TICKT-287 - Ticket Accepted', 'Ticket - TICKT-287 has been accepted by Nithin  Benny', '2017-09-18 08:01:01', 1),
(142, 287, 138, 'TICKT-287 - Ticket Accepted', 'Ticket - TICKT-287 has been accepted by Nithin  Benny', '2017-09-18 08:01:01', 1),
(143, 287, 235, 'TICKT-287 - Reject the resolution (Re-Assign)', 'Issue found on resolved ticket - TICKT-287 and Amal  Thomas re-assign to Amal  Thomas', '2017-09-18 08:04:31', 1),
(144, 287, 138, 'TICKT-287 - Reject the resolution (Re-Assign)', 'Issue found on resolved ticket - TICKT-287 and Amal  Thomas re-assign to Amal  Thomas', '2017-09-18 08:04:31', 1),
(145, 287, 230, 'TICKT-287 - Ticket Resolved by Department Head', 'Ticket - TICKT-287 has been resolved by Nithin  Benny', '2017-09-18 08:15:13', 1),
(146, 287, 138, 'TICKT-287 - Ticket Resolved by Department Head', 'Ticket - TICKT-287 has been resolved by Nithin  Benny', '2017-09-18 08:15:13', 1),
(147, 287, 231, 'POC Amal  Thomas verified and closed', 'POC Amal  Thomas verified and closed the ticket', '2017-09-18 08:15:52', 0),
(148, 287, 231, 'User Manager  CMI accepted the closure.', 'User Normal User has been successfully accepted the closure. ', '2017-09-18 08:16:28', 0),
(149, 288, 230, 'New ticket created', 'User created a ticket - TICKT-288 on 18-09-2017', '2017-09-18 08:16:44', 1),
(150, 288, 235, 'TICKT-288 - POC to Dept. Head', 'POC Amal  Thomas assigned ticket - TICKT-288 to Dept Head.', '2017-09-18 08:17:40', 1),
(151, 288, 138, 'TICKT-288 - POC to Dept. Head', 'POC Amal  Thomas assigned ticket - TICKT-288 to Dept Head.', '2017-09-18 08:17:40', 1),
(152, 288, 237, 'TICKT-288 - Dept Head to Dept. Employee', 'Dept Head Nithin  Benny assigned ticket - TICKT-288 to Dept Employee.', '2017-09-18 08:18:14', 1),
(153, 288, 138, 'TICKT-288 - Dept Head to Dept. Employee', 'Dept Head Nithin  Benny assigned ticket - TICKT-288 to Dept Employee.', '2017-09-18 08:18:14', 1),
(154, 288, 235, 'TICKT-288 - Ticket Resolved', 'Ticket - TICKT-288 has been resolved by Vishnu  P', '2017-09-18 08:18:40', 1),
(155, 288, 138, 'TICKT-288 - Ticket Resolved', 'Ticket - TICKT-288 has been resolved by Vishnu  P', '2017-09-18 08:18:40', 1),
(156, 288, 230, 'TICKT-288 - Ticket Accepted', 'Ticket - TICKT-288 has been accepted by Nithin  Benny', '2017-09-18 08:19:58', 1),
(157, 288, 138, 'TICKT-288 - Ticket Accepted', 'Ticket - TICKT-288 has been accepted by Nithin  Benny', '2017-09-18 08:19:58', 1),
(158, 288, 231, 'POC Amal  Thomas verified and closed', 'POC Amal  Thomas verified and closed the ticket', '2017-09-18 08:20:29', 0),
(159, 288, 231, 'User Manager  CMI accepted the closure.', 'User Normal User has been successfully accepted the closure. ', '2017-09-18 08:21:10', 0),
(160, 289, 230, 'New ticket created', 'User created a ticket - TICKT-289 on 18-09-2017', '2017-09-18 09:10:56', 1),
(161, 289, 235, 'TICKT-289 - POC to Dept. Head', 'POC Amal  Thomas assigned ticket - TICKT-289 to Dept Head.', '2017-09-18 09:11:33', 1),
(162, 289, 138, 'TICKT-289 - POC to Dept. Head', 'POC Amal  Thomas assigned ticket - TICKT-289 to Dept Head.', '2017-09-18 09:11:33', 1),
(163, 289, 236, 'TICKT-289 - POC to Dept. Head', 'POC Amal  Thomas assigned ticket - TICKT-289 to Dept Head.', '2017-09-18 09:11:53', 1),
(164, 289, 138, 'TICKT-289 - POC to Dept. Head', 'POC Amal  Thomas assigned ticket - TICKT-289 to Dept Head.', '2017-09-18 09:11:53', 1),
(165, 289, 239, 'TICKT-289 - Dept Head to Dept. Employee', 'Dept Head Lijin  Joseph assigned ticket - TICKT-289 to Dept Employee.', '2017-09-18 09:20:29', 0),
(166, 289, 138, 'TICKT-289 - Dept Head to Dept. Employee', 'Dept Head Lijin  Joseph assigned ticket - TICKT-289 to Dept Employee.', '2017-09-18 09:20:29', 1),
(167, 289, 235, 'TICKT-289 - POC to Dept. Head', 'POC Amal  Thomas assigned ticket - TICKT-289 to Dept Head.', '2017-09-18 10:09:20', 1),
(168, 289, 138, 'TICKT-289 - POC to Dept. Head', 'POC Amal  Thomas assigned ticket - TICKT-289 to Dept Head.', '2017-09-18 10:09:20', 1),
(169, 289, 235, 'TICKT-289 - POC to Dept. Head', 'POC Amal  Thomas assigned ticket - TICKT-289 to Dept Head.', '2017-09-18 10:11:44', 1),
(170, 289, 138, 'TICKT-289 - POC to Dept. Head', 'POC Amal  Thomas assigned ticket - TICKT-289 to Dept Head.', '2017-09-18 10:11:44', 1),
(171, 289, 236, 'TICKT-289 - POC to Dept. Head', 'POC Amal  Thomas assigned ticket - TICKT-289 to Dept Head.', '2017-09-18 10:11:57', 1),
(172, 289, 138, 'TICKT-289 - POC to Dept. Head', 'POC Amal  Thomas assigned ticket - TICKT-289 to Dept Head.', '2017-09-18 10:11:57', 1),
(173, 289, 235, 'POC Re-assigned ticket', 'Ticket has been Re-assigned ', '2017-09-18 10:23:40', 1),
(174, 289, 236, 'POC Re-assigned ticket', 'Ticket has been Re-assigned ', '2017-09-18 10:23:40', 1),
(175, 289, 239, 'POC Re-assigned ticket', 'Ticket has been Re-assigned ', '2017-09-18 10:23:40', 0),
(176, 289, 235, 'TICKT-289 - POC to Dept. Head', 'POC Amal  Thomas assigned ticket - TICKT-289 to Dept Head.', '2017-09-18 10:23:40', 1),
(177, 289, 138, 'TICKT-289 - POC to Dept. Head', 'POC Amal  Thomas assigned ticket - TICKT-289 to Dept Head.', '2017-09-18 10:23:40', 1),
(178, 289, 237, 'TICKT-289 - Dept Head to Dept. Employee', 'Dept Head Nithin  Benny assigned ticket - TICKT-289 to Dept Employee.', '2017-09-19 10:43:54', 1),
(179, 289, 138, 'TICKT-289 - Dept Head to Dept. Employee', 'Dept Head Nithin  Benny assigned ticket - TICKT-289 to Dept Employee.', '2017-09-19 10:43:54', 1),
(180, 289, 235, 'POC Re-assigned ticket', 'Ticket has been Re-assigned ', '2017-09-19 10:47:34', 1),
(181, 289, 236, 'POC Re-assigned ticket', 'Ticket has been Re-assigned ', '2017-09-19 10:47:35', 1),
(182, 289, 239, 'POC Re-assigned ticket', 'Ticket has been Re-assigned ', '2017-09-19 10:47:35', 0),
(183, 289, 237, 'POC Re-assigned ticket', 'Ticket has been Re-assigned ', '2017-09-19 10:47:35', 0),
(184, 289, 236, 'TICKT-289 - POC to Dept. Head', 'POC Amal  Thomas assigned ticket - TICKT-289 to Dept Head.', '2017-09-19 10:47:35', 1),
(185, 289, 138, 'TICKT-289 - POC to Dept. Head', 'POC Amal  Thomas assigned ticket - TICKT-289 to Dept Head.', '2017-09-19 10:47:35', 1),
(186, 289, 230, 'TICKT-289 - Ticket Resolved by Department Head', 'Ticket - TICKT-289 has been resolved by Lijin  Joseph', '2017-09-19 10:49:11', 1),
(187, 289, 138, 'TICKT-289 - Ticket Resolved by Department Head', 'Ticket - TICKT-289 has been resolved by Lijin  Joseph', '2017-09-19 10:49:11', 1),
(188, 289, 231, 'POC Amal  Thomas verified and closed', 'POC Amal  Thomas verified and closed the ticket', '2017-09-19 10:51:56', 0),
(189, 290, 230, 'New ticket created', 'User created a ticket - TICKT-290 on 19-09-2017', '2017-09-19 11:00:43', 1),
(190, 290, 235, 'TICKT-290 - POC to Dept. Head', 'POC Amal  Thomas assigned ticket - TICKT-290 to Dept Head.', '2017-09-19 11:01:08', 1),
(191, 290, 138, 'TICKT-290 - POC to Dept. Head', 'POC Amal  Thomas assigned ticket - TICKT-290 to Dept Head.', '2017-09-19 11:01:08', 1),
(192, 290, 235, 'TICKT-290 - POC to Dept. Head', 'POC Amal  Thomas re-assigned ticket - TICKT-290 to Dept Head.', '2017-09-19 11:08:53', 1),
(193, 290, 236, 'TICKT-290 - POC to Dept. Head', 'POC Amal  Thomas re-assigned ticket - TICKT-290 to Dept Head.', '2017-09-19 11:08:53', 1),
(194, 290, 138, 'TICKT-290 - POC to Dept. Head', 'POC Amal  Thomas re-assigned ticket - TICKT-290 to Dept Head.', '2017-09-19 11:08:53', 1),
(195, 290, 235, 'TICKT-290 - POC to Dept. Head', 'POC Amal  Thomas re-assigned ticket - TICKT-290 to Dept Head.', '2017-09-19 11:44:39', 1),
(196, 290, 236, 'TICKT-290 - POC to Dept. Head', 'POC Amal  Thomas re-assigned ticket - TICKT-290 to Dept Head.', '2017-09-19 11:44:39', 1),
(197, 290, 235, 'TICKT-290 - POC to Dept. Head', 'POC Amal  Thomas re-assigned ticket - TICKT-290 to Dept Head.', '2017-09-19 11:44:39', 1),
(198, 290, 138, 'TICKT-290 - POC to Dept. Head', 'POC Amal  Thomas re-assigned ticket - TICKT-290 to Dept Head.', '2017-09-19 11:44:39', 1),
(199, 290, 235, 'TICKT-290 - Dept Head to Dept. Employee', 'Dept Head Nithin  Benny assigned ticket - TICKT-290 to Dept Employee.', '2017-09-19 11:45:35', 1),
(200, 290, 236, 'TICKT-290 - Dept Head to Dept. Employee', 'Dept Head Nithin  Benny assigned ticket - TICKT-290 to Dept Employee.', '2017-09-19 11:45:35', 0),
(201, 290, 237, 'TICKT-290 - Dept Head to Dept. Employee', 'Dept Head Nithin  Benny assigned ticket - TICKT-290 to Dept Employee.', '2017-09-19 11:45:35', 1),
(202, 290, 138, 'TICKT-290 - Dept Head to Dept. Employee', 'Dept Head Nithin  Benny assigned ticket - TICKT-290 to Dept Employee.', '2017-09-19 11:45:35', 1),
(203, 290, 235, 'TICKT-290 - Dept Head to Dept. Employee', 'Dept Head Nithin  Benny re-assigned ticket - TICKT-290 to Dept Employee.', '2017-09-19 11:45:48', 1),
(204, 290, 236, 'TICKT-290 - Dept Head to Dept. Employee', 'Dept Head Nithin  Benny re-assigned ticket - TICKT-290 to Dept Employee.', '2017-09-19 11:45:48', 0),
(205, 290, 237, 'TICKT-290 - Dept Head to Dept. Employee', 'Dept Head Nithin  Benny re-assigned ticket - TICKT-290 to Dept Employee.', '2017-09-19 11:45:49', 1),
(206, 290, 238, 'TICKT-290 - Dept Head to Dept. Employee', 'Dept Head Nithin  Benny re-assigned ticket - TICKT-290 to Dept Employee.', '2017-09-19 11:45:49', 1),
(207, 290, 138, 'TICKT-290 - Dept Head to Dept. Employee', 'Dept Head Nithin  Benny re-assigned ticket - TICKT-290 to Dept Employee.', '2017-09-19 11:45:49', 1),
(208, 290, 235, 'TICKT-290 - Ticket Resolved', 'Ticket - TICKT-290 has been resolved by Akhil  John', '2017-09-19 11:48:50', 1),
(209, 290, 236, 'TICKT-290 - Ticket Resolved', 'Ticket - TICKT-290 has been resolved by Akhil  John', '2017-09-19 11:48:50', 0),
(210, 290, 237, 'TICKT-290 - Ticket Resolved', 'Ticket - TICKT-290 has been resolved by Akhil  John', '2017-09-19 11:48:50', 0),
(211, 290, 238, 'TICKT-290 - Ticket Resolved', 'Ticket - TICKT-290 has been resolved by Akhil  John', '2017-09-19 11:48:50', 1),
(212, 290, 235, 'TICKT-290 - Ticket Resolved', 'Ticket - TICKT-290 has been resolved by Akhil  John', '2017-09-19 11:48:51', 1),
(213, 290, 138, 'TICKT-290 - Ticket Resolved', 'Ticket - TICKT-290 has been resolved by Akhil  John', '2017-09-19 11:48:51', 1),
(214, 290, 231, 'POC Amal  Thomas verified and closed', 'POC Amal  Thomas verified and closed the ticket', '2017-09-19 11:57:25', 0),
(215, 268, 235, 'TICKT-268 - POC to Dept. Head', 'POC Amal  Thomas assigned ticket - TICKT-268 to Dept Head.', '2017-09-19 11:57:50', 1),
(216, 268, 138, 'TICKT-268 - POC to Dept. Head', 'POC Amal  Thomas assigned ticket - TICKT-268 to Dept Head.', '2017-09-19 11:57:50', 1),
(217, 268, 235, 'TICKT-268 - Dept Head to Dept. Employee', 'Dept Head Nithin  Benny assigned ticket - TICKT-268 to Dept Employee.', '2017-09-19 11:58:13', 1),
(218, 268, 237, 'TICKT-268 - Dept Head to Dept. Employee', 'Dept Head Nithin  Benny assigned ticket - TICKT-268 to Dept Employee.', '2017-09-19 11:58:13', 0),
(219, 268, 138, 'TICKT-268 - Dept Head to Dept. Employee', 'Dept Head Nithin  Benny assigned ticket - TICKT-268 to Dept Employee.', '2017-09-19 11:58:13', 1),
(220, 268, 235, 'TICKT-268 - Dept Head to Dept. Employee', 'Dept Head Nithin  Benny re-assigned ticket - TICKT-268 to Dept Employee.', '2017-09-19 11:58:26', 1),
(221, 268, 237, 'TICKT-268 - Dept Head to Dept. Employee', 'Dept Head Nithin  Benny re-assigned ticket - TICKT-268 to Dept Employee.', '2017-09-19 11:58:26', 0),
(222, 268, 238, 'TICKT-268 - Dept Head to Dept. Employee', 'Dept Head Nithin  Benny re-assigned ticket - TICKT-268 to Dept Employee.', '2017-09-19 11:58:26', 0),
(223, 268, 138, 'TICKT-268 - Dept Head to Dept. Employee', 'Dept Head Nithin  Benny re-assigned ticket - TICKT-268 to Dept Employee.', '2017-09-19 11:58:26', 1),
(224, 274, 235, 'TICKT-274 - Ticket Resolved', 'Ticket - TICKT-274 has been resolved by Vishnu  P', '2017-09-19 11:58:54', 1),
(225, 274, 237, 'TICKT-274 - Ticket Resolved', 'Ticket - TICKT-274 has been resolved by Vishnu  P', '2017-09-19 11:58:54', 1),
(226, 274, 235, 'TICKT-274 - Ticket Resolved', 'Ticket - TICKT-274 has been resolved by Vishnu  P', '2017-09-19 11:58:54', 1),
(227, 274, 138, 'TICKT-274 - Ticket Resolved', 'Ticket - TICKT-274 has been resolved by Vishnu  P', '2017-09-19 11:58:54', 1),
(228, 274, 235, 'TICKT-274 - Ticket Accepted', 'Ticket - TICKT-274 has been accepted by Nithin  Benny', '2017-09-19 12:00:09', 1),
(229, 274, 237, 'TICKT-274 - Ticket Accepted', 'Ticket - TICKT-274 has been accepted by Nithin  Benny', '2017-09-19 12:00:09', 0),
(230, 274, 230, 'TICKT-274 - Ticket Accepted', 'Ticket - TICKT-274 has been accepted by Nithin  Benny', '2017-09-19 12:00:10', 1),
(231, 274, 138, 'TICKT-274 - Ticket Accepted', 'Ticket - TICKT-274 has been accepted by Nithin  Benny', '2017-09-19 12:00:10', 1),
(232, 291, 230, 'New ticket created', 'User created a ticket - TICKT-291 on 19-09-2017', '2017-09-19 12:12:24', 1),
(233, 291, 235, 'TICKT-291 - POC to Dept. Head', 'POC Amal  Thomas assigned ticket - TICKT-291 to Dept Head.', '2017-09-19 12:12:58', 1),
(234, 291, 138, 'TICKT-291 - POC to Dept. Head', 'POC Amal  Thomas assigned ticket - TICKT-291 to Dept Head.', '2017-09-19 12:12:59', 1),
(235, 291, 235, 'TICKT-291 - POC to Dept. Head', 'POC Amal  Thomas re-assigned ticket - TICKT-291 to Dept Head.', '2017-09-19 12:21:47', 1),
(236, 291, 235, 'TICKT-291 - POC to Dept. Head', 'POC Amal  Thomas re-assigned ticket - TICKT-291 to Dept Head.', '2017-09-19 12:21:48', 1),
(237, 291, 138, 'TICKT-291 - POC to Dept. Head', 'POC Amal  Thomas re-assigned ticket - TICKT-291 to Dept Head.', '2017-09-19 12:21:48', 1),
(238, 291, 231, 'POC Amal  Thomas Rejected successfully', 'POC Amal  Thomas rejected the ticket', '2017-09-19 12:22:45', 0),
(239, 266, 231, 'POC Amal  Thomas Rejected successfully', 'POC Amal  Thomas rejected the ticket', '2017-09-19 12:28:32', 0),
(240, 263, 231, 'POC Amal  Thomas forwared to Mananger', 'POC Amal  Thomas requested for management approval', '2017-09-19 12:29:14', 0),
(241, 290, 231, 'User Manager  CMI accepted the closure.', 'User Normal User has been successfully accepted the closure. ', '2017-09-19 12:39:06', 0),
(242, 274, 235, 'TICKT-274 - Reject the resolution (Re-Assign)', 'Issue found on resolved ticket - TICKT-274 and Amal  Thomas re-assign to Amal  Thomas', '2017-09-19 12:40:54', 1),
(243, 274, 237, 'TICKT-274 - Reject the resolution (Re-Assign)', 'Issue found on resolved ticket - TICKT-274 and Amal  Thomas re-assign to Amal  Thomas', '2017-09-19 12:40:54', 0),
(244, 274, 230, 'TICKT-274 - Reject the resolution (Re-Assign)', 'Issue found on resolved ticket - TICKT-274 and Amal  Thomas re-assign to Amal  Thomas', '2017-09-19 12:40:54', 1),
(245, 274, 235, 'TICKT-274 - Reject the resolution (Re-Assign)', 'Issue found on resolved ticket - TICKT-274 and Amal  Thomas re-assign to Amal  Thomas', '2017-09-19 12:40:54', 1),
(246, 274, 138, 'TICKT-274 - Reject the resolution (Re-Assign)', 'Issue found on resolved ticket - TICKT-274 and Amal  Thomas re-assign to Amal  Thomas', '2017-09-19 12:40:54', 1),
(247, 292, 230, 'New ticket created', 'User created a ticket - TICKT-292 on 19-09-2017', '2017-09-19 12:46:46', 1),
(248, 270, 235, '', '', '2017-09-19 12:50:23', 0),
(249, 270, 237, '', '', '2017-09-19 12:50:23', 0),
(250, 270, 235, '', '', '2017-09-19 12:50:23', 0),
(251, 270, 138, '', '', '2017-09-19 12:50:23', 0),
(252, 293, 230, 'New ticket created', 'User created a ticket - TICKT-293 on 27-09-2017', '2017-09-27 11:12:34', 1),
(253, 294, 237, 'TICKT-294 - Dept Head to Employee', 'Dept Head Nithin  Benny assigned ticket - TICKT-294 to Dept Employee.', '2017-09-27 04:58:35', 1),
(254, 294, 138, 'TICKT-294 - Dept Head to Employee', 'Dept Head Nithin  Benny assigned ticket - TICKT-294 to Dept Employee.', '2017-09-27 04:58:35', 0),
(255, 295, 230, 'TICKT-295 - Ticket Resolved by Department Head', 'Ticket - TICKT-295 has been resolved by Nithin  Benny', '2017-09-27 04:58:52', 1),
(256, 295, 138, 'TICKT-295 - Ticket Resolved by Department Head', 'Ticket - TICKT-295 has been resolved by Nithin  Benny', '2017-09-27 04:58:52', 0),
(257, 294, 237, 'TICKT-294 - Ticket Resolved', 'Ticket - TICKT-294 has been resolved by Vishnu  P', '2017-09-27 04:59:11', 1),
(258, 294, 235, 'TICKT-294 - Ticket Resolved', 'Ticket - TICKT-294 has been resolved by Vishnu  P', '2017-09-27 04:59:11', 1),
(259, 294, 138, 'TICKT-294 - Ticket Resolved', 'Ticket - TICKT-294 has been resolved by Vishnu  P', '2017-09-27 04:59:11', 0),
(260, 294, 237, 'TICKT-294 - Ticket Accepted', 'Ticket - TICKT-294 has been accepted by Nithin  Benny', '2017-09-27 04:59:32', 0),
(261, 294, 235, 'TICKT-294 - Ticket Accepted', 'Ticket - TICKT-294 has been accepted by Nithin  Benny', '2017-09-27 04:59:32', 1),
(262, 294, 230, 'TICKT-294 - Ticket Accepted', 'Ticket - TICKT-294 has been accepted by Nithin  Benny', '2017-09-27 04:59:32', 1),
(263, 294, 138, 'TICKT-294 - Ticket Accepted', 'Ticket - TICKT-294 has been accepted by Nithin  Benny', '2017-09-27 04:59:32', 0),
(264, 295, 231, 'POC Amal  Thomas verified and closed', 'POC Amal  Thomas verified and closed the ticket', '2017-09-27 05:00:53', 0),
(265, 294, 231, 'POC Amal  Thomas verified and closed', 'POC Amal  Thomas verified and closed the ticket', '2017-09-27 05:01:17', 0),
(266, 293, 231, 'POC Amal  Thomas verified and closed', 'POC Amal  Thomas verified and closed the ticket', '2017-09-27 05:01:38', 0),
(267, 296, 230, 'New ticket created', 'User created a ticket - TICKT-296 on 27-09-2017', '2017-09-27 05:21:38', 1),
(268, 298, 230, 'TICKT-298 - Ticket Resolved by Department Head', 'Ticket - TICKT-298 has been resolved by Nithin  Benny', '2017-09-27 05:23:28', 1),
(269, 298, 138, 'TICKT-298 - Ticket Resolved by Department Head', 'Ticket - TICKT-298 has been resolved by Nithin  Benny', '2017-09-27 05:23:28', 0),
(270, 297, 230, 'TICKT-297 - Ticket Resolved by Department Head', 'Ticket - TICKT-297 has been resolved by Nithin  Benny', '2017-09-27 05:23:45', 1),
(271, 297, 138, 'TICKT-297 - Ticket Resolved by Department Head', 'Ticket - TICKT-297 has been resolved by Nithin  Benny', '2017-09-27 05:23:45', 0),
(272, 298, 231, 'POC Amal  Thomas verified and closed', 'POC Amal  Thomas verified and closed the ticket', '2017-09-27 05:24:12', 0),
(273, 297, 231, 'POC Amal  Thomas verified and closed', 'POC Amal  Thomas verified and closed the ticket', '2017-09-27 05:26:36', 0),
(274, 299, 230, 'New ticket created', 'User created a ticket - TICKT-299 on 27-09-2017', '2017-09-27 05:30:10', 1),
(275, 300, 230, 'TICKT-300 - Ticket Resolved by Department Head', 'Ticket - TICKT-300 has been resolved by Nithin  Benny', '2017-09-27 05:31:30', 1),
(276, 300, 138, 'TICKT-300 - Ticket Resolved by Department Head', 'Ticket - TICKT-300 has been resolved by Nithin  Benny', '2017-09-27 05:31:31', 0),
(277, 301, 230, 'TICKT-301 - Ticket Resolved by Department Head', 'Ticket - TICKT-301 has been resolved by Nithin  Benny', '2017-09-27 05:31:54', 1),
(278, 301, 138, 'TICKT-301 - Ticket Resolved by Department Head', 'Ticket - TICKT-301 has been resolved by Nithin  Benny', '2017-09-27 05:31:54', 0),
(279, 300, 230, '', '', '2017-09-27 05:44:45', 1),
(280, 300, 235, '', '', '2017-09-27 05:44:45', 0),
(281, 300, 138, '', '', '2017-09-27 05:44:45', 0),
(282, 302, 230, 'New ticket created', 'User created a ticket - TICKT-302 on 27-09-2017', '2017-09-27 05:53:33', 1),
(283, 303, 230, 'TICKT-303 - Ticket Resolved by Department Head', 'Ticket - TICKT-303 has been resolved by Nithin  Benny', '2017-09-27 05:56:11', 1),
(284, 303, 138, 'TICKT-303 - Ticket Resolved by Department Head', 'Ticket - TICKT-303 has been resolved by Nithin  Benny', '2017-09-27 05:56:11', 0),
(285, 304, 230, 'TICKT-304 - Ticket Resolved by Department Head', 'Ticket - TICKT-304 has been resolved by Nithin  Benny', '2017-09-27 05:56:28', 1),
(286, 304, 138, 'TICKT-304 - Ticket Resolved by Department Head', 'Ticket - TICKT-304 has been resolved by Nithin  Benny', '2017-09-27 05:56:28', 0),
(287, 303, 231, 'POC Amal  Thomas verified and closed', 'POC Amal  Thomas verified and closed the ticket', '2017-09-27 05:56:55', 0),
(288, 304, 231, 'POC Amal  Thomas verified and closed', 'POC Amal  Thomas verified and closed the ticket', '2017-09-27 06:27:20', 0),
(289, 302, 231, 'POC Amal  Thomas verified and closed', 'POC Amal  Thomas verified and closed the ticket', '2017-09-27 06:27:42', 0),
(290, 305, 230, 'New ticket created', 'User created a ticket - TICKT-305 on 28-09-2017', '2017-09-28 11:41:21', 1),
(291, 306, 237, 'TICKT-306 - Dept Head to Employee', 'Dept Head Nithin  Benny assigned ticket - TICKT-306 to Dept Employee.', '2017-09-28 11:51:32', 1),
(292, 306, 138, 'TICKT-306 - Dept Head to Employee', 'Dept Head Nithin  Benny assigned ticket - TICKT-306 to Dept Employee.', '2017-09-28 11:51:32', 0),
(293, 307, 230, 'TICKT-307 - Ticket Resolved by Department Head', 'Ticket - TICKT-307 has been resolved by Nithin  Benny', '2017-09-28 11:51:47', 1),
(294, 307, 138, 'TICKT-307 - Ticket Resolved by Department Head', 'Ticket - TICKT-307 has been resolved by Nithin  Benny', '2017-09-28 11:51:47', 1),
(295, 306, 237, 'TICKT-306 - Ticket Resolved', 'Ticket - TICKT-306 has been resolved by Vishnu  P', '2017-09-28 11:53:39', 1),
(296, 306, 235, 'TICKT-306 - Ticket Resolved', 'Ticket - TICKT-306 has been resolved by Vishnu  P', '2017-09-28 11:53:39', 1),
(297, 306, 138, 'TICKT-306 - Ticket Resolved', 'Ticket - TICKT-306 has been resolved by Vishnu  P', '2017-09-28 11:53:39', 0),
(298, 306, 237, 'TICKT-306 - Ticket Accepted', 'Ticket - TICKT-306 has been accepted by Nithin  Benny', '2017-09-28 11:54:02', 0),
(299, 306, 235, 'TICKT-306 - Ticket Accepted', 'Ticket - TICKT-306 has been accepted by Nithin  Benny', '2017-09-28 11:54:02', 1),
(300, 306, 230, 'TICKT-306 - Ticket Accepted', 'Ticket - TICKT-306 has been accepted by Nithin  Benny', '2017-09-28 11:54:02', 1),
(301, 306, 138, 'TICKT-306 - Ticket Accepted', 'Ticket - TICKT-306 has been accepted by Nithin  Benny', '2017-09-28 11:54:02', 0),
(302, 306, 231, 'POC Amal  Thomas verified and closed', 'POC Amal  Thomas verified and closed the split child ticket', '2017-09-28 11:56:30', 0),
(303, 307, 231, 'POC Amal  Thomas verified and closed', 'POC Amal  Thomas verified and closed the split child ticket', '2017-09-28 12:03:14', 0),
(304, 305, 230, 'POC Amal  Thomas verified and closed', 'POC Amal  Thomas verified and closed the split child ticket', '2017-09-28 12:03:14', 1),
(305, 308, 230, 'New ticket created', 'User created a ticket - TICKT-308 on 28-09-2017', '2017-09-28 12:26:51', 1),
(306, 311, 230, 'New ticket created', 'User created a ticket - TICKT-311 on 28-09-2017', '2017-09-28 12:35:46', 1),
(307, 314, 230, 'New ticket created', 'User created a ticket - TICKT-314 on 28-09-2017', '2017-09-28 02:05:16', 1),
(308, 319, 230, 'New ticket created', 'User created a ticket - TICKT-319 on 28-09-2017', '2017-09-28 02:20:39', 1),
(309, 321, 230, 'TICKT-321 - Ticket Resolved by Department Head', 'Ticket - TICKT-321 has been resolved by Nithin  Benny', '2017-09-28 03:48:21', 1),
(310, 321, 138, 'TICKT-321 - Ticket Resolved by Department Head', 'Ticket - TICKT-321 has been resolved by Nithin  Benny', '2017-09-28 03:48:21', 0),
(311, 320, 230, 'TICKT-320 - Ticket Resolved by Department Head', 'Ticket - TICKT-320 has been resolved by Nithin  Benny', '2017-09-28 03:48:39', 1),
(312, 320, 138, 'TICKT-320 - Ticket Resolved by Department Head', 'Ticket - TICKT-320 has been resolved by Nithin  Benny', '2017-09-28 03:48:39', 0),
(313, 320, 231, 'POC Amal  Thomas verified and closed', 'POC Amal  Thomas verified and closed the split child ticket', '2017-09-28 03:49:17', 0),
(314, 319, 230, 'POC Amal  Thomas verified and closed', 'POC Amal  Thomas verified and closed the split child ticket', '2017-09-28 03:49:18', 1),
(315, 321, 231, 'POC Amal  Thomas verified and closed', 'POC Amal  Thomas verified and closed the split child ticket', '2017-09-28 03:49:37', 0),
(316, 319, 230, 'POC Amal  Thomas verified and closed', 'POC Amal  Thomas verified and closed the split child ticket', '2017-09-28 03:49:37', 1),
(317, 319, 231, 'POC Amal  Thomas verified and closed', 'POC Amal  Thomas verified and closed the ticket', '2017-09-28 03:50:27', 0),
(318, 319, 231, 'User Manager  CMI accepted the closure.', 'User Normal User has been successfully accepted the closure. ', '2017-09-28 03:51:23', 0),
(319, 322, 230, 'New ticket created', 'User created a ticket - TICKT-322 on 28-09-2017', '2017-09-28 05:18:03', 1),
(320, 322, 235, 'TICKT-322 - POC to Dept. Head', 'POC Amal  Thomas assigned ticket - TICKT-322 to Dept Head.', '2017-09-28 05:18:33', 1),
(321, 322, 138, 'TICKT-322 - POC to Dept. Head', 'POC Amal  Thomas assigned ticket - TICKT-322 to Dept Head.', '2017-09-28 05:18:33', 1),
(322, 322, 235, 'TICKT-322 - Ticket Resolved by Department Head', 'Ticket - TICKT-322 has been resolved by Nithin  Benny', '2017-09-28 05:18:56', 1),
(323, 322, 230, 'TICKT-322 - Ticket Resolved by Department Head', 'Ticket - TICKT-322 has been resolved by Nithin  Benny', '2017-09-28 05:18:56', 1),
(324, 322, 138, 'TICKT-322 - Ticket Resolved by Department Head', 'Ticket - TICKT-322 has been resolved by Nithin  Benny', '2017-09-28 05:18:56', 1),
(325, 322, 231, 'POC Amal  Thomas verified and closed', 'POC Amal  Thomas verified and closed the ticket', '2017-09-28 05:19:20', 0),
(326, 323, 230, 'New ticket created', 'User created a ticket - TICKT-323 on 28-09-2017', '2017-09-28 05:20:07', 1),
(327, 324, 237, 'TICKT-324 - Dept Head to Employee', 'Dept Head Nithin  Benny assigned ticket - TICKT-324 to Dept Employee.', '2017-09-28 05:22:37', 1),
(328, 324, 138, 'TICKT-324 - Dept Head to Employee', 'Dept Head Nithin  Benny assigned ticket - TICKT-324 to Dept Employee.', '2017-09-28 05:22:37', 0),
(329, 325, 230, 'TICKT-325 - Ticket Resolved by Department Head', 'Ticket - TICKT-325 has been resolved by Nithin  Benny', '2017-09-28 05:27:17', 1),
(330, 325, 138, 'TICKT-325 - Ticket Resolved by Department Head', 'Ticket - TICKT-325 has been resolved by Nithin  Benny', '2017-09-28 05:27:17', 0),
(331, 326, 238, 'TICKT-326 - Dept Head to Employee', 'Dept Head Nithin  Benny assigned ticket - TICKT-326 to Dept Employee.', '2017-09-28 05:27:34', 1),
(332, 326, 138, 'TICKT-326 - Dept Head to Employee', 'Dept Head Nithin  Benny assigned ticket - TICKT-326 to Dept Employee.', '2017-09-28 05:27:34', 0),
(333, 324, 237, 'TICKT-324 - Ticket Resolved', 'Ticket - TICKT-324 has been resolved by Vishnu  P', '2017-09-28 05:28:15', 1),
(334, 324, 235, 'TICKT-324 - Ticket Resolved', 'Ticket - TICKT-324 has been resolved by Vishnu  P', '2017-09-28 05:28:15', 1),
(335, 324, 138, 'TICKT-324 - Ticket Resolved', 'Ticket - TICKT-324 has been resolved by Vishnu  P', '2017-09-28 05:28:15', 0),
(336, 326, 238, 'TICKT-326 - Ticket Resolved', 'Ticket - TICKT-326 has been resolved by Akhil  John', '2017-09-28 05:28:33', 1),
(337, 326, 235, 'TICKT-326 - Ticket Resolved', 'Ticket - TICKT-326 has been resolved by Akhil  John', '2017-09-28 05:28:34', 1),
(338, 326, 138, 'TICKT-326 - Ticket Resolved', 'Ticket - TICKT-326 has been resolved by Akhil  John', '2017-09-28 05:28:34', 0),
(339, 326, 238, 'TICKT-326 - Ticket Accepted', 'Ticket - TICKT-326 has been accepted by Nithin  Benny', '2017-09-28 05:29:09', 0),
(340, 326, 235, 'TICKT-326 - Ticket Accepted', 'Ticket - TICKT-326 has been accepted by Nithin  Benny', '2017-09-28 05:29:09', 1),
(341, 326, 230, 'TICKT-326 - Ticket Accepted', 'Ticket - TICKT-326 has been accepted by Nithin  Benny', '2017-09-28 05:29:09', 1),
(342, 326, 138, 'TICKT-326 - Ticket Accepted', 'Ticket - TICKT-326 has been accepted by Nithin  Benny', '2017-09-28 05:29:09', 0),
(343, 324, 237, 'TICKT-324 - Ticket Accepted', 'Ticket - TICKT-324 has been accepted by Nithin  Benny', '2017-09-28 05:29:26', 1),
(344, 324, 235, 'TICKT-324 - Ticket Accepted', 'Ticket - TICKT-324 has been accepted by Nithin  Benny', '2017-09-28 05:29:26', 1),
(345, 324, 230, 'TICKT-324 - Ticket Accepted', 'Ticket - TICKT-324 has been accepted by Nithin  Benny', '2017-09-28 05:29:26', 1),
(346, 324, 138, 'TICKT-324 - Ticket Accepted', 'Ticket - TICKT-324 has been accepted by Nithin  Benny', '2017-09-28 05:29:26', 0),
(347, 326, 231, 'POC Amal  Thomas verified and closed', 'POC Amal  Thomas verified and closed the split child ticket', '2017-09-28 05:30:06', 0),
(348, 323, 230, 'POC Amal  Thomas verified and closed', 'POC Amal  Thomas verified and closed the split child ticket', '2017-09-28 05:30:06', 1),
(349, 325, 230, '', '', '2017-09-28 05:30:24', 1),
(350, 325, 235, '', '', '2017-09-28 05:30:24', 1),
(351, 325, 138, '', '', '2017-09-28 05:30:24', 0),
(352, 324, 237, 'TICKT-324 - Reject the resolution (Re-Assign)', 'Issue found on resolved ticket - TICKT-324 and Amal  Thomas re-assign to Amal  Thomas', '2017-09-28 06:11:56', 1),
(353, 324, 235, 'TICKT-324 - Reject the resolution (Re-Assign)', 'Issue found on resolved ticket - TICKT-324 and Amal  Thomas re-assign to Amal  Thomas', '2017-09-28 06:11:56', 1),
(354, 324, 230, 'TICKT-324 - Reject the resolution (Re-Assign)', 'Issue found on resolved ticket - TICKT-324 and Amal  Thomas re-assign to Amal  Thomas', '2017-09-28 06:11:56', 1),
(355, 324, 235, 'TICKT-324 - Reject the resolution (Re-Assign)', 'Issue found on resolved ticket - TICKT-324 and Amal  Thomas re-assign to Amal  Thomas', '2017-09-28 06:11:56', 1),
(356, 324, 138, 'TICKT-324 - Reject the resolution (Re-Assign)', 'Issue found on resolved ticket - TICKT-324 and Amal  Thomas re-assign to Amal  Thomas', '2017-09-28 06:11:56', 0),
(357, 325, 230, 'TICKT-325 - Ticket Resolved by Department Head', 'Ticket - TICKT-325 has been resolved by Nithin  Benny', '2017-09-28 06:15:17', 1),
(358, 325, 230, 'TICKT-325 - Ticket Resolved by Department Head', 'Ticket - TICKT-325 has been resolved by Nithin  Benny', '2017-09-28 06:15:17', 1),
(359, 325, 138, 'TICKT-325 - Ticket Resolved by Department Head', 'Ticket - TICKT-325 has been resolved by Nithin  Benny', '2017-09-28 06:15:18', 0),
(360, 324, 237, 'TICKT-324 - Dept Head to Dept. Employee', 'Dept Head Nithin  Benny re-assigned ticket - TICKT-324 to Dept Employee.', '2017-09-28 06:15:40', 1),
(361, 324, 235, 'TICKT-324 - Dept Head to Dept. Employee', 'Dept Head Nithin  Benny re-assigned ticket - TICKT-324 to Dept Employee.', '2017-09-28 06:15:40', 1),
(362, 324, 230, 'TICKT-324 - Dept Head to Dept. Employee', 'Dept Head Nithin  Benny re-assigned ticket - TICKT-324 to Dept Employee.', '2017-09-28 06:15:40', 1),
(363, 324, 237, 'TICKT-324 - Dept Head to Dept. Employee', 'Dept Head Nithin  Benny re-assigned ticket - TICKT-324 to Dept Employee.', '2017-09-28 06:15:40', 1),
(364, 324, 138, 'TICKT-324 - Dept Head to Dept. Employee', 'Dept Head Nithin  Benny re-assigned ticket - TICKT-324 to Dept Employee.', '2017-09-28 06:15:40', 0),
(365, 324, 237, 'TICKT-324 - Ticket Resolved', 'Ticket - TICKT-324 has been resolved by Vishnu  P', '2017-09-28 06:16:02', 1),
(366, 324, 235, 'TICKT-324 - Ticket Resolved', 'Ticket - TICKT-324 has been resolved by Vishnu  P', '2017-09-28 06:16:02', 1),
(367, 324, 230, 'TICKT-324 - Ticket Resolved', 'Ticket - TICKT-324 has been resolved by Vishnu  P', '2017-09-28 06:16:02', 1),
(368, 324, 235, 'TICKT-324 - Ticket Resolved', 'Ticket - TICKT-324 has been resolved by Vishnu  P', '2017-09-28 06:16:02', 1),
(369, 324, 138, 'TICKT-324 - Ticket Resolved', 'Ticket - TICKT-324 has been resolved by Vishnu  P', '2017-09-28 06:16:02', 0),
(370, 324, 237, 'TICKT-324 - Ticket Accepted', 'Ticket - TICKT-324 has been accepted by Nithin  Benny', '2017-09-28 06:16:46', 0),
(371, 324, 235, 'TICKT-324 - Ticket Accepted', 'Ticket - TICKT-324 has been accepted by Nithin  Benny', '2017-09-28 06:16:46', 1);
INSERT INTO `notifiction` (`id`, `ticket_id`, `user_id`, `subject`, `text`, `date`, `read_status`) VALUES
(372, 324, 230, 'TICKT-324 - Ticket Accepted', 'Ticket - TICKT-324 has been accepted by Nithin  Benny', '2017-09-28 06:16:46', 1),
(373, 324, 230, 'TICKT-324 - Ticket Accepted', 'Ticket - TICKT-324 has been accepted by Nithin  Benny', '2017-09-28 06:16:46', 1),
(374, 324, 138, 'TICKT-324 - Ticket Accepted', 'Ticket - TICKT-324 has been accepted by Nithin  Benny', '2017-09-28 06:16:46', 0),
(375, 325, 231, 'POC Amal  Thomas verified and closed', 'POC Amal  Thomas verified and closed the split child ticket', '2017-09-28 06:17:42', 0),
(376, 323, 230, 'POC Amal  Thomas verified and closed', 'POC Amal  Thomas verified and closed the split child ticket', '2017-09-28 06:17:42', 1),
(377, 324, 231, 'POC Amal  Thomas verified and closed', 'POC Amal  Thomas verified and closed the split child ticket', '2017-09-28 06:18:06', 0),
(378, 323, 230, 'POC Amal  Thomas verified and closed', 'POC Amal  Thomas verified and closed the split child ticket', '2017-09-28 06:18:06', 1),
(379, 323, 231, 'POC Amal  Thomas verified and closed', 'POC Amal  Thomas verified and closed the ticket', '2017-09-28 06:33:55', 0),
(380, 327, 230, 'New ticket created', 'User created a ticket - TICKT-327 on 05-10-2017', '2017-10-05 12:37:09', 1),
(381, 327, 235, 'TICKT-327 - POC to Dept. Head', 'POC Amal  Thomas assigned ticket - TICKT-327 to Dept Head.', '2017-10-05 12:37:35', 1),
(382, 327, 138, 'TICKT-327 - POC to Dept. Head', 'POC Amal  Thomas assigned ticket - TICKT-327 to Dept Head.', '2017-10-05 12:37:35', 0),
(383, 327, 235, 'TICKT-327 - Ticket Resolved by Department Head', 'Ticket - TICKT-327 has been resolved by Nithin  Benny', '2017-10-05 12:38:11', 1),
(384, 327, 230, 'TICKT-327 - Ticket Resolved by Department Head', 'Ticket - TICKT-327 has been resolved by Nithin  Benny', '2017-10-05 12:38:12', 1),
(385, 327, 138, 'TICKT-327 - Ticket Resolved by Department Head', 'Ticket - TICKT-327 has been resolved by Nithin  Benny', '2017-10-05 12:38:12', 0),
(386, 328, 230, 'New ticket created', 'User created a ticket - TICKT-328 on 09-10-2017', '2017-10-09 02:39:04', 1),
(387, 329, 230, 'New ticket created', 'User created a ticket - TICKT-329 on 19-10-2017', '2017-10-19 03:03:33', 1),
(388, 331, 230, 'New ticket created', 'User created a ticket - TICKT-331 on 19-10-2017', '2017-10-19 03:11:24', 1),
(389, 333, 230, 'New ticket created', 'User created a ticket - TICKT-333 on 19-10-2017', '2017-10-19 03:16:27', 1),
(390, 334, 237, 'TICKT-334 - Dept Head to Employee', 'Dept Head Nithin  Benny assigned ticket - TICKT-334 to Dept Employee.', '2017-10-19 03:18:28', 1),
(391, 334, 138, 'TICKT-334 - Dept Head to Employee', 'Dept Head Nithin  Benny assigned ticket - TICKT-334 to Dept Employee.', '2017-10-19 03:18:28', 0),
(392, 335, 230, 'TICKT-335 - Ticket Resolved by Department Head', 'Ticket - TICKT-335 has been resolved by Nithin  Benny', '2017-10-19 03:18:51', 1),
(393, 335, 138, 'TICKT-335 - Ticket Resolved by Department Head', 'Ticket - TICKT-335 has been resolved by Nithin  Benny', '2017-10-19 03:18:51', 0),
(394, 334, 237, 'TICKT-334 - Ticket Resolved', 'Ticket - TICKT-334 has been resolved by Vishnu  P', '2017-10-19 03:19:15', 1),
(395, 334, 235, 'TICKT-334 - Ticket Resolved', 'Ticket - TICKT-334 has been resolved by Vishnu  P', '2017-10-19 03:19:15', 1),
(396, 334, 138, 'TICKT-334 - Ticket Resolved', 'Ticket - TICKT-334 has been resolved by Vishnu  P', '2017-10-19 03:19:15', 0),
(397, 334, 237, 'TICKT-334 - Ticket Accepted', 'Ticket - TICKT-334 has been accepted by Nithin  Benny', '2017-10-19 03:19:41', 0),
(398, 334, 235, 'TICKT-334 - Ticket Accepted', 'Ticket - TICKT-334 has been accepted by Nithin  Benny', '2017-10-19 03:19:42', 1),
(399, 334, 230, 'TICKT-334 - Ticket Accepted', 'Ticket - TICKT-334 has been accepted by Nithin  Benny', '2017-10-19 03:19:42', 1),
(400, 334, 138, 'TICKT-334 - Ticket Accepted', 'Ticket - TICKT-334 has been accepted by Nithin  Benny', '2017-10-19 03:19:42', 0),
(401, 334, 231, 'POC Amal  Thomas verified and closed', 'POC Amal  Thomas verified and closed the split child ticket', '2017-10-19 03:20:16', 0),
(402, 333, 230, 'POC Amal  Thomas verified and closed', 'POC Amal  Thomas verified and closed the split child ticket', '2017-10-19 03:20:16', 1),
(403, 335, 231, 'POC Amal  Thomas verified and closed', 'POC Amal  Thomas verified and closed the split child ticket', '2017-10-19 03:20:31', 0),
(404, 333, 230, 'POC Amal  Thomas verified and closed', 'POC Amal  Thomas verified and closed the split child ticket', '2017-10-19 03:20:31', 1),
(405, 333, 231, 'POC Amal  Thomas verified and closed', 'POC Amal  Thomas verified and closed the ticket', '2017-10-19 03:21:18', 0),
(406, 333, 231, 'User Manager  CMI accepted the closure.', 'User Normal User has been successfully accepted the closure. ', '2017-10-19 03:22:02', 0),
(407, 323, 231, 'User Manager  CMI accepted the closure.', 'User Normal User has been successfully accepted the closure. ', '2017-10-20 01:27:10', 0),
(408, 336, 230, 'New ticket created', 'User created a ticket - TICKT-336 on 06-11-2017', '2017-11-06 11:19:37', 0),
(409, 337, 230, 'New ticket created', 'User created a ticket - TICKT-337 on 07-11-2017', '2017-11-07 10:17:49', 0);

-- --------------------------------------------------------

--
-- Table structure for table `role_type`
--

CREATE TABLE `role_type` (
  `id` int(11) NOT NULL,
  `user_role_type` varchar(255) NOT NULL
) ENGINE=InnoDB DEFAULT CHARSET=latin1;

--
-- Dumping data for table `role_type`
--

INSERT INTO `role_type` (`id`, `user_role_type`) VALUES
(1, 'superadmin'),
(2, 'admin'),
(3, 'employee'),
(4, 'normal user'),
(5, 'POC'),
(6, 'Dept Head'),
(7, 'Manager'),
(8, 'Department Manager'),
(9, 'Management ');

-- --------------------------------------------------------

--
-- Table structure for table `role_type_action_mapping`
--

CREATE TABLE `role_type_action_mapping` (
  `id` int(11) NOT NULL,
  `role_type_id` int(11) NOT NULL,
  `action` int(11) NOT NULL
) ENGINE=InnoDB DEFAULT CHARSET=latin1;

--
-- Dumping data for table `role_type_action_mapping`
--

INSERT INTO `role_type_action_mapping` (`id`, `role_type_id`, `action`) VALUES
(1, 5, 5),
(2, 5, 2),
(3, 5, 8),
(4, 5, 9),
(5, 5, 12),
(6, 5, 13),
(7, 6, 4),
(8, 6, 19),
(9, 3, 11),
(10, 4, 14),
(11, 4, 15),
(12, 7, 6),
(13, 7, 7),
(14, 6, 17),
(15, 6, 18);

-- --------------------------------------------------------

--
-- Table structure for table `ticket`
--

CREATE TABLE `ticket` (
  `id` int(11) NOT NULL,
  `parent_ticket_id` int(11) NOT NULL,
  `ticket_no` varchar(255) NOT NULL,
  `created_user_id` int(11) NOT NULL,
  `category_id` int(11) NOT NULL,
  `department_id` int(11) NOT NULL,
  `severity_level_id` int(11) NOT NULL,
  `current_assigned_emp_id` int(11) NOT NULL,
  `ticket_status` int(11) NOT NULL,
  `ticket_description` text NOT NULL,
  `ticket_subject` varchar(255) NOT NULL,
  `user_attachement` varchar(255) NOT NULL,
  `created_date` datetime NOT NULL,
  `expected_date` datetime NOT NULL,
  `escalation_date` datetime NOT NULL,
  `assign_level` int(11) NOT NULL,
  `ticket_read_status` int(11) NOT NULL
) ENGINE=InnoDB DEFAULT CHARSET=latin1;

--
-- Dumping data for table `ticket`
--

INSERT INTO `ticket` (`id`, `parent_ticket_id`, `ticket_no`, `created_user_id`, `category_id`, `department_id`, `severity_level_id`, `current_assigned_emp_id`, `ticket_status`, `ticket_description`, `ticket_subject`, `user_attachement`, `created_date`, `expected_date`, `escalation_date`, `assign_level`, `ticket_read_status`) VALUES
(1, 0, 'TICKT-001', 1, 1, 1, 2, 22, 1, 'Salary not credited', '', '', '2017-03-03 09:57:53', '0000-00-00 00:00:00', '0000-00-00 00:00:00', 1, 1),
(2, 1, 'TICKT-002', 22, 1, 1, 2, 17, 2, 'Test', '', '', '2017-03-03 12:11:17', '0000-00-00 00:00:00', '0000-00-00 00:00:00', 1, 0),
(3, 1, 'TICKT-003', 22, 1, 1, 2, 17, 2, 'tttt', '', '', '2017-03-03 12:11:36', '0000-00-00 00:00:00', '0000-00-00 00:00:00', 1, 0),
(4, 0, 'TICKT-004', 1, 1, 4, 2, 22, 1, 'Water issue in rest rooms', '', '', '2017-03-03 12:43:03', '0000-00-00 00:00:00', '0000-00-00 00:00:00', 1, 1),
(5, 4, 'TICKT-005', 22, 1, 4, 2, 24, 2, 'No money for repairing the rest room', '', '', '2017-03-03 12:48:18', '0000-00-00 00:00:00', '0000-00-00 00:00:00', 1, 0),
(6, 4, 'TICKT-006', 22, 1, 3, 3, 18, 2, 'Repair the rest room ', '', '', '2017-03-03 12:50:36', '0000-00-00 00:00:00', '0000-00-00 00:00:00', 1, 0),
(7, 1, 'TICKT-007', 22, 1, 1, 2, 17, 2, 'sdg', '', '', '2017-03-03 01:41:49', '0000-00-00 00:00:00', '0000-00-00 00:00:00', 1, 0),
(8, 1, 'TICKT-008', 22, 1, 1, 3, 17, 2, 'sfga', '', '', '2017-03-03 01:42:17', '0000-00-00 00:00:00', '0000-00-00 00:00:00', 1, 0),
(9, 1, 'TICKT-009', 22, 1, 1, 2, 17, 2, 'hdesh', '', '', '2017-03-03 01:43:07', '0000-00-00 00:00:00', '0000-00-00 00:00:00', 1, 0),
(10, 1, 'TICKT-010', 22, 1, 1, 1, 17, 2, 'dfsga', '', '', '2017-03-03 01:43:40', '0000-00-00 00:00:00', '0000-00-00 00:00:00', 1, 0),
(11, 1, 'TICKT-011', 22, 1, 1, 3, 17, 2, 'dsfw', '', '', '2017-03-03 01:49:17', '0000-00-00 00:00:00', '0000-00-00 00:00:00', 1, 0),
(12, 1, 'TICKT-012', 22, 1, 1, 3, 17, 2, 'dfsvba', '', '', '2017-03-03 01:51:51', '0000-00-00 00:00:00', '0000-00-00 00:00:00', 1, 0),
(13, 0, 'TICKT-013', 1, 1, 4, 2, 22, 1, 'haiiii', '', 'Nithin1488545800.jpg', '2017-03-03 01:56:40', '0000-00-00 00:00:00', '0000-00-00 00:00:00', 1, 1),
(14, 0, 'TICKT-014', 1, 1, 3, 3, 22, 2, 'qqqqqeeeee', '', 'Nithin1488545905.jpg', '2017-03-13 07:07:33', '2017-03-21 00:00:00', '0000-00-00 00:00:00', 1, 1),
(15, 0, 'TICKT-015', 1, 1, 3, 3, 22, 1, 'Pipe broken near to the gents toilet in ground floor. ', 'Plumbing Work', 'Nithin1488780050.jpg', '2017-03-06 07:00:50', '0000-00-00 00:00:00', '0000-00-00 00:00:00', 1, 1),
(16, 0, 'TICKT-016', 1, 2, 5, 2, 9, 1, 'Salary not cerided', 'Salary', '', '2017-03-08 06:48:07', '0000-00-00 00:00:00', '0000-00-00 00:00:00', 1, 1),
(17, 0, 'TICKT-017', 1, 1, 2, 3, 22, 2, 'make it fast`', 'Enroll new time tables', 'blackaddfile5121489406955.jpg', '2017-03-21 12:44:46', '2017-03-29 00:00:00', '0000-00-00 00:00:00', 1, 1),
(18, 0, 'TICKT-018', 1, 1, 2, 1, 22, 5, 'please make the final exam schedule', 'Final Exam', 'Nithin1490162297.jpg', '2017-03-22 06:58:17', '0000-00-00 00:00:00', '0000-00-00 00:00:00', 1, 1),
(19, 18, 'TICKT-019', 22, 1, 2, 1, 23, 2, 'Its very important', 'Enroll new time tables', 'Nithin1490162496.jpg', '2017-03-22 07:01:36', '0000-00-00 00:00:00', '0000-00-00 00:00:00', 1, 0),
(20, 18, 'TICKT-020', 22, 1, 2, 1, 22, 11, 'Make the exam schedule and other important data ', 'Exam schedule', 'blackaddfile5121490162567.jpg', '2017-05-15 09:36:04', '2017-05-15 00:00:00', '0000-00-00 00:00:00', 1, 1),
(21, 0, 'TICKT-021', 2, 1, 1, 1, 0, 4, 'Salary not credited on time.', 'Salary Problem', 'blackaddfile5121490173933.jpg', '2017-03-22 10:41:07', '2017-03-28 00:00:00', '0000-00-00 00:00:00', 1, 0),
(22, 0, 'TICKT-022', 1, 1, 2, 2, 22, 1, 'Its very important', 'Current Issue', 'blackaddfile5121490190600.jpg', '2017-03-22 02:50:00', '0000-00-00 00:00:00', '0000-00-00 00:00:00', 1, 1),
(23, 0, 'TICKT-023', 1, 1, 3, 2, 22, 1, 'check_user_emailcheck_user_email', 'Current Issue', '', '2017-03-22 03:04:12', '0000-00-00 00:00:00', '0000-00-00 00:00:00', 1, 1),
(24, 0, 'TICKT-024', 2, 1, 4, 0, 22, 1, 'tgrjtrajrj', 'mfgzsjarj', '', '2017-03-22 03:12:09', '0000-00-00 00:00:00', '0000-00-00 00:00:00', 1, 1),
(25, 0, 'TICKT-025', 2, 1, 4, 2, 22, 1, 'aherhehhejt', 'raewhaeh', '', '2017-03-22 03:14:15', '0000-00-00 00:00:00', '0000-00-00 00:00:00', 1, 1),
(26, 0, 'TICKT-026', 6, 1, 2, 2, 22, 1, 'dtgqhfjwrehwuj', 'Enroll new time tables', 'blackaddfile5121490248266.jpg', '2017-03-23 06:51:06', '0000-00-00 00:00:00', '0000-00-00 00:00:00', 1, 1),
(27, 0, 'TICKT-027', 1, 1, 3, 2, 22, 1, 'ywrjwj', 'drj', '', '2017-03-23 08:18:05', '0000-00-00 00:00:00', '0000-00-00 00:00:00', 1, 1),
(28, 0, 'TICKT-028', 1, 2, 6, 3, 9, 1, 'vdbsb', 'cdbgfs', '', '2017-03-24 07:38:34', '0000-00-00 00:00:00', '0000-00-00 00:00:00', 1, 0),
(29, 0, 'TICKT-029', 1, 2, 7, 1, 9, 1, 'mgnmjxfnmxfhjftuykdtymmgnmjxfnmxfhjftuykdtymmgnmjxfnmxfhjftuykdtymmgnmjxfnmxfhjftuykdtym', 'Plumbing Work', '', '2017-03-27 08:12:10', '0000-00-00 00:00:00', '0000-00-00 00:00:00', 1, 1),
(30, 0, 'TICKT-030', 7, 1, 2, 2, 22, 1, 'ngfjnfgn', 'fghn', '', '2017-03-27 12:16:54', '0000-00-00 00:00:00', '0000-00-00 00:00:00', 1, 1),
(31, 0, 'TICKT-031', 1, 1, 2, 1, 22, 1, 'test', 'Test', '', '2017-03-27 01:03:34', '0000-00-00 00:00:00', '0000-00-00 00:00:00', 1, 1),
(32, 0, 'TICKT-032', 2, 1, 4, 1, 22, 1, 'Testing test', 'Testing test', '', '2017-03-27 01:04:41', '0000-00-00 00:00:00', '0000-00-00 00:00:00', 1, 1),
(33, 0, 'TICKT-033', 1, 1, 3, 1, 22, 1, 'User not exists. Please signup to create ticketUser not exists. Please signup to create ticket', 'Water Problem', '', '2017-03-27 01:07:36', '0000-00-00 00:00:00', '0000-00-00 00:00:00', 1, 1),
(34, 0, 'TICKT-034', 2, 1, 2, 1, 22, 1, 'User not exists. Please signup to create ticket', 'Enroll new time tables', 'blackaddfile5121490612937.jpg', '2017-03-27 01:08:57', '0000-00-00 00:00:00', '0000-00-00 00:00:00', 1, 1),
(35, 0, 'TICKT-035', 8, 2, 7, 1, 9, 1, 'User not exists. Please signup to create ticketUser not exists. Please signup to create ticket', 'Plumbing Work', '', '2017-03-27 01:10:00', '0000-00-00 00:00:00', '0000-00-00 00:00:00', 1, 1),
(36, 0, 'TICKT-036', 3, 1, 3, 2, 22, 1, 'GHFvhjdsvwhfj hghe', 'Exam schedule', '', '2017-03-27 01:22:09', '0000-00-00 00:00:00', '0000-00-00 00:00:00', 1, 1),
(37, 0, 'TICKT-037', 3, 1, 3, 2, 22, 1, 'gnhergjye5', 'Current Issue', '', '2017-03-27 01:23:13', '0000-00-00 00:00:00', '0000-00-00 00:00:00', 1, 1),
(38, 0, 'TICKT-038', 9, 1, 1, 1, 22, 5, 'http://localhost/HelpUs_main/index.php/Homehttp://localhost/HelpUs_main/index.php/Home', 'Salary Problem', '', '2017-03-27 02:51:17', '0000-00-00 00:00:00', '0000-00-00 00:00:00', 1, 1),
(39, 0, 'TICKT-039', 10, 2, 6, 1, 9, 1, 'redirect(base_url().\'index.php/Manage_ticket/view_ticket\');redirect(base_url().\'index.php/Manage_ticket/view_ticket\');', 'FDFG', '', '2017-03-27 03:01:52', '0000-00-00 00:00:00', '0000-00-00 00:00:00', 1, 1),
(40, 0, 'TICKT-040', 1, 2, 7, 3, 9, 12, 'Make it fast', 'Enroll new time tables', '', '2017-03-28 10:21:36', '2017-03-31 00:00:00', '0000-00-00 00:00:00', 1, 0),
(41, 0, 'TICKT-041', 1, 1, 3, 1, 22, 12, 'Salary Not credited', 'Salary Problem', '', '2017-03-28 10:49:32', '2017-03-31 00:00:00', '0000-00-00 00:00:00', 1, 1),
(42, 0, 'TICKT-042', 1, 2, 6, 2, 9, 1, 'uihghjfhfvjfvjvbh', 'Enroll new time tables', '', '2017-03-28 12:01:43', '0000-00-00 00:00:00', '0000-00-00 00:00:00', 1, 1),
(43, 0, 'TICKT-043', 1, 1, 4, 1, 24, 2, 'kjhfghhkjvgbfvkjbkj', 'Salary Problem', '', '2017-04-06 04:11:32', '2017-04-19 00:00:00', '0000-00-00 00:00:00', 1, 1),
(44, 0, 'TICKT-044', 1, 2, 6, 3, 5, 2, 'dfbb', 'csvb', '', '2017-04-03 06:12:46', '2017-04-11 00:00:00', '0000-00-00 00:00:00', 1, 1),
(45, 44, 'TICKT-045', 9, 2, 6, 2, 5, 2, 'huijhui', 'hfdsghuj', '', '2017-03-28 01:18:55', '0000-00-00 00:00:00', '0000-00-00 00:00:00', 1, 0),
(46, 44, 'TICKT-046', 9, 2, 6, 3, 5, 2, 'gfdnj', 'gsdf', '', '2017-03-28 01:19:06', '0000-00-00 00:00:00', '0000-00-00 00:00:00', 1, 1),
(47, 44, 'TICKT-047', 9, 2, 6, 2, 5, 2, 'fgh', 'fnsf', '', '2017-03-28 01:19:14', '0000-00-00 00:00:00', '0000-00-00 00:00:00', 1, 0),
(48, 44, 'TICKT-048', 9, 2, 6, 2, 5, 2, 'sftrgj', 'fgdnh', '', '2017-03-28 01:19:25', '0000-00-00 00:00:00', '0000-00-00 00:00:00', 1, 1),
(49, 0, 'TICKT-049', 1, 1, 2, 1, 20, 4, 'Enroll new time tablesEnroll new time tablesEnroll new time tables', 'Enroll new time tables', '', '2017-03-28 02:29:28', '2017-03-30 00:00:00', '0000-00-00 00:00:00', 1, 1),
(50, 0, 'TICKT-050', 4, 6, 11, 3, 26, 1, 'gfdndfr', 'gdfh', '', '2017-03-31 01:28:26', '0000-00-00 00:00:00', '0000-00-00 00:00:00', 1, 1),
(51, 0, 'TICKT-051', 5, 6, 11, 3, 26, 1, 'gfdndfr', 'gdfh', '', '2017-03-31 01:30:06', '0000-00-00 00:00:00', '0000-00-00 00:00:00', 1, 0),
(52, 0, 'TICKT-052', 6, 5, 10, 2, 0, 1, 'hfmkdm', 'Enroll new time tables', '', '2017-03-31 03:47:25', '0000-00-00 00:00:00', '0000-00-00 00:00:00', 1, 0),
(53, 0, 'TICKT-053', 1, 6, 12, 1, 26, 1, 'dfghtdsrh', 'Enroll new time tables', '', '2017-04-03 07:57:51', '0000-00-00 00:00:00', '0000-00-00 00:00:00', 1, 1),
(54, 0, 'TICKT-054', 7, 7, 15, 1, 29, 14, 'dsagsehbzdbfade', 'Enroll new time tables', '', '2017-04-04 11:23:47', '2017-04-17 00:00:00', '0000-00-00 00:00:00', 1, 1),
(55, 0, 'TICKT-055', 7, 7, 15, 1, 29, 1, 'dsgsag', 'Enroll new time tables', '', '2017-04-04 11:27:15', '0000-00-00 00:00:00', '0000-00-00 00:00:00', 1, 1),
(56, 0, 'TICKT-056', 7, 7, 15, 1, 31, 4, 'dfsgrag', 'Exam schedule', '', '2017-04-04 02:09:09', '2017-04-27 00:00:00', '0000-00-00 00:00:00', 1, 1),
(57, 38, 'TICKT-057', 22, 1, 1, 2, 17, 2, 'aaa', 'ttt', '', '2017-05-10 09:18:20', '0000-00-00 00:00:00', '0000-00-00 00:00:00', 1, 1),
(58, 38, 'TICKT-058', 22, 1, 1, 2, 17, 2, 'aaaa2', 'ttt2', '', '2017-05-10 09:18:34', '0000-00-00 00:00:00', '0000-00-00 00:00:00', 1, 0),
(59, 38, 'TICKT-059', 22, 1, 1, 3, 17, 2, 'ddd', 'ttt3', '', '2017-05-10 09:18:51', '0000-00-00 00:00:00', '0000-00-00 00:00:00', 1, 1),
(60, 55, 'TICKT-060', 29, 7, 15, 1, 30, 2, 'dfsgs', 'Enroll new time tables 1', 'HDWallpaperComputerWallpapersDesktopBackgrounds1920x1080ID1494824165.jpg', '2017-05-15 10:26:05', '0000-00-00 00:00:00', '0000-00-00 00:00:00', 1, 1),
(61, 55, 'TICKT-061', 29, 7, 15, 1, 31, 4, 'rgegs', 'Enroll new time tables 2', '', '2017-05-15 10:27:55', '2017-05-15 00:00:00', '0000-00-00 00:00:00', 1, 1),
(62, 0, 'TICKT-062', 1, 1, 1, 2, 22, 5, 'DASF', 'Enroll new time tables 1', '', '2017-05-17 02:54:37', '0000-00-00 00:00:00', '0000-00-00 00:00:00', 1, 1),
(63, 0, 'TICKT-063', 30, 7, 14, 1, 29, 1, 'dasrwfg', 'Enroll new time tables 1', '', '2017-05-17 05:01:06', '0000-00-00 00:00:00', '0000-00-00 00:00:00', 1, 0),
(64, 0, 'TICKT-064', 2, 1, 2, 3, 22, 9, 'sdadffdsa', 'Enroll new time tables 2', '', '2017-05-17 05:04:27', '0000-00-00 00:00:00', '0000-00-00 00:00:00', 1, 1),
(65, 0, 'TICKT-065', 1, 7, 14, 3, 29, 1, 'vczdbszg', 'Enroll new time tables111', '', '2017-05-17 05:05:31', '0000-00-00 00:00:00', '0000-00-00 00:00:00', 1, 0),
(66, 0, 'TICKT-066', 1, 7, 14, 1, 29, 1, 'dfghs', 'Exam schedule', '', '2017-05-17 05:06:21', '0000-00-00 00:00:00', '0000-00-00 00:00:00', 1, 0),
(67, 0, 'TICKT-067', 11, 7, 15, 3, 29, 1, 'cdsvfsa', 'Enroll new time tables 1222', '', '2017-05-17 01:37:24', '0000-00-00 00:00:00', '0000-00-00 00:00:00', 1, 0),
(68, 0, 'TICKT-068', 12, 7, 14, 2, 29, 1, 'daewfas', 'Enroll new time tables', '', '2017-05-17 01:39:11', '0000-00-00 00:00:00', '0000-00-00 00:00:00', 1, 0),
(69, 0, 'TICKT-069', 13, 7, 14, 2, 29, 1, 'daewfas', 'Enroll new time tables', '', '2017-05-17 01:41:13', '0000-00-00 00:00:00', '0000-00-00 00:00:00', 1, 0),
(70, 0, 'TICKT-070', 14, 7, 14, 2, 29, 1, 'daewfas', 'Enroll new time tables', '', '2017-05-17 01:44:15', '0000-00-00 00:00:00', '0000-00-00 00:00:00', 1, 0),
(71, 0, 'TICKT-071', 15, 7, 14, 3, 29, 1, 'tyfdtydft', 'Enroll new time tables 2', '', '2017-05-17 01:45:59', '0000-00-00 00:00:00', '0000-00-00 00:00:00', 1, 0),
(72, 0, 'TICKT-072', 19, 7, 14, 3, 29, 1, 'tyfdtydft', 'Enroll new time tables 2', '', '2017-05-17 01:47:46', '0000-00-00 00:00:00', '0000-00-00 00:00:00', 1, 0),
(73, 0, 'TICKT-073', 20, 7, 14, 3, 29, 1, 'tyfdtydft', 'Enroll new time tables 2', '', '2017-05-17 01:47:53', '0000-00-00 00:00:00', '0000-00-00 00:00:00', 1, 0),
(74, 0, 'TICKT-074', 21, 7, 14, 3, 29, 1, 'tyfdtydft', 'Enroll new time tables 2', '', '2017-05-17 01:48:03', '0000-00-00 00:00:00', '0000-00-00 00:00:00', 1, 0),
(75, 0, 'TICKT-075', 25, 7, 14, 3, 29, 1, 'tyfdtydft', 'Enroll new time tables 2', '', '2017-05-17 01:50:00', '0000-00-00 00:00:00', '0000-00-00 00:00:00', 1, 0),
(76, 0, 'TICKT-076', 26, 7, 14, 3, 29, 1, 'tyfdtydft', 'Enroll new time tables 2', '', '2017-05-17 01:51:05', '0000-00-00 00:00:00', '0000-00-00 00:00:00', 1, 0),
(77, 0, 'TICKT-077', 1, 1, 1, 3, 22, 5, 'cdswfvrqwafvg', 'ttt', '', '2017-05-19 06:01:51', '0000-00-00 00:00:00', '0000-00-00 00:00:00', 1, 1),
(78, 0, 'TICKT-078', 27, 1, 2, 1, 23, 2, 'sadfvgaqg', 'ttt2frare', '', '2017-06-14 03:33:15', '2017-06-14 00:00:00', '0000-00-00 00:00:00', 1, 1),
(79, 0, 'TICKT-079', 28, 1, 3, 3, 18, 2, 'jyftdcyghfv', 'aaa', '', '2017-06-14 02:22:42', '2017-06-14 00:00:00', '0000-00-00 00:00:00', 1, 1),
(80, 0, 'TICKT-080', 1, 1, 4, 2, 24, 1, 'cds', 'Enroll new time tables 2', '', '2017-06-13 01:19:23', '2017-06-13 00:00:00', '0000-00-00 00:00:00', 1, 1),
(81, 0, 'TICKT-081', 1, 1, 2, 1, 22, 1, 'dfwef', 'Enroll new time tables', '', '2017-06-14 04:44:44', '2017-06-27 00:00:00', '0000-00-00 00:00:00', 1, 1),
(82, 0, 'TICKT-082', 30, 2, 8, 3, 9, 1, 'vfrga', 'Enroll new time tables 2', '', '2017-06-14 08:43:08', '0000-00-00 00:00:00', '0000-00-00 00:00:00', 1, 1),
(83, 81, 'TICKT-083', 22, 1, 2, 2, 23, 2, '1111', 'Enroll new time tables 1', '', '2017-06-15 10:19:08', '0000-00-00 00:00:00', '0000-00-00 00:00:00', 1, 1),
(84, 81, 'TICKT-084', 22, 1, 2, 2, 23, 2, '22222', 'Enroll new time tables 2', '', '2017-06-15 10:19:28', '0000-00-00 00:00:00', '0000-00-00 00:00:00', 1, 0),
(85, 0, 'TICKT-085', 1, 1, 2, 3, 22, 1, 'fvbdsbg', 'Enroll new time tables', '', '2017-06-15 03:22:39', '0000-00-00 00:00:00', '0000-00-00 00:00:00', 1, 1),
(86, 0, 'TICKT-086', 1, 1, 3, 1, 22, 1, 'vfdsareg', 'Enroll new time tables 2', '', '2017-06-15 03:30:37', '0000-00-00 00:00:00', '0000-00-00 00:00:00', 1, 1),
(87, 0, 'TICKT-087', 32, 1, 16, 3, 22, 1, 'vdsav', 'Enroll new time tables 1', '', '2017-06-15 12:08:03', '0000-00-00 00:00:00', '0000-00-00 00:00:00', 1, 1),
(88, 0, 'TICKT-088', 1, 1, 3, 3, 22, 1, 'fdewsffaw', 'Enroll new time tables', '', '2017-06-15 04:34:43', '0000-00-00 00:00:00', '0000-00-00 00:00:00', 1, 1),
(89, 0, 'TICKT-089', 1, 1, 16, 3, 22, 1, 'fds', 'aaa', '', '2017-06-15 04:54:02', '0000-00-00 00:00:00', '0000-00-00 00:00:00', 1, 1),
(90, 0, 'TICKT-090', 33, 2, 6, 2, 9, 1, 'dafsf', 'gsdf', '', '2017-06-15 01:38:48', '0000-00-00 00:00:00', '0000-00-00 00:00:00', 1, 0),
(91, 0, 'TICKT-091', 34, 1, 3, 3, 22, 1, 'vfdsg', 'csxa', '', '2017-06-15 01:43:14', '0000-00-00 00:00:00', '0000-00-00 00:00:00', 1, 1),
(92, 0, 'TICKT-092', 35, 1, 1, 3, 22, 1, 'dswgvar', 'Enroll new time tables 2', '', '2017-06-15 01:46:37', '0000-00-00 00:00:00', '0000-00-00 00:00:00', 1, 1),
(93, 0, 'TICKT-093', 36, 1, 16, 3, 22, 1, 'dfcsaf', 'Enroll new time tables', '', '2017-06-15 02:05:35', '0000-00-00 00:00:00', '0000-00-00 00:00:00', 1, 1),
(94, 0, 'TICKT-094', 37, 1, 3, 2, 22, 1, 'vdfsgsadeg', 'Exam schedule', '', '2017-06-15 02:09:04', '0000-00-00 00:00:00', '0000-00-00 00:00:00', 1, 1),
(95, 0, 'TICKT-095', 38, 1, 3, 2, 22, 1, 'vfdsgsd', 'Enroll new time tables 2', '', '2017-06-15 02:15:45', '0000-00-00 00:00:00', '0000-00-00 00:00:00', 1, 1),
(96, 0, 'TICKT-096', 39, 2, 5, 2, 9, 1, 'vdsafvgsfv', 'Enroll new time tables', '', '2017-06-15 02:17:03', '0000-00-00 00:00:00', '0000-00-00 00:00:00', 1, 0),
(97, 0, 'TICKT-097', 40, 2, 8, 3, 9, 1, 'bfdsghdsrh', 'aaa', '', '2017-06-15 02:23:40', '0000-00-00 00:00:00', '0000-00-00 00:00:00', 1, 0),
(98, 0, 'TICKT-098', 41, 2, 7, 2, 9, 1, 'dsafds', 'Enroll new time tables', '', '2017-06-15 02:37:41', '0000-00-00 00:00:00', '0000-00-00 00:00:00', 1, 0),
(99, 0, 'TICKT-099', 42, 1, 1, 3, 22, 1, 'daswfd', 'Enroll new time tables', '', '2017-06-15 02:41:01', '0000-00-00 00:00:00', '0000-00-00 00:00:00', 1, 1),
(100, 0, 'TICKT-100', 43, 1, 4, 3, 22, 1, 'vdsfgsfg', 'Enroll new time tables', '', '2017-06-15 02:42:04', '0000-00-00 00:00:00', '0000-00-00 00:00:00', 1, 1),
(101, 0, 'TICKT-101', 44, 1, 3, 3, 22, 1, 'fsdef', 'Enroll new time tables', '', '2017-06-15 02:44:05', '0000-00-00 00:00:00', '0000-00-00 00:00:00', 1, 1),
(102, 0, 'TICKT-102', 45, 1, 4, 3, 22, 1, 'vfdsv', 'Enroll new time tables 1', '', '2017-06-15 02:46:56', '0000-00-00 00:00:00', '0000-00-00 00:00:00', 1, 1),
(103, 0, 'TICKT-103', 47, 1, 3, 3, 22, 1, 'dfsgd', 'ttt3', '', '2017-06-15 03:02:25', '0000-00-00 00:00:00', '0000-00-00 00:00:00', 1, 1),
(104, 0, 'TICKT-104', 48, 1, 2, 3, 22, 1, 'dfsgdfsvag', 'aaa', '', '2017-06-15 03:12:19', '0000-00-00 00:00:00', '0000-00-00 00:00:00', 1, 1),
(105, 0, 'TICKT-105', 49, 2, 6, 2, 9, 1, 'fvbdsg', 'Exam schedule', '', '2017-06-15 03:13:25', '0000-00-00 00:00:00', '0000-00-00 00:00:00', 1, 0),
(106, 0, 'TICKT-106', 50, 1, 1, 3, 22, 1, 'fdsg', 'Enroll new time tables', '', '2017-06-15 03:27:17', '0000-00-00 00:00:00', '0000-00-00 00:00:00', 1, 1),
(107, 0, 'TICKT-107', 51, 1, 2, 2, 22, 1, 'fd', 'aaa', '', '2017-06-15 03:30:49', '0000-00-00 00:00:00', '0000-00-00 00:00:00', 1, 1),
(108, 0, 'TICKT-108', 52, 1, 3, 1, 22, 1, '', 'Enroll new time tables 1', '', '2017-06-15 03:37:33', '0000-00-00 00:00:00', '0000-00-00 00:00:00', 1, 1),
(109, 0, 'TICKT-109', 53, 1, 1, 3, 22, 1, 'asd', 'asd', '', '2017-06-15 03:42:43', '0000-00-00 00:00:00', '0000-00-00 00:00:00', 1, 1),
(110, 0, 'TICKT-110', 54, 1, 3, 3, 22, 1, '', 'asd', '', '2017-06-15 03:43:13', '0000-00-00 00:00:00', '0000-00-00 00:00:00', 1, 1),
(111, 0, 'TICKT-111', 55, 2, 8, 2, 9, 1, '', 'Enroll new time tables', '', '2017-06-15 03:45:04', '0000-00-00 00:00:00', '0000-00-00 00:00:00', 1, 0),
(112, 0, 'TICKT-112', 56, 1, 3, 2, 22, 1, '', 'asd', '', '2017-06-15 03:46:15', '0000-00-00 00:00:00', '0000-00-00 00:00:00', 1, 1),
(113, 0, 'TICKT-113', 57, 1, 3, 1, 22, 1, '', 'asd', '', '2017-06-15 03:48:43', '0000-00-00 00:00:00', '0000-00-00 00:00:00', 1, 1),
(114, 0, 'TICKT-114', 58, 1, 1, 3, 22, 1, 'sqwdfwq', 'aaa', '', '2017-06-16 06:51:47', '0000-00-00 00:00:00', '0000-00-00 00:00:00', 1, 1),
(115, 0, 'TICKT-115', 59, 1, 2, 1, 22, 1, 'vfrgds', 'Enroll new time tables', '', '2017-06-16 06:52:25', '0000-00-00 00:00:00', '0000-00-00 00:00:00', 1, 1),
(116, 0, 'TICKT-116', 60, 1, 2, 3, 60, 9, 'vgrvf', 'Enroll new time tables 2', '', '2017-06-16 06:57:37', '0000-00-00 00:00:00', '0000-00-00 00:00:00', 1, 1),
(117, 0, 'TICKT-117', 61, 1, 1, 2, 22, 1, 'e5yu5e', 'Enroll new time tables', '', '2017-07-07 09:04:22', '0000-00-00 00:00:00', '0000-00-00 00:00:00', 1, 1),
(118, 0, 'TICKT-118', 61, 1, 4, 1, 20, 4, 'kihikhoihop', 'Exam schedule', '', '2017-07-07 04:15:45', '2017-07-21 00:00:00', '0000-00-00 00:00:00', 1, 1),
(119, 0, 'TICKT-119', 2, 1, 3, 3, 2, 8, 'uyuituytytgui', 'Exam schedule', '', '2017-07-07 02:10:00', '0000-00-00 00:00:00', '0000-00-00 00:00:00', 1, 1),
(120, 0, 'TICKT-120', 2, 2, 7, 1, 9, 1, 'iuoihuoihoih', 'Enroll new time tables 2', '', '2017-07-07 02:10:27', '0000-00-00 00:00:00', '0000-00-00 00:00:00', 1, 0),
(121, 119, 'TICKT-121', 22, 1, 3, 2, 18, 2, 'dsavs', '11', '', '2017-07-07 02:14:17', '0000-00-00 00:00:00', '0000-00-00 00:00:00', 1, 1),
(122, 119, 'TICKT-122', 22, 1, 3, 1, 18, 2, 'dfbsdfg', '22', '', '2017-07-07 02:14:30', '0000-00-00 00:00:00', '0000-00-00 00:00:00', 1, 1),
(123, 0, 'TICKT-123', 2, 1, 2, 2, 22, 5, 'vftrghdtrhdyjdjdfyj', '[removed] alert', '', '2017-07-07 05:23:38', '0000-00-00 00:00:00', '0000-00-00 00:00:00', 1, 1),
(124, 0, 'TICKT-124', 1, 1, 1, 2, 22, 1, '', '', '', '2017-07-12 12:22:36', '0000-00-00 00:00:00', '0000-00-00 00:00:00', 1, 1),
(125, 0, 'TICKT-125', 2, 1, 1, 2, 0, 14, 'fghfgsfrgs', 'AQWER', '', '2017-07-12 12:49:28', '2017-07-31 00:00:00', '0000-00-00 00:00:00', 1, 1),
(126, 0, 'TICKT-126', 62, 1, 3, 3, 22, 1, 'hgsrhnbfnh', 'mfdlks', '', '2017-07-14 07:17:15', '0000-00-00 00:00:00', '0000-00-00 00:00:00', 1, 1),
(127, 0, 'TICKT-127', 2, 1, 2, 2, 22, 1, 'dsvafsaw', 'few', '', '2017-07-14 11:48:08', '0000-00-00 00:00:00', '0000-00-00 00:00:00', 1, 1),
(128, 0, 'TICKT-128', 2, 2, 5, 2, 9, 1, 'dfzghse', 'Enroll new time tables', '', '2017-07-14 12:17:13', '0000-00-00 00:00:00', '0000-00-00 00:00:00', 1, 0),
(129, 0, 'TICKT-129', 2, 3, 9, 3, 0, 1, 'bdfghds', 'fvbdgdf', '', '2017-07-14 12:17:40', '0000-00-00 00:00:00', '0000-00-00 00:00:00', 1, 0),
(130, 0, 'TICKT-130', 2, 3, 9, 2, 0, 1, 'hgdfhj', 'gfhdf', '', '2017-07-14 12:22:47', '0000-00-00 00:00:00', '0000-00-00 00:00:00', 1, 0),
(131, 0, 'TICKT-131', 63, 21, 37, 3, 88, 6, 'bgfdsg', 'gdfsraeg', '', '2017-07-14 01:12:12', '0000-00-00 00:00:00', '0000-00-00 00:00:00', 1, 1),
(132, 0, 'TICKT-132', 63, 21, 37, 2, 89, 2, 'ndghfjdftyjft', 'dgrhdfr', '', '2017-07-16 03:11:23', '2017-07-16 00:00:00', '0000-00-00 00:00:00', 1, 1),
(133, 0, 'TICKT-133', 64, 21, 37, 3, 0, 5, 'gfdsag', 'dsgfa', '', '2017-07-16 08:18:16', '0000-00-00 00:00:00', '0000-00-00 00:00:00', 1, 1),
(134, 0, 'TICKT-134', 64, 21, 37, 2, 0, 5, 'fggfs', 'Enroll new time tables', 'httpswwwirctccoineticketingprintTicket1500186300.pdf', '2017-07-16 11:55:00', '0000-00-00 00:00:00', '0000-00-00 00:00:00', 1, 1),
(135, 0, 'TICKT-135', 64, 21, 37, 2, 87, 1, 'fvgdeswa', 'Enroll new time tables', '051b19573268cc0e5c6074be25c59b051500192776.jpg', '2017-07-16 01:42:56', '0000-00-00 00:00:00', '0000-00-00 00:00:00', 1, 1),
(136, 135, 'TICKT-136', 87, 21, 37, 2, 89, 2, 'dsfa', 'Enroll new time tables 1', '', '2017-07-16 01:43:56', '0000-00-00 00:00:00', '0000-00-00 00:00:00', 1, 1),
(137, 135, 'TICKT-137', 87, 21, 37, 2, 90, 4, 'fawfg', 'Enroll new time tables 2', '', '2017-07-16 01:53:08', '2017-07-16 00:00:00', '0000-00-00 00:00:00', 1, 1),
(138, 0, 'TICKT-138', 64, 20, 34, 3, 76, 1, 'trsj', 'Exam schedule', '', '2017-07-18 11:34:03', '0000-00-00 00:00:00', '0000-00-00 00:00:00', 1, 0),
(139, 0, 'TICKT-139', 64, 21, 37, 2, 87, 1, 'bhdfgtsh', 'Exam schedule', '', '2017-07-18 11:34:39', '0000-00-00 00:00:00', '0000-00-00 00:00:00', 1, 1),
(140, 0, 'TICKT-140', 1, 21, 37, 2, 87, 1, 'fhgsxd', 'Exam schedule', '', '2017-07-18 02:23:49', '0000-00-00 00:00:00', '0000-00-00 00:00:00', 1, 1),
(141, 0, 'TICKT-141', 1, 21, 37, 1, 87, 1, 'frag', 'Enroll new time tables', '', '2017-07-18 02:25:33', '0000-00-00 00:00:00', '0000-00-00 00:00:00', 1, 0),
(142, 0, 'TICKT-142', 87, 21, 37, 3, 87, 1, 'vcdsa', 'cdx', '', '2017-07-18 02:32:56', '0000-00-00 00:00:00', '0000-00-00 00:00:00', 1, 0),
(143, 0, 'TICKT-143', 64, 21, 37, 3, 88, 6, 'bgsdfg', 'sg', '', '2017-07-18 02:34:41', '0000-00-00 00:00:00', '0000-00-00 00:00:00', 1, 1),
(144, 0, 'TICKT-144', 64, 21, 37, 3, 88, 6, 'cdsa', 'cdsaf', '', '2017-07-18 02:39:35', '0000-00-00 00:00:00', '0000-00-00 00:00:00', 1, 1),
(145, 0, 'TICKT-145', 64, 21, 37, 3, 87, 1, 'vsadv', 'fdsv', 'Cfakepathflyerdesignposter21500378525.jpg', '2017-07-18 05:18:45', '0000-00-00 00:00:00', '0000-00-00 00:00:00', 1, 1),
(146, 0, 'TICKT-146', 64, 21, 37, 1, 87, 1, 'vdfsa', 'vdfsag', 'Cfakepathcreativeposterdesign121500378689.jpg', '2017-07-18 05:21:29', '0000-00-00 00:00:00', '0000-00-00 00:00:00', 1, 1),
(147, 0, 'TICKT-147', 67, 21, 37, 3, 87, 16, 'nfgxnb', 'nbfxgnb', 'C:\\fakepath\\LIKE US ON FACEBOOK.jpg', '2017-07-18 02:00:23', '0000-00-00 00:00:00', '0000-00-00 00:00:00', 1, 1),
(148, 0, 'TICKT-148', 68, 21, 37, 2, 87, 1, 'nhfd', 'hfgh', 'C:\\fakepath\\original.jpg', '2017-07-18 02:01:52', '0000-00-00 00:00:00', '0000-00-00 00:00:00', 1, 1),
(149, 0, 'TICKT-149', 94, 21, 37, 3, 87, 16, 'dfvs', 'dfvzx', '', '2017-07-18 03:46:35', '0000-00-00 00:00:00', '0000-00-00 00:00:00', 1, 1),
(150, 0, 'TICKT-150', 95, 21, 37, 3, 87, 1, 'vdsa', 'cdsa', '', '2017-07-18 03:53:26', '0000-00-00 00:00:00', '0000-00-00 00:00:00', 1, 1),
(151, 0, 'TICKT-151', 129, 21, 37, 3, 87, 1, 'vdfs', 'fs', '', '2017-07-19 12:17:04', '0000-00-00 00:00:00', '0000-00-00 00:00:00', 1, 1),
(152, 0, 'TICKT-152', 64, 21, 37, 3, 87, 1, 'ijhguigi', 'uiy', '', '2017-07-19 07:16:58', '0000-00-00 00:00:00', '0000-00-00 00:00:00', 1, 1),
(153, 0, 'TICKT-153', 64, 21, 37, 3, 0, 14, 'fhnjdfg', 'Exam schedule', '', '2017-07-21 12:21:03', '2017-07-31 00:00:00', '0000-00-00 00:00:00', 1, 1),
(154, 0, 'TICKT-154', 2, 23, 39, 2, 95, 1, 'gsdfr', 'gfds', '', '2017-08-02 03:31:01', '0000-00-00 00:00:00', '0000-00-00 00:00:00', 1, 0),
(155, 0, 'TICKT-155', 138, 21, 37, 3, 87, 1, 'ngfsn', 'ngsngfs', '', '2017-08-03 11:03:24', '0000-00-00 00:00:00', '0000-00-00 00:00:00', 1, 1),
(156, 0, 'TICKT-156', 138, 21, 37, 3, 87, 1, 'bfdbh', 'bdfbg', '', '2017-08-03 06:03:01', '0000-00-00 00:00:00', '0000-00-00 00:00:00', 1, 1),
(157, 156, 'TICKT-157', 87, 21, 37, 3, 89, 2, 'gtsrh', '1', '', '2017-08-04 07:04:22', '0000-00-00 00:00:00', '0000-00-00 00:00:00', 1, 1),
(158, 156, 'TICKT-158', 87, 21, 37, 2, 89, 2, 'sr', '2', '', '2017-08-04 07:04:32', '0000-00-00 00:00:00', '0000-00-00 00:00:00', 1, 1),
(159, 151, 'TICKT-159', 87, 21, 37, 2, 89, 2, 'bdfb', '11', '', '2017-08-04 07:27:50', '0000-00-00 00:00:00', '0000-00-00 00:00:00', 1, 1),
(160, 151, 'TICKT-160', 87, 21, 37, 3, 89, 2, 'bgd', '22', '', '2017-08-04 07:28:02', '0000-00-00 00:00:00', '0000-00-00 00:00:00', 1, 1),
(161, 149, 'TICKT-161', 87, 21, 37, 3, 89, 2, 'fdewsa', '111', '', '2017-08-04 07:51:32', '0000-00-00 00:00:00', '0000-00-00 00:00:00', 1, 1),
(162, 147, 'TICKT-162', 87, 21, 37, 2, 89, 2, 'saf', '1111', '', '2017-08-04 07:55:51', '0000-00-00 00:00:00', '0000-00-00 00:00:00', 1, 1),
(163, 0, 'TICKT-163', 1, 16, 26, 3, 55, 1, 'qwerty', 'qwerty', '', '2017-08-04 09:44:28', '0000-00-00 00:00:00', '0000-00-00 00:00:00', 1, 1),
(164, 0, 'TICKT-164', 1, 22, 38, 3, 92, 1, 'sadsd', 'asdsd', 'avathar_by_jaj540-d4tmnq1.jpg', '2017-08-04 09:48:23', '0000-00-00 00:00:00', '0000-00-00 00:00:00', 1, 1),
(165, 0, 'TICKT-165', 1, 19, 33, 3, 100, 1, 'asdsad', 'asdsd', 'avathar_by_jaj540-d4tmnq1.jpg', '2017-08-04 10:30:02', '0000-00-00 00:00:00', '0000-00-00 00:00:00', 1, 1),
(166, 0, 'TICKT-166', 138, 21, 37, 2, 0, 14, 'jnhfdj', 'Exam schedule', 'avathar_by_jaj540-d4tmnq1.jpg', '2017-08-05 11:19:22', '2017-08-31 00:00:00', '0000-00-00 00:00:00', 1, 1),
(167, 0, 'TICKT-167', 138, 21, 37, 3, 87, 16, 'jr7u6', 'cds', 'avatharbyjaj540d4tmnq11501916992.jpg', '2017-08-05 12:39:52', '0000-00-00 00:00:00', '0000-00-00 00:00:00', 1, 1),
(168, 167, 'TICKT-168', 87, 21, 37, 2, 89, 2, 'fvcre', 'Exam schedule 1', '', '2017-08-05 12:41:13', '0000-00-00 00:00:00', '0000-00-00 00:00:00', 1, 1),
(169, 167, 'TICKT-169', 87, 21, 37, 2, 87, 11, 'fgd', 'Exam schedule 2', '', '2017-08-09 04:49:59', '2017-08-09 00:00:00', '0000-00-00 00:00:00', 1, 1),
(170, 0, 'TICKT-170', 138, 21, 37, 3, 87, 1, 'nfgh', 'fgh', '', '2017-08-05 12:46:18', '0000-00-00 00:00:00', '0000-00-00 00:00:00', 1, 1),
(171, 0, 'TICKT-171', 138, 19, 33, 2, 100, 1, 'aasd', 'asdasw', 'avathar_by_jaj540-d4tmnq1.jpg', '2017-08-07 10:30:10', '0000-00-00 00:00:00', '0000-00-00 00:00:00', 1, 1),
(172, 0, 'TICKT-172', 138, 23, 39, 3, 95, 1, 'asdsd', 'asdsa', 'avathar_by_jaj540-d4tmnq1.jpg', '2017-08-07 10:36:37', '0000-00-00 00:00:00', '0000-00-00 00:00:00', 1, 1),
(173, 0, 'TICKT-173', 138, 23, 39, 2, 95, 1, 'asd', 'mail', 'avathar_by_jaj540-d4tmnq1.jpg', '2017-08-07 10:44:48', '0000-00-00 00:00:00', '0000-00-00 00:00:00', 1, 0),
(174, 0, 'TICKT-174', 138, 10, 18, 2, 34, 1, 'qwertytrewq', 'qwerty', '', '2017-08-07 11:06:15', '0000-00-00 00:00:00', '0000-00-00 00:00:00', 1, 1),
(175, 0, 'TICKT-175', 138, 21, 37, 2, 138, 12, 'asd', 'asd', '', '2017-08-11 01:14:53', '2017-08-30 00:00:00', '0000-00-00 00:00:00', 1, 1),
(176, 0, 'TICKT-176', 138, 20, 36, 2, 76, 1, 'asd', 'sdf', 'avatharbyjaj540d4tmnq11502087072.jpg', '2017-08-07 11:54:32', '0000-00-00 00:00:00', '0000-00-00 00:00:00', 1, 1),
(177, 0, 'TICKT-177', 138, 20, 36, 2, 76, 1, 'sadsd', 'asd', '01502091488.png', '2017-08-07 01:08:31', '0000-00-00 00:00:00', '0000-00-00 00:00:00', 1, 1),
(178, 0, 'TICKT-178', 138, 6, 13, 2, 26, 1, 'qwerty', 'Mail Gun', 'avengers131502091683.jpg', '2017-08-07 01:11:29', '0000-00-00 00:00:00', '0000-00-00 00:00:00', 1, 1),
(179, 0, 'TICKT-179', 141, 25, 43, 2, 123, 1, 'ngfng', 'nfgn', '', '2017-08-07 01:24:57', '0000-00-00 00:00:00', '0000-00-00 00:00:00', 1, 1),
(180, 0, 'TICKT-180', 143, 25, 43, 1, 123, 1, 'htryh', 'ytsey', 'FuJJ6jX1502092829.jpg', '2017-08-07 01:31:50', '0000-00-00 00:00:00', '0000-00-00 00:00:00', 1, 1),
(181, 0, 'TICKT-181', 143, 25, 43, 2, 123, 1, 'vbfdsbdsb', 'A very important issue is repotrtig please make it very fast and complete it', 'FuJJ6jX1502101157.jpg', '2017-08-07 03:49:17', '0000-00-00 00:00:00', '0000-00-00 00:00:00', 1, 1),
(182, 0, 'TICKT-182', 138, 25, 43, 2, 123, 16, 'fraegwe', 'Exam schedule', 'FuJJ6jX1502106425.jpg', '2017-08-07 05:17:10', '0000-00-00 00:00:00', '0000-00-00 00:00:00', 1, 1),
(183, 0, 'TICKT-183', 138, 25, 43, 2, 0, 14, 'HHHHHHHHHHHHHHHHHHHHH', 'HHHHHHHHHHH', 'eygnsfe035s1502109358.jpg', '2017-08-07 06:24:20', '2017-08-31 00:00:00', '0000-00-00 00:00:00', 1, 1),
(184, 0, '', 144, 25, 43, 1, 123, 1, 'bfg', 'vxgb', 'g59l16E1502271615.jpg', '2017-08-09 03:10:30', '0000-00-00 00:00:00', '0000-00-00 00:00:00', 1, 0),
(185, 0, 'TICKT-185', 145, 25, 43, 1, 125, 2, 'bfg', 'vxgb', 'g59l16E1502271615.jpg', '2017-08-09 07:46:00', '2017-08-30 00:00:00', '0000-00-00 00:00:00', 1, 1),
(186, 0, 'TICKT-186', 146, 25, 43, 1, 123, 16, 'gfsdeg', 'gresg', 'FuJJ6jX1502271846.jpg', '2017-08-09 03:14:19', '0000-00-00 00:00:00', '0000-00-00 00:00:00', 1, 1),
(187, 186, 'TICKT-187', 123, 25, 43, 2, 123, 12, 'dfg', 'hh', '', '2017-08-10 01:25:59', '2017-08-10 00:00:00', '0000-00-00 00:00:00', 1, 1),
(188, 0, 'TICKT-188', 138, 25, 43, 3, 138, 9, 'bfdbbfbd', 'Exam schedule', '573e3a092fedb936af6a413a39dcc68956ee5ea1hq1502352024.jpg', '2017-08-10 01:32:18', '2017-08-31 00:00:00', '0000-00-00 00:00:00', 1, 1),
(189, 182, 'TICKT-189', 123, 25, 43, 2, 125, 2, 'fsdf', 'S1', '', '2017-08-23 03:33:07', '0000-00-00 00:00:00', '0000-00-00 00:00:00', 1, 1),
(190, 182, 'TICKT-190', 123, 25, 43, 3, 125, 2, 'vdsf', 'S2', '', '2017-08-23 03:33:21', '0000-00-00 00:00:00', '0000-00-00 00:00:00', 1, 1),
(191, 0, 'TICKT-191', 138, 28, 57, 2, 137, 1, 'jfy', 'jyf', '', '2017-08-25 07:07:35', '0000-00-00 00:00:00', '0000-00-00 00:00:00', 1, 1),
(192, 0, 'TICKT-192', 138, 28, 57, 2, 137, 1, 'hgdxh', 'ghgdf', '111503668850.jpg', '2017-08-25 07:17:43', '0000-00-00 00:00:00', '0000-00-00 00:00:00', 1, 1),
(193, 0, 'TICKT-193', 147, 28, 57, 2, 137, 1, 'hgtsr', 'bfsgdtgh', '111503668928.jpg', '2017-08-25 07:21:30', '0000-00-00 00:00:00', '0000-00-00 00:00:00', 1, 1),
(194, 0, 'TICKT-194', 148, 28, 57, 3, 137, 1, 'vdsvsvsv', 'vdfs', 'nithin1503669595.jpg', '2017-08-25 07:31:04', '0000-00-00 00:00:00', '0000-00-00 00:00:00', 1, 1),
(195, 0, 'TICKT-195', 149, 28, 57, 3, 137, 11, 'bndbdf', ' vc', '111503669796.jpg', '2017-08-29 12:58:30', '2017-08-29 00:00:00', '0000-00-00 00:00:00', 1, 1),
(196, 0, 'TICKT-196', 149, 28, 58, 1, 149, 9, 'vdsv', 'dsa', '111503670052.jpg', '2017-08-29 12:29:44', '2017-08-29 00:00:00', '0000-00-00 00:00:00', 1, 1),
(197, 0, 'TICKT-197', 138, 28, 57, 2, 137, 11, 'nfgn fghj nfryj fr', 'Gtdgg', '', '2017-08-29 11:40:35', '2017-08-31 00:00:00', '0000-00-00 00:00:00', 1, 1),
(198, 0, 'TICKT-198', 138, 28, 57, 2, 139, 18, 'flow of the ticket is incorrect. ', 'Ticket Flow', '', '2017-08-29 03:52:50', '2017-08-29 00:00:00', '0000-00-00 00:00:00', 1, 1),
(199, 0, 'TICKT-199', 138, 28, 57, 3, 141, 4, 'vbfdgghfhjfjyhgj', 'Adding edit and remove', '111504003175.jpg', '2017-09-05 12:52:46', '2017-09-05 00:00:00', '0000-00-00 00:00:00', 1, 1),
(200, 0, 'TICKT-200', 138, 28, 57, 3, 137, 16, 'Parent ticket not displayed on dept head and manager', 'Bug #900', 'avatharbyjaj540d4tmnq11504090374.jpg', '2017-08-30 04:23:45', '0000-00-00 00:00:00', '0000-00-00 00:00:00', 1, 1),
(201, 200, 'TICKT-201', 137, 28, 57, 3, 139, 2, 'jhcgdahg', 'Bug #900-1', '', '2017-08-30 04:37:23', '0000-00-00 00:00:00', '0000-00-00 00:00:00', 1, 1),
(202, 200, 'TICKT-202', 137, 28, 57, 2, 139, 11, 'fvdvg', 'Bug #900-2', '', '2017-08-30 04:59:18', '2017-08-30 00:00:00', '0000-00-00 00:00:00', 1, 1),
(203, 0, 'TICKT-203', 150, 28, 58, 2, 137, 1, 'ndfghnjhdtj', 'jgd', '', '2017-09-01 02:54:32', '0000-00-00 00:00:00', '0000-00-00 00:00:00', 1, 0),
(204, 0, 'TICKT-204', 151, 28, 58, 2, 137, 1, 'bgd', 'bgd', '', '2017-09-01 03:08:32', '0000-00-00 00:00:00', '0000-00-00 00:00:00', 1, 0),
(205, 0, 'TICKT-205', 152, 28, 57, 2, 137, 1, 'ngfnhfdnhj', 'hgfrdnbg', '', '2017-09-01 03:21:31', '0000-00-00 00:00:00', '0000-00-00 00:00:00', 1, 1),
(206, 0, 'TICKT-206', 138, 28, 57, 3, 139, 18, 'Please check there is a  functional issue in ticket flow. Solve it immediately. ', 'Issue in ticket flow', '', '2017-09-05 11:29:00', '2017-09-22 00:00:00', '0000-00-00 00:00:00', 1, 1),
(207, 0, 'TICKT-207', 138, 28, 57, 3, 0, 14, 'Please remove the add and edit popup.', 'Adding edit and remove', '', '2017-09-05 12:01:40', '2017-09-29 00:00:00', '0000-00-00 00:00:00', 1, 0),
(208, 0, 'TICKT-208', 138, 28, 57, 3, 137, 1, 'Not getting the proper notifications. ', 'Notificatio Issue', '', '2017-09-05 03:51:08', '0000-00-00 00:00:00', '0000-00-00 00:00:00', 1, 0),
(209, 0, '', 138, 28, 57, 3, 137, 1, 'Please check it fast.', 'Some Issues are repeorted  ', '', '2017-09-05 04:10:25', '0000-00-00 00:00:00', '0000-00-00 00:00:00', 1, 0),
(210, 0, 'TICKT-210', 138, 28, 57, 3, 141, 4, 'Please check it fast.', 'Some Issues are repeorted  ', '', '2017-09-05 04:14:43', '2017-09-28 00:00:00', '0000-00-00 00:00:00', 1, 0),
(211, 0, 'TICKT-211', 153, 40, 117, 3, 153, 12, 'There is a issue in loading the poc  manger page . Not be listed the last added employee. ', 'Issue while loading poc ', 'attachment1504852913.png', '2017-09-08 05:33:06', '2017-09-29 00:00:00', '0000-00-00 00:00:00', 1, 0),
(212, 0, 'TICKT-212', 155, 40, 117, 3, 230, 1, 'bsd', 'bfs', '', '2017-09-10 06:10:44', '0000-00-00 00:00:00', '0000-00-00 00:00:00', 1, 0),
(213, 0, 'TICKT-213', 155, 40, 117, 2, 235, 11, 'Please remove the finish button on step 1 to step 3. Finish button is only show on step 4.', 'Issue on institute configration', 'Screenshotfrom201709101840301505049045.png', '2017-09-10 07:18:04', '2017-09-29 00:00:00', '0000-00-00 00:00:00', 1, 0),
(214, 0, 'TICKT-214', 156, 40, 117, 3, 156, 9, 'hdfgh', 'ghdf', '', '2017-09-11 02:40:39', '2017-09-29 00:00:00', '0000-00-00 00:00:00', 1, 0),
(215, 0, 'TICKT-215', 156, 40, 117, 3, 156, 9, 'hghjghkjgkhjgk', 'hhvhvhvvhvhvh', '', '2017-09-11 02:52:42', '2017-09-28 00:00:00', '0000-00-00 00:00:00', 1, 0),
(216, 0, 'TICKT-216', 156, 40, 117, 3, 235, 11, 'nbfgdhnd', 'hfghj', '', '2017-09-11 02:56:20', '2017-09-27 00:00:00', '0000-00-00 00:00:00', 1, 0),
(217, 0, 'TICKT-217', 156, 40, 117, 2, 230, 16, 'vdsv', 'vds', '', '2017-09-11 03:17:30', '0000-00-00 00:00:00', '0000-00-00 00:00:00', 1, 0),
(218, 217, 'TICKT-218', 0, 40, 117, 3, 235, 2, 'fghfh', 'split 1 (TICKT-217)', '', '2017-09-11 03:19:39', '2017-09-11 12:00:00', '0000-00-00 00:00:00', 1, 0),
(219, 217, 'TICKT-219', 0, 40, 117, 3, 0, 12, 'jyjfg', 'split 2 (TICKT-217)', '', '2017-09-11 03:52:09', '2017-09-11 00:00:00', '0000-00-00 00:00:00', 1, 0),
(220, 0, 'TICKT-220', 156, 40, 117, 3, 230, 16, 'yutyu', 'vcdfs', '', '2017-09-11 04:19:00', '0000-00-00 00:00:00', '0000-00-00 00:00:00', 1, 0),
(221, 220, 'TICKT-221', 0, 40, 117, 3, 235, 2, 'hd', 'S1 (TICKT-220)', '', '2017-09-11 04:19:55', '2017-09-11 12:00:00', '0000-00-00 00:00:00', 1, 0),
(222, 220, 'TICKT-222', 0, 40, 117, 3, 235, 2, 'dvs', 'S2 (TICKT-220)', '', '2017-09-11 04:20:09', '2017-09-11 12:00:00', '0000-00-00 00:00:00', 1, 0),
(223, 220, 'TICKT-223', 0, 40, 117, 3, 235, 2, 'vds', 'S3 (TICKT-220)', '', '2017-09-11 04:20:24', '2017-09-11 12:00:00', '0000-00-00 00:00:00', 1, 0),
(224, 220, 'TICKT-224', 0, 40, 117, 2, 235, 2, 'svgdf', 'S4 (TICKT-220)', '', '2017-09-11 04:20:38', '2017-09-11 12:00:00', '0000-00-00 00:00:00', 1, 0),
(225, 220, 'TICKT-225', 0, 40, 117, 2, 235, 2, 'vfs', 'S5 (TICKT-220)', '', '2017-09-11 04:20:51', '2017-09-11 12:00:00', '0000-00-00 00:00:00', 1, 0),
(226, 220, 'TICKT-226', 0, 40, 117, 2, 235, 2, 'dcxvb', 'S6 (TICKT-220)', '', '2017-09-11 04:21:15', '2017-09-20 12:00:00', '0000-00-00 00:00:00', 1, 0),
(227, 0, 'TICKT-227', 138, 42, 125, 3, 255, 1, 'hjdg', 'vfds', '', '2017-09-12 01:49:23', '0000-00-00 00:00:00', '0000-00-00 00:00:00', 1, 0),
(228, 0, 'TICKT-228', 159, 42, 126, 3, 255, 1, 'vfsdv', 'cdfs', '', '2017-09-12 01:56:27', '0000-00-00 00:00:00', '0000-00-00 00:00:00', 1, 0),
(229, 0, 'TICKT-229', 138, 42, 125, 2, 255, 1, 'bd', 'swe', '', '2017-09-12 04:43:37', '0000-00-00 00:00:00', '0000-00-00 00:00:00', 1, 0),
(230, 0, 'TICKT-230', 160, 42, 125, 3, 255, 1, 'hdg', 'hfgd', '', '2017-09-12 04:44:45', '0000-00-00 00:00:00', '0000-00-00 00:00:00', 1, 0),
(231, 0, 'TICKT-231', 160, 42, 125, 2, 255, 1, 'gfd', 'fgswr', '', '2017-09-12 04:48:32', '0000-00-00 00:00:00', '0000-00-00 00:00:00', 1, 0),
(232, 0, 'TICKT-232', 160, 42, 125, 3, 255, 1, 'vfs', 'DSD', 'Screenshotfrom201708101212131505215147.png', '2017-09-12 04:49:14', '0000-00-00 00:00:00', '0000-00-00 00:00:00', 1, 0),
(233, 0, 'TICKT-233', 160, 42, 125, 2, 255, 1, 'vds', 'vds', 'Screenshotfrom201708101212131505220056.png', '2017-09-12 06:11:03', '0000-00-00 00:00:00', '0000-00-00 00:00:00', 1, 0),
(234, 0, 'TICKT-234', 160, 42, 125, 3, 255, 1, 'ddd', 'cccc', 'Screenshotfrom201709061348101505220898.png', '2017-09-12 06:25:26', '0000-00-00 00:00:00', '0000-00-00 00:00:00', 1, 0),
(235, 0, 'TICKT-235', 160, 42, 125, 3, 257, 2, 'fgff', 'eee', 'Screenshotfrom201708252205571505221039.png', '2017-09-12 06:33:35', '2017-09-12 00:00:00', '0000-00-00 00:00:00', 1, 0),
(236, 0, '', 161, 40, 117, 3, 230, 1, 'cds', 'dfdd', 'Screenshotfrom201708141016291505221589.png', '2017-09-12 06:36:59', '0000-00-00 00:00:00', '0000-00-00 00:00:00', 1, 0),
(237, 0, '', 162, 40, 117, 3, 230, 1, 'cds', 'dfdd', 'Screenshotfrom201708141016291505221589.png', '2017-09-12 06:39:08', '0000-00-00 00:00:00', '0000-00-00 00:00:00', 1, 0),
(238, 0, '', 163, 40, 117, 3, 230, 1, 'vdfv', 'WWWW', 'Screenshotfrom201708252205571505221764.png', '2017-09-12 06:39:43', '0000-00-00 00:00:00', '0000-00-00 00:00:00', 1, 0),
(239, 0, 'TICKT-239', 164, 40, 117, 3, 237, 4, 'vft', 'vsdf', 'Screenshotfrom201708141016291505221851.png', '2017-09-12 07:00:14', '2017-09-12 00:00:00', '0000-00-00 00:00:00', 1, 0),
(240, 0, 'TICKT-240', 138, 40, 117, 3, 230, 16, 'cdsadc', 'cddc', '', '2017-09-14 05:56:59', '0000-00-00 00:00:00', '0000-00-00 00:00:00', 1, 0),
(241, 240, 'TICKT-241', 0, 40, 117, 2, 0, 11, 'sd', 'S1 ( TICKT-240)', '', '2017-09-14 06:41:59', '2017-09-28 00:00:00', '0000-00-00 00:00:00', 1, 0),
(242, 240, 'TICKT-242', 0, 40, 117, 2, 235, 2, 'cd', 'S2 ( TICKT-240)', '', '2017-09-14 05:58:30', '2017-09-28 12:00:00', '0000-00-00 00:00:00', 1, 0),
(243, 0, 'TICKT-243', 138, 40, 117, 3, 230, 16, 'sxa', 'xsa', '', '2017-09-14 06:12:14', '0000-00-00 00:00:00', '0000-00-00 00:00:00', 1, 0),
(244, 243, 'TICKT-244', 0, 40, 117, 2, 237, 4, 'gr', 'ggd', '', '2017-09-14 06:38:42', '2017-09-29 00:00:00', '0000-00-00 00:00:00', 1, 0),
(245, 0, 'TICKT-245', 138, 40, 117, 3, 230, 2, 'cas', 'casd', '', '2017-09-14 06:43:17', '2017-09-30 00:00:00', '0000-00-00 00:00:00', 1, 0),
(246, 0, 'TICKT-246', 138, 40, 117, 3, 0, 11, 'vfdsvgf', 'AAAAAA', '', '2017-09-14 06:53:04', '2017-09-14 00:00:00', '0000-00-00 00:00:00', 1, 0),
(247, 0, 'TICKT-247', 138, 40, 117, 2, 230, 2, 'cdsc', 'cdsccccc', '', '2017-09-14 07:03:34', '2017-09-14 00:00:00', '0000-00-00 00:00:00', 1, 0),
(248, 0, 'TICKT-248', 138, 40, 117, 2, 0, 18, 'csa', 'dsawd', '', '2017-09-14 07:11:53', '2017-09-14 00:00:00', '0000-00-00 00:00:00', 1, 0),
(249, 0, 'TICKT-249', 138, 40, 117, 3, 235, 2, 'fadsfdsa', 'fsad', '', '2017-09-15 09:40:13', '2017-09-15 00:00:00', '0000-00-00 00:00:00', 1, 0),
(250, 0, 'TICKT-250', 138, 40, 117, 2, 230, 16, 'ghregh', 'htgre', '', '2017-09-15 09:47:43', '0000-00-00 00:00:00', '0000-00-00 00:00:00', 1, 0),
(251, 250, 'TICKT-251', 0, 40, 117, 2, 235, 2, 'gbfd', 'gbfdg', '', '2017-09-15 09:48:12', '2017-09-15 12:00:00', '0000-00-00 00:00:00', 1, 0),
(252, 250, 'TICKT-252', 0, 40, 117, 2, 235, 2, 'gbfd', 'gbfdg', '', '2017-09-15 09:52:44', '2017-09-15 12:00:00', '0000-00-00 00:00:00', 1, 0),
(253, 250, 'TICKT-253', 0, 40, 117, 2, 235, 2, 'gbfd', 'gbfdg', '', '2017-09-15 09:52:55', '2017-09-15 12:00:00', '0000-00-00 00:00:00', 1, 0),
(254, 250, 'TICKT-254', 0, 40, 117, 2, 235, 2, 'gbfd', 'gbfdg', '', '2017-09-15 09:53:14', '2017-09-15 12:00:00', '0000-00-00 00:00:00', 1, 0),
(255, 250, 'TICKT-255', 0, 40, 117, 2, 235, 2, 'gbfd', 'gbfdg', '', '2017-09-15 10:11:59', '2017-09-15 12:00:00', '0000-00-00 00:00:00', 1, 0),
(256, 250, 'TICKT-256', 0, 40, 117, 3, 235, 2, 'srftg', 'gdr', '', '2017-09-15 10:12:16', '2017-09-15 12:00:00', '0000-00-00 00:00:00', 1, 0),
(257, 0, 'TICKT-257', 138, 40, 117, 3, 235, 2, 'nfgdnhjdf', 'fjdfyghj', '', '2017-09-15 10:36:42', '2017-09-15 00:00:00', '0000-00-00 00:00:00', 1, 0),
(258, 0, 'TICKT-258', 138, 40, 117, 2, 230, 1, 'fvbsdbgfdbgh', 'Notification ', '', '2017-09-15 06:28:11', '0000-00-00 00:00:00', '0000-00-00 00:00:00', 1, 0),
(259, 0, 'TICKT-259', 165, 40, 117, 3, 230, 1, 'bfd', 'vbfdsxb', '', '2017-09-15 06:31:41', '0000-00-00 00:00:00', '0000-00-00 00:00:00', 1, 0),
(260, 0, 'TICKT-260', 138, 40, 117, 2, 230, 1, 'jhghjgj', 'Notification', '', '2017-09-15 06:38:22', '0000-00-00 00:00:00', '0000-00-00 00:00:00', 1, 0),
(261, 0, 'TICKT-261', 138, 40, 117, 2, 230, 1, 'jhghjgj', 'Notification', '', '2017-09-15 06:39:32', '0000-00-00 00:00:00', '0000-00-00 00:00:00', 1, 0),
(262, 0, 'TICKT-262', 138, 40, 117, 2, 230, 4, 'hdfgh', 'KJH', '', '2017-09-15 07:26:26', '2017-09-15 00:00:00', '0000-00-00 00:00:00', 1, 0),
(263, 0, 'TICKT-263', 138, 40, 117, 2, 231, 5, 'bfdb', 'bdfgb', '', '2017-09-15 08:00:30', '0000-00-00 00:00:00', '0000-00-00 00:00:00', 1, 0),
(264, 0, 'TICKT-264', 138, 40, 117, 2, 235, 2, 'ndfghjdt', 'Fgfhfgj', '', '2017-09-15 08:40:05', '2017-09-15 00:00:00', '0000-00-00 00:00:00', 1, 0),
(265, 0, 'TICKT-265', 138, 40, 117, 2, 0, 14, 'kljlkjlklkjk;l', 'HKJHKJ', '', '2017-09-17 01:26:28', '2017-09-17 00:00:00', '0000-00-00 00:00:00', 1, 0),
(266, 0, 'TICKT-266', 138, 40, 117, 3, 138, 9, 'bgfdh', 'DER', '', '2017-09-16 02:32:02', '0000-00-00 00:00:00', '0000-00-00 00:00:00', 1, 0),
(267, 0, 'TICKT-267', 138, 40, 117, 2, 0, 14, 'hdhg', 'hdh', '', '2017-09-16 04:21:05', '2017-09-16 00:00:00', '0000-00-00 00:00:00', 1, 0),
(268, 0, 'TICKT-268', 138, 40, 117, 2, 238, 4, 'fdsfdsfgsg', 'fdse', '', '2017-09-19 11:58:26', '2017-09-19 00:00:00', '0000-00-00 00:00:00', 1, 0),
(269, 0, 'TICKT-269', 138, 40, 117, 2, 138, 9, 'kjkjkjhkjhk', 'Fhjhbkj', 'jpeghome1505560591.jpg', '2017-09-16 04:46:45', '0000-00-00 00:00:00', '0000-00-00 00:00:00', 1, 0),
(270, 0, 'TICKT-270', 138, 40, 117, 3, 235, 13, 'hjghkjgkjkjgkjgkj', 'Isuue in department head resolve', '', '2017-09-19 12:50:23', '2017-09-26 00:00:00', '0000-00-00 00:00:00', 1, 0),
(271, 0, 'TICKT-271', 138, 40, 117, 2, 138, 12, 'bhfdh', 'Department Isuue', '', '2017-09-18 10:33:44', '2017-09-18 00:00:00', '0000-00-00 00:00:00', 1, 0),
(272, 0, 'TICKT-272', 138, 40, 117, 3, 138, 12, 'mfujyhkfy', 'hfygjfyghj', '', '2017-09-17 06:11:21', '2017-09-17 00:00:00', '0000-00-00 00:00:00', 1, 0),
(273, 0, 'TICKT-273', 138, 40, 117, 3, 230, 6, 'bgdtseh', 'gsreg', '', '2017-09-18 01:36:12', '0000-00-00 00:00:00', '0000-00-00 00:00:00', 1, 0),
(274, 0, 'TICKT-274', 138, 40, 117, 3, 235, 13, 'nbgfnhf', 'nhfgh', '', '2017-09-19 12:40:54', '2017-09-19 00:00:00', '0000-00-00 00:00:00', 1, 0),
(275, 0, 'TICKT-275', 138, 40, 117, 2, 231, 6, 'GH kjvdsbkj kjhkjf sakjf hkjs ek', 'Ticket Actions- Manager aproval Error shows while submiting', '', '2017-09-18 04:44:27', '0000-00-00 00:00:00', '0000-00-00 00:00:00', 1, 0),
(276, 0, 'TICKT-276', 138, 40, 117, 3, 231, 5, 'vfsv', 'EEEEEEEE', '', '2017-09-18 05:23:23', '0000-00-00 00:00:00', '0000-00-00 00:00:00', 1, 0),
(277, 0, 'TICKT-277', 138, 42, 125, 1, 255, 1, 'cda', 'fcdsw', '', '2017-09-18 05:28:44', '0000-00-00 00:00:00', '0000-00-00 00:00:00', 1, 0),
(278, 0, 'TICKT-278', 138, 40, 117, 3, 230, 19, 'v fd', 'wwwwww', '', '2017-09-18 05:36:46', '2017-09-18 00:00:00', '0000-00-00 00:00:00', 1, 0),
(279, 0, 'TICKT-279', 138, 40, 117, 3, 138, 8, 'vte', 'rveb', '', '2017-09-18 05:32:13', '0000-00-00 00:00:00', '0000-00-00 00:00:00', 1, 0),
(280, 0, 'TICKT-280', 138, 40, 117, 3, 230, 16, 'hdfhdftrhdfrt', 'Split Issue parent', '', '2017-09-18 06:48:57', '0000-00-00 00:00:00', '0000-00-00 00:00:00', 1, 0),
(281, 280, 'TICKT-281', 138, 40, 117, 3, 0, 14, 'vdsafv', 'Split Issue child 1', '', '2017-09-18 07:05:32', '2017-09-28 00:00:00', '0000-00-00 00:00:00', 1, 0),
(282, 280, 'TICKT-282', 138, 40, 117, 1, 235, 2, 'fdsawf', ' Split Issue child 2', '', '2017-09-18 07:04:53', '2017-09-29 12:00:00', '0000-00-00 00:00:00', 1, 0),
(283, 0, 'TICKT-283', 138, 40, 117, 2, 138, 9, 'xdwc', 'TF Case_1', '', '2017-09-18 07:20:17', '0000-00-00 00:00:00', '0000-00-00 00:00:00', 1, 0),
(284, 0, 'TICKT-284', 138, 40, 117, 3, 138, 8, 'vcdsv', 'TF-Case_2', '', '2017-09-18 07:35:30', '0000-00-00 00:00:00', '0000-00-00 00:00:00', 1, 0),
(285, 0, 'TICKT-285', 138, 40, 117, 2, 0, 14, 'hgfdh', 'TF-Case_3', '', '2017-09-18 07:44:36', '2017-09-18 00:00:00', '0000-00-00 00:00:00', 1, 0),
(286, 0, 'TICKT-286', 138, 40, 117, 2, 138, 9, 'hjghj', 'TF-Case_4', '', '2017-09-18 07:52:38', '2017-09-18 00:00:00', '0000-00-00 00:00:00', 1, 0),
(287, 0, 'TICKT-287', 138, 40, 117, 1, 0, 14, 'hjghkjdsgkj', 'TF-Case_5', '', '2017-09-18 08:15:13', '2017-09-18 00:00:00', '0000-00-00 00:00:00', 1, 0),
(288, 0, 'TICKT-288', 138, 40, 117, 3, 0, 14, 'gdtfrh', 'TF-Case_6', '', '2017-09-18 08:19:58', '2017-09-18 00:00:00', '0000-00-00 00:00:00', 1, 0),
(289, 0, 'TICKT-289', 138, 40, 118, 2, 138, 12, 'njj', 'gfh', '', '2017-09-19 10:49:11', '2017-09-19 00:00:00', '0000-00-00 00:00:00', 1, 0),
(290, 0, 'TICKT-290', 138, 40, 117, 3, 0, 14, 'hgdfsh', 'ghdhdr', '', '2017-09-19 11:48:50', '2017-09-29 00:00:00', '0000-00-00 00:00:00', 1, 0),
(291, 0, 'TICKT-291', 138, 40, 117, 3, 138, 9, 'bghdh', 'bbbb', '', '2017-09-19 12:21:47', '2017-09-19 00:00:00', '0000-00-00 00:00:00', 1, 0),
(292, 0, 'TICKT-292', 138, 40, 117, 3, 230, 1, 'hdfrh', 'htgdfh', '', '2017-09-19 12:46:44', '0000-00-00 00:00:00', '0000-00-00 00:00:00', 1, 0),
(293, 0, 'TICKT-293', 138, 40, 117, 2, 138, 12, 'Here is a new flow of split ticket. The parent ticket is only closed after the child tickets are closed. After that the parent ticket is closed and go to created user.', 'New flow of split ticket', '', '2017-09-27 11:12:31', '0000-00-00 00:00:00', '0000-00-00 00:00:00', 1, 0),
(294, 293, 'TICKT-294', 138, 40, 117, 2, 230, 12, 'vbdfsb', 'Split 1 - New flow of split ticket', '', '2017-09-27 04:59:32', '2017-09-29 00:00:00', '0000-00-00 00:00:00', 1, 0),
(295, 293, 'TICKT-295', 138, 40, 117, 3, 230, 12, 'vfdrghsregh', 'Split 2 - New flow of split ticket', '', '2017-09-27 04:58:52', '2017-10-07 00:00:00', '0000-00-00 00:00:00', 1, 0),
(296, 0, 'TICKT-296', 138, 40, 117, 3, 230, 16, 'gstegh', 'Sp P', '', '2017-09-27 05:21:35', '0000-00-00 00:00:00', '0000-00-00 00:00:00', 1, 0),
(297, 296, 'TICKT-297', 138, 40, 117, 2, 230, 12, 'gte', 'Sp C1', '', '2017-09-27 05:23:45', '2017-09-30 00:00:00', '0000-00-00 00:00:00', 1, 0),
(298, 296, 'TICKT-298', 138, 40, 117, 2, 230, 12, 'gfrgres', 'Sp C2', '', '2017-09-27 05:23:28', '2017-09-29 00:00:00', '0000-00-00 00:00:00', 1, 0),
(299, 0, 'TICKT-299', 138, 40, 117, 3, 230, 16, 'cdsf', 'WWP', '', '2017-09-27 05:30:08', '0000-00-00 00:00:00', '0000-00-00 00:00:00', 1, 0),
(300, 299, 'TICKT-300', 138, 40, 117, 2, 235, 13, 'fgres', 'WWC1', '', '2017-09-27 05:44:45', '2017-09-27 00:00:00', '0000-00-00 00:00:00', 1, 0),
(301, 299, 'TICKT-301', 138, 40, 117, 2, 230, 19, 'frew', 'WWC2', '', '2017-09-27 05:31:54', '2017-09-27 00:00:00', '0000-00-00 00:00:00', 1, 0),
(302, 0, 'TICKT-302', 138, 40, 117, 3, 231, 12, 'cdsw', 'SS1', '', '2017-09-27 05:53:30', '0000-00-00 00:00:00', '0000-00-00 00:00:00', 1, 0),
(303, 302, 'TICKT-303', 138, 40, 117, 1, 230, 12, 'vafre', 'SSC1', '', '2017-09-27 05:56:11', '2017-09-27 00:00:00', '0000-00-00 00:00:00', 1, 0),
(304, 302, 'TICKT-304', 138, 40, 117, 2, 230, 12, 'cwdqe', 'SSC2', '', '2017-09-27 05:56:28', '2017-09-27 00:00:00', '0000-00-00 00:00:00', 1, 0),
(305, 0, 'TICKT-305', 138, 40, 117, 2, 230, 16, 'htrdh', 'hhhh', '', '2017-09-28 11:41:18', '0000-00-00 00:00:00', '0000-00-00 00:00:00', 1, 0),
(306, 305, 'TICKT-306', 138, 40, 117, 3, 230, 12, 'fgres', 'H s1', '', '2017-09-28 11:54:01', '2017-09-30 00:00:00', '0000-00-00 00:00:00', 1, 0),
(307, 305, 'TICKT-307', 138, 40, 117, 1, 230, 12, 'gdse', 'H s2', '', '2017-09-28 11:51:47', '2017-09-28 00:00:00', '0000-00-00 00:00:00', 1, 0),
(308, 0, 'TICKT-308', 138, 40, 117, 3, 230, 16, 'fgraseg', 'Gggg', '', '2017-09-28 12:26:49', '0000-00-00 00:00:00', '0000-00-00 00:00:00', 1, 0),
(309, 308, '', 138, 40, 117, 2, 235, 2, 'cdfs', 'Gs1', '', '2017-09-28 12:27:26', '2017-09-28 12:00:00', '0000-00-00 00:00:00', 1, 0),
(310, 308, '', 138, 40, 117, 2, 235, 2, 'fda', 'Gs2', '', '2017-09-28 12:27:35', '2017-09-28 12:00:00', '0000-00-00 00:00:00', 1, 0),
(311, 0, 'TICKT-311', 138, 40, 117, 1, 230, 16, 'gtrse', 'vdfsre', '', '2017-09-28 12:35:44', '0000-00-00 00:00:00', '0000-00-00 00:00:00', 1, 0),
(312, 311, 'TICKT-312', 138, 40, 117, 2, 235, 2, 'gdre', 'ss11', '', '2017-09-28 12:36:18', '2017-09-28 12:00:00', '0000-00-00 00:00:00', 1, 0),
(313, 311, 'TICKT-313', 138, 40, 117, 2, 235, 2, 'gdr', 'ss22', '', '2017-09-28 12:36:28', '2017-09-28 12:00:00', '0000-00-00 00:00:00', 1, 0),
(314, 0, 'TICKT-314', 138, 40, 117, 2, 230, 16, 'dfvs', 'yyy', '', '2017-09-28 02:05:14', '0000-00-00 00:00:00', '0000-00-00 00:00:00', 1, 0),
(315, 314, '', 138, 40, 117, 3, 235, 2, 'gter', 'yys1', '', '2017-09-28 02:05:58', '2017-09-28 12:00:00', '0000-00-00 00:00:00', 1, 0),
(316, 314, '', 138, 40, 117, 3, 235, 2, 'gter', 'yys1', '', '2017-09-28 02:07:19', '2017-09-28 12:00:00', '0000-00-00 00:00:00', 1, 0),
(317, 314, 'TICKT-317', 138, 40, 117, 3, 235, 2, 'gter', 'yys1', '', '2017-09-28 02:08:17', '2017-09-28 12:00:00', '0000-00-00 00:00:00', 1, 0);
INSERT INTO `ticket` (`id`, `parent_ticket_id`, `ticket_no`, `created_user_id`, `category_id`, `department_id`, `severity_level_id`, `current_assigned_emp_id`, `ticket_status`, `ticket_description`, `ticket_subject`, `user_attachement`, `created_date`, `expected_date`, `escalation_date`, `assign_level`, `ticket_read_status`) VALUES
(318, 314, 'TICKT-318', 138, 40, 117, 3, 235, 2, 'vfev', 'yys2', '', '2017-09-28 02:08:31', '2017-09-28 12:00:00', '0000-00-00 00:00:00', 1, 0),
(319, 0, 'TICKT-319', 138, 40, 117, 2, 0, 14, 'erfv', 'rrr', '', '2017-09-28 02:20:37', '0000-00-00 00:00:00', '0000-00-00 00:00:00', 1, 0),
(320, 319, 'TICKT-320', 138, 40, 117, 1, 230, 12, 'frew', 'rrs1', '', '2017-09-28 03:48:39', '2017-09-28 00:00:00', '0000-00-00 00:00:00', 1, 0),
(321, 319, 'TICKT-321', 138, 40, 117, 3, 230, 12, 'deqw', 'rrs2', '', '2017-09-28 03:48:21', '2017-09-28 00:00:00', '0000-00-00 00:00:00', 1, 0),
(322, 0, 'TICKT-322', 138, 40, 117, 2, 138, 12, 'gfdg', 'ttt', '', '2017-09-28 05:18:56', '2017-09-28 00:00:00', '0000-00-00 00:00:00', 1, 0),
(323, 0, 'TICKT-323', 138, 40, 117, 3, 0, 14, 'sgdf', 'eee', '', '2017-09-28 05:20:05', '0000-00-00 00:00:00', '0000-00-00 00:00:00', 1, 0),
(324, 323, 'TICKT-324', 138, 40, 117, 3, 230, 12, 'bdfgb', 'ees1', '', '2017-09-28 06:16:46', '2017-09-28 00:00:00', '0000-00-00 00:00:00', 1, 0),
(325, 323, 'TICKT-325', 138, 40, 117, 1, 230, 12, 'bhgdf', 'ees2', '', '2017-09-28 06:15:17', '2017-09-28 00:00:00', '0000-00-00 00:00:00', 1, 0),
(326, 323, 'TICKT-326', 138, 40, 117, 1, 230, 12, 'bgxb', 'ees3', '', '2017-09-28 05:29:09', '2017-09-28 00:00:00', '0000-00-00 00:00:00', 1, 0),
(327, 0, 'TICKT-327', 138, 40, 117, 1, 230, 19, 'nhgfdhndfh', 'Login Issue', '', '2017-10-05 12:38:11', '2017-10-05 00:00:00', '0000-00-00 00:00:00', 1, 0),
(328, 0, 'TICKT-328', 138, 40, 117, 2, 230, 1, 'gresg', 'Issue 118', '', '2017-10-09 02:39:00', '0000-00-00 00:00:00', '0000-00-00 00:00:00', 1, 0),
(329, 0, 'TICKT-329', 138, 40, 117, 3, 230, 16, 'Some issue while in split ticket', 'Split Ticket - Parent Ticket', '', '2017-10-19 03:03:26', '0000-00-00 00:00:00', '0000-00-00 00:00:00', 1, 0),
(330, 329, 'TICKT-330', 138, 40, 117, 2, 235, 2, 'vbdsfrg', 'Split Ticket - Child Ticket 1 ', '', '2017-10-19 03:05:28', '2017-10-30 12:00:00', '0000-00-00 00:00:00', 1, 0),
(331, 0, 'TICKT-331', 138, 40, 117, 3, 230, 16, 'jbkjdfcakj', 'Parent Ticket', '', '2017-10-19 03:11:19', '0000-00-00 00:00:00', '0000-00-00 00:00:00', 1, 0),
(332, 331, 'TICKT-332', 138, 40, 117, 2, 235, 2, 'dfv', 'Child Ticket 1', '', '2017-10-19 03:12:20', '2017-10-19 12:00:00', '0000-00-00 00:00:00', 1, 0),
(333, 0, 'TICKT-333', 138, 40, 117, 3, 0, 14, 'klnkjh', 'New Parent Ticket', '', '2017-10-19 03:16:18', '0000-00-00 00:00:00', '0000-00-00 00:00:00', 1, 0),
(334, 333, 'TICKT-334', 138, 40, 117, 3, 230, 12, 'vgds', 'New Child Ticket 1', '', '2017-10-19 03:19:41', '2017-10-19 00:00:00', '0000-00-00 00:00:00', 1, 0),
(335, 333, 'TICKT-335', 138, 40, 117, 2, 230, 12, 'fdae', 'New Child Ticket 2', '', '2017-10-19 03:18:51', '2017-10-19 00:00:00', '0000-00-00 00:00:00', 1, 0),
(336, 0, 'TICKT-336', 138, 40, 118, 3, 230, 1, 'mkvklsnv lksdn lks ', 'Some Issues found', '', '2017-11-06 11:19:28', '0000-00-00 00:00:00', '0000-00-00 00:00:00', 1, 0),
(337, 0, 'TICKT-337', 138, 40, 118, 2, 230, 1, 'oiuyhhgi', 'Some Issues found 232', '', '2017-11-07 10:17:45', '0000-00-00 00:00:00', '0000-00-00 00:00:00', 1, 0);

-- --------------------------------------------------------

--
-- Table structure for table `ticket_assigned`
--

CREATE TABLE `ticket_assigned` (
  `id` int(11) NOT NULL,
  `ticket_id` int(11) NOT NULL,
  `assigned_to_id` int(11) NOT NULL,
  `assigned_by_id` int(11) NOT NULL,
  `assigned_date` datetime NOT NULL,
  `assigned_order` int(11) NOT NULL
) ENGINE=InnoDB DEFAULT CHARSET=latin1;

--
-- Dumping data for table `ticket_assigned`
--

INSERT INTO `ticket_assigned` (`id`, `ticket_id`, `assigned_to_id`, `assigned_by_id`, `assigned_date`, `assigned_order`) VALUES
(1, 14, 18, 22, '2017-03-13 00:00:00', 1),
(2, 14, 18, 22, '2017-03-13 00:00:00', 2),
(3, 17, 23, 22, '2017-03-21 00:00:00', 1),
(4, 21, 17, 22, '2017-03-22 00:00:00', 1),
(5, 40, 10, 9, '2017-03-28 00:00:00', 1),
(6, 40, 6, 10, '2017-03-28 00:00:00', 2),
(7, 40, 9, 6, '2017-03-28 00:00:00', 3),
(8, 41, 17, 22, '2017-03-28 00:00:00', 1),
(9, 41, 22, 17, '2017-03-28 00:00:00', 2),
(10, 41, 17, 22, '2017-03-28 00:00:00', 3),
(11, 41, 19, 17, '2017-03-28 00:00:00', 4),
(12, 41, 22, 19, '2017-03-28 00:00:00', 5),
(13, 49, 23, 22, '2017-03-28 00:00:00', 1),
(14, 49, 0, 23, '2017-03-28 00:00:00', 2),
(15, 49, 20, 23, '2017-03-28 00:00:00', 3),
(16, 44, 5, 9, '2017-04-03 00:00:00', 1),
(17, 54, 30, 29, '2017-04-04 00:00:00', 1),
(18, 54, 31, 30, '2017-04-04 00:00:00', 2),
(19, 54, 29, 31, '2017-04-04 00:00:00', 3),
(20, 56, 30, 29, '2017-04-04 00:00:00', 1),
(21, 56, 31, 30, '2017-04-04 00:00:00', 2),
(22, 43, 24, 22, '2017-04-06 00:00:00', 1),
(23, 20, 20, 23, '2017-05-15 00:00:00', 1),
(24, 20, 22, 20, '2017-05-15 00:00:00', 2),
(25, 61, 31, 30, '2017-05-15 00:00:00', 1),
(26, 81, 23, 22, '2017-06-13 00:00:00', 1),
(27, 80, 24, 22, '2017-06-13 00:00:00', 1),
(28, 79, 18, 22, '2017-06-14 00:00:00', 1),
(29, 78, 23, 22, '2017-06-14 00:00:00', 1),
(30, 81, 14, 23, '2017-06-14 00:00:00', 2),
(31, 81, 22, 14, '2017-06-14 00:00:00', 3),
(32, 118, 24, 22, '2017-07-07 00:00:00', 1),
(33, 118, 20, 24, '2017-07-07 00:00:00', 2),
(34, 125, 17, 22, '2017-07-12 00:00:00', 1),
(35, 125, 22, 17, '2017-07-12 00:00:00', 2),
(36, 125, 17, 22, '2017-07-12 00:00:00', 3),
(37, 125, 22, 17, '2017-07-12 00:00:00', 4),
(38, 137, 90, 89, '2017-07-16 00:00:00', 1),
(39, 132, 89, 87, '2017-07-16 00:00:00', 1),
(40, 153, 89, 87, '2017-07-21 00:00:00', 1),
(41, 153, 90, 89, '2017-07-21 00:00:00', 2),
(42, 153, 87, 90, '2017-07-21 00:00:00', 3),
(43, 166, 89, 87, '2017-08-05 00:00:00', 1),
(44, 166, 90, 89, '2017-08-05 00:00:00', 2),
(45, 166, 87, 90, '2017-08-05 00:00:00', 3),
(46, 166, 90, 87, '2017-08-05 00:00:00', 4),
(47, 166, 87, 90, '2017-08-05 00:00:00', 5),
(48, 183, 125, 123, '2017-08-07 00:00:00', 1),
(49, 183, 127, 125, '2017-08-07 00:00:00', 2),
(50, 183, 123, 127, '2017-08-07 00:00:00', 3),
(51, 169, 87, 89, '2017-08-09 00:00:00', 1),
(52, 185, 125, 123, '2017-08-09 00:00:00', 1),
(53, 187, 127, 125, '2017-08-10 00:00:00', 1),
(54, 187, 123, 127, '2017-08-10 00:00:00', 2),
(55, 188, 125, 123, '2017-08-10 00:00:00', 1),
(56, 188, 127, 125, '2017-08-10 00:00:00', 2),
(57, 188, 123, 127, '2017-08-10 00:00:00', 3),
(58, 188, 123, 138, '2017-08-10 00:00:00', 4),
(59, 175, 89, 87, '2017-08-11 00:00:00', 1),
(60, 175, 87, 89, '2017-08-11 00:00:00', 2),
(61, 197, 139, 137, '2017-08-29 00:00:00', 1),
(62, 197, 141, 139, '2017-08-29 00:00:00', 2),
(63, 197, 137, 141, '2017-08-29 00:00:00', 3),
(64, 197, 141, 137, '2017-08-29 00:00:00', 4),
(65, 197, 141, 139, '2017-08-29 00:00:00', 5),
(66, 197, 137, 141, '2017-08-29 00:00:00', 6),
(67, 196, 139, 137, '2017-08-29 00:00:00', 1),
(68, 196, 140, 137, '2017-08-29 00:00:00', 2),
(69, 195, 139, 137, '2017-08-29 00:00:00', 1),
(70, 195, 141, 139, '2017-08-29 00:00:00', 2),
(71, 195, 137, 141, '2017-08-29 00:00:00', 3),
(72, 198, 139, 137, '2017-08-29 00:00:00', 1),
(73, 198, 141, 139, '2017-08-29 00:00:00', 2),
(74, 198, 137, 141, '2017-08-29 00:00:00', 3),
(75, 198, 137, 139, '2017-08-29 00:00:00', 4),
(76, 198, 137, 139, '2017-08-29 00:00:00', 5),
(77, 198, 141, 139, '2017-08-29 00:00:00', 6),
(78, 198, 137, 141, '2017-08-29 00:00:00', 7),
(79, 198, 141, 139, '2017-08-29 00:00:00', 8),
(80, 199, 139, 137, '2017-08-29 00:00:00', 1),
(81, 199, 141, 139, '2017-08-29 00:00:00', 2),
(82, 199, 137, 141, '2017-08-29 00:00:00', 3),
(83, 199, 137, 139, '2017-08-29 00:00:00', 4),
(84, 199, 141, 139, '2017-08-29 00:00:00', 5),
(85, 199, 137, 141, '2017-08-29 00:00:00', 6),
(86, 199, 137, 139, '2017-08-29 00:00:00', 7),
(87, 199, 139, 139, '2017-08-29 00:00:00', 8),
(88, 199, 141, 139, '2017-08-29 00:00:00', 9),
(89, 199, 137, 141, '2017-08-29 00:00:00', 10),
(90, 199, 141, 139, '2017-08-29 00:00:00', 11),
(91, 199, 141, 139, '2017-08-29 00:00:00', 12),
(92, 199, 137, 141, '2017-08-29 00:00:00', 13),
(93, 199, 137, 139, '2017-08-29 00:00:00', 14),
(94, 199, 139, 137, '2017-08-29 00:00:00', 15),
(95, 199, 139, 137, '2017-08-29 00:00:00', 16),
(96, 199, 139, 137, '2017-08-29 00:00:00', 17),
(97, 199, 141, 139, '2017-08-29 00:00:00', 18),
(98, 199, 137, 141, '2017-08-29 00:00:00', 19),
(99, 199, 141, 139, '2017-08-29 00:00:00', 20),
(100, 199, 139, 139, '2017-08-29 00:00:00', 21),
(101, 199, 141, 139, '2017-08-29 00:00:00', 22),
(102, 199, 137, 141, '2017-08-29 00:00:00', 23),
(103, 199, 137, 139, '2017-08-29 00:00:00', 24),
(104, 202, 137, 139, '2017-08-30 00:00:00', 1),
(105, 199, 139, 137, '2017-09-05 00:00:00', 25),
(106, 199, 141, 139, '2017-09-05 00:00:00', 26),
(107, 199, 137, 141, '2017-09-05 00:00:00', 27),
(108, 199, 141, 139, '2017-09-05 00:00:00', 28),
(109, 199, 139, 139, '2017-09-05 00:00:00', 29),
(110, 206, 139, 137, '2017-09-05 00:00:00', 1),
(111, 206, 141, 139, '2017-09-05 00:00:00', 2),
(112, 206, 139, 141, '2017-09-05 00:00:00', 3),
(113, 206, 141, 139, '2017-09-05 00:00:00', 4),
(114, 207, 139, 137, '2017-09-05 00:00:00', 1),
(115, 207, 141, 139, '2017-09-05 00:00:00', 2),
(116, 207, 139, 141, '2017-09-05 00:00:00', 3),
(117, 207, 141, 139, '2017-09-05 00:00:00', 4),
(118, 207, 139, 141, '2017-09-05 00:00:00', 5),
(119, 207, 137, 139, '2017-09-05 00:00:00', 6),
(120, 199, 141, 139, '2017-09-05 00:00:00', 30),
(121, 210, 139, 137, '2017-09-05 00:00:00', 1),
(122, 210, 141, 139, '2017-09-05 00:00:00', 2),
(123, 211, 235, 230, '2017-09-08 00:00:00', 1),
(124, 211, 237, 235, '2017-09-08 00:00:00', 2),
(125, 211, 235, 237, '2017-09-08 00:00:00', 3),
(126, 211, 237, 235, '2017-09-08 00:00:00', 4),
(127, 211, 235, 237, '2017-09-08 00:00:00', 5),
(128, 211, 230, 235, '2017-09-08 00:00:00', 6),
(129, 211, 235, 230, '2017-09-08 00:00:00', 7),
(130, 211, 238, 235, '2017-09-08 00:00:00', 8),
(131, 211, 235, 238, '2017-09-08 00:00:00', 9),
(132, 211, 230, 235, '2017-09-08 00:00:00', 10),
(133, 211, 230, 153, '2017-09-08 00:00:00', 11),
(134, 211, 235, 230, '2017-09-08 00:00:00', 12),
(135, 211, 237, 235, '2017-09-08 00:00:00', 13),
(136, 211, 235, 235, '2017-09-08 00:00:00', 14),
(137, 211, 230, 235, '2017-09-08 00:00:00', 15),
(138, 213, 235, 230, '2017-09-10 00:00:00', 1),
(139, 213, 237, 235, '2017-09-10 00:00:00', 2),
(140, 213, 235, 237, '2017-09-10 00:00:00', 3),
(141, 214, 235, 230, '2017-09-11 00:00:00', 1),
(142, 215, 235, 230, '2017-09-11 00:00:00', 1),
(143, 215, 237, 235, '2017-09-11 00:00:00', 2),
(144, 216, 235, 230, '2017-09-11 00:00:00', 1),
(145, 216, 238, 235, '2017-09-11 00:00:00', 2),
(146, 216, 235, 235, '2017-09-11 00:00:00', 3),
(147, 235, 257, 255, '2017-09-12 00:00:00', 1),
(148, 239, 235, 230, '2017-09-12 00:00:00', 1),
(149, 239, 237, 235, '2017-09-12 00:00:00', 2),
(150, 245, 235, 230, '2017-09-14 00:00:00', 1),
(151, 245, 235, 235, '2017-09-14 00:00:00', 2),
(152, 246, 235, 230, '2017-09-14 00:00:00', 1),
(153, 246, 235, 235, '2017-09-14 00:00:00', 2),
(154, 247, 235, 230, '2017-09-14 00:00:00', 1),
(155, 247, 235, 235, '2017-09-14 00:00:00', 2),
(156, 248, 235, 230, '2017-09-14 00:00:00', 1),
(157, 248, 230, 235, '2017-09-14 00:00:00', 2),
(158, 249, 235, 230, '2017-09-15 00:00:00', 1),
(159, 257, 235, 230, '2017-09-15 00:00:00', 1),
(160, 262, 235, 230, '2017-09-15 00:00:00', 1),
(161, 262, 237, 235, '2017-09-15 00:00:00', 2),
(162, 263, 235, 230, '2017-09-15 00:00:00', 1),
(163, 264, 235, 230, '2017-09-15 00:00:00', 1),
(164, 265, 235, 230, '2017-09-16 00:00:00', 1),
(165, 265, 237, 235, '2017-09-16 00:00:00', 2),
(166, 266, 230, 0, '2017-09-16 02:32:06', 0),
(167, 267, 230, 0, '2017-09-16 03:20:23', 0),
(168, 268, 230, 0, '2017-09-16 03:21:05', 0),
(169, 267, 235, 230, '2017-09-16 00:00:00', 1),
(170, 267, 237, 235, '2017-09-16 00:00:00', 2),
(171, 267, 235, 237, '2017-09-16 00:00:00', 3),
(172, 267, 237, 235, '2017-09-16 00:00:00', 4),
(173, 267, 235, 237, '2017-09-16 00:00:00', 5),
(174, 267, 230, 235, '2017-09-16 00:00:00', 6),
(175, 269, 230, 0, '2017-09-16 04:46:48', 0),
(176, 270, 230, 0, '2017-09-17 12:58:20', 0),
(177, 270, 235, 230, '2017-09-17 00:00:00', 1),
(178, 270, 237, 235, '2017-09-17 00:00:00', 2),
(179, 265, 235, 237, '2017-09-17 00:00:00', 3),
(180, 265, 238, 235, '2017-09-17 00:00:00', 4),
(181, 265, 235, 238, '2017-09-17 00:00:00', 5),
(182, 265, 238, 235, '2017-09-17 00:00:00', 6),
(183, 265, 235, 238, '2017-09-17 00:00:00', 7),
(184, 265, 230, 235, '2017-09-17 00:00:00', 8),
(185, 265, 235, 230, '2017-09-17 00:00:00', 9),
(186, 265, 237, 235, '2017-09-17 00:00:00', 10),
(187, 265, 235, 237, '2017-09-17 00:00:00', 11),
(188, 265, 230, 235, '2017-09-17 00:00:00', 12),
(189, 271, 230, 0, '2017-09-17 04:48:37', 0),
(190, 271, 235, 230, '2017-09-17 00:00:00', 1),
(191, 270, 235, 237, '2017-09-17 00:00:00', 3),
(192, 272, 230, 0, '2017-09-17 05:43:47', 0),
(193, 272, 235, 230, '2017-09-17 00:00:00', 1),
(194, 272, 230, 235, '2017-09-17 00:00:00', 2),
(195, 271, 235, 230, '2017-09-18 00:00:00', 2),
(196, 271, 230, 235, '2017-09-18 00:00:00', 3),
(197, 273, 230, 0, '2017-09-18 01:36:14', 0),
(198, 273, 380, 231, '2017-09-18 01:51:14', 0),
(199, 274, 230, 0, '2017-09-18 01:53:49', 0),
(200, 274, 235, 230, '2017-09-18 00:00:00', 1),
(201, 274, 237, 235, '2017-09-18 00:00:00', 2),
(202, 275, 230, 0, '2017-09-18 04:44:29', 0),
(203, 276, 230, 231, '2017-09-18 05:23:26', 0),
(204, 277, 255, 0, '2017-09-18 05:28:46', 0),
(205, 278, 230, 0, '2017-09-18 05:30:21', 0),
(206, 278, 235, 230, '2017-09-18 00:00:00', 1),
(207, 279, 230, 0, '2017-09-18 05:32:15', 0),
(208, 278, 230, 235, '2017-09-18 00:00:00', 2),
(209, 280, 230, 0, '2017-09-18 06:48:59', 0),
(210, 281, 230, 235, '2017-09-18 00:00:00', 1),
(211, 283, 230, 0, '2017-09-18 07:20:20', 0),
(212, 284, 230, 0, '2017-09-18 07:35:32', 0),
(213, 285, 230, 0, '2017-09-18 07:39:56', 0),
(214, 285, 235, 230, '2017-09-18 00:00:00', 1),
(215, 285, 230, 235, '2017-09-18 00:00:00', 2),
(216, 286, 230, 0, '2017-09-18 07:49:08', 0),
(217, 286, 235, 230, '2017-09-18 00:00:00', 1),
(218, 286, 230, 235, '2017-09-18 00:00:00', 2),
(219, 286, 230, 138, '2017-09-18 00:00:00', 3),
(220, 287, 230, 0, '2017-09-18 07:54:18', 0),
(221, 287, 235, 230, '2017-09-18 00:00:00', 1),
(222, 287, 237, 235, '2017-09-18 00:00:00', 2),
(223, 287, 235, 237, '2017-09-18 00:00:00', 3),
(224, 287, 237, 235, '2017-09-18 00:00:00', 4),
(225, 287, 238, 235, '2017-09-18 00:00:00', 5),
(226, 287, 235, 238, '2017-09-18 00:00:00', 6),
(227, 287, 230, 235, '2017-09-18 00:00:00', 7),
(228, 287, 235, 230, '2017-09-18 00:00:00', 8),
(229, 287, 230, 235, '2017-09-18 00:00:00', 9),
(230, 288, 230, 0, '2017-09-18 08:16:44', 0),
(231, 288, 235, 230, '2017-09-18 00:00:00', 1),
(232, 288, 237, 235, '2017-09-18 00:00:00', 2),
(233, 288, 235, 237, '2017-09-18 00:00:00', 3),
(234, 288, 230, 235, '2017-09-18 00:00:00', 4),
(235, 289, 230, 0, '2017-09-18 09:10:56', 0),
(236, 289, 235, 230, '2017-09-18 00:00:00', 1),
(237, 289, 236, 230, '2017-09-18 00:00:00', 2),
(238, 289, 239, 236, '2017-09-18 00:00:00', 3),
(239, 289, 235, 230, '2017-09-18 00:00:00', 4),
(240, 289, 235, 230, '2017-09-18 00:00:00', 5),
(241, 289, 236, 230, '2017-09-18 00:00:00', 6),
(242, 289, 235, 230, '2017-09-18 00:00:00', 7),
(243, 289, 237, 235, '2017-09-19 00:00:00', 8),
(244, 289, 236, 230, '2017-09-19 00:00:00', 9),
(245, 289, 230, 236, '2017-09-19 00:00:00', 10),
(246, 290, 230, 0, '2017-09-19 11:00:43', 0),
(247, 290, 235, 230, '2017-09-19 00:00:00', 1),
(248, 290, 236, 230, '2017-09-19 00:00:00', 2),
(249, 290, 235, 230, '2017-09-19 00:00:00', 3),
(250, 290, 237, 235, '2017-09-19 00:00:00', 4),
(251, 290, 238, 235, '2017-09-19 00:00:00', 5),
(252, 290, 235, 238, '2017-09-19 00:00:00', 6),
(253, 268, 235, 230, '2017-09-19 00:00:00', 1),
(254, 268, 237, 235, '2017-09-19 00:00:00', 2),
(255, 268, 238, 235, '2017-09-19 00:00:00', 3),
(256, 274, 235, 237, '2017-09-19 00:00:00', 3),
(257, 274, 230, 235, '2017-09-19 00:00:00', 4),
(258, 291, 230, 0, '2017-09-19 12:12:24', 0),
(259, 291, 235, 230, '2017-09-19 00:00:00', 1),
(260, 291, 235, 230, '2017-09-19 00:00:00', 2),
(261, 274, 235, 230, '2017-09-19 00:00:00', 5),
(262, 292, 230, 0, '2017-09-19 12:46:46', 0),
(263, 293, 230, 0, '2017-09-27 11:12:34', 0),
(264, 294, 237, 235, '2017-09-27 00:00:00', 1),
(265, 295, 230, 235, '2017-09-27 00:00:00', 1),
(266, 294, 235, 237, '2017-09-27 00:00:00', 2),
(267, 294, 230, 235, '2017-09-27 00:00:00', 3),
(268, 296, 230, 0, '2017-09-27 05:21:38', 0),
(269, 298, 230, 235, '2017-09-27 00:00:00', 1),
(270, 297, 230, 235, '2017-09-27 00:00:00', 1),
(271, 299, 230, 0, '2017-09-27 05:30:10', 0),
(272, 300, 230, 235, '2017-09-27 00:00:00', 1),
(273, 301, 230, 235, '2017-09-27 00:00:00', 1),
(274, 302, 230, 0, '2017-09-27 05:53:33', 0),
(275, 303, 230, 235, '2017-09-27 00:00:00', 1),
(276, 304, 230, 235, '2017-09-27 00:00:00', 1),
(277, 305, 230, 0, '2017-09-28 11:41:21', 0),
(278, 306, 237, 235, '2017-09-28 00:00:00', 1),
(279, 307, 230, 235, '2017-09-28 00:00:00', 1),
(280, 306, 235, 237, '2017-09-28 00:00:00', 2),
(281, 306, 230, 235, '2017-09-28 00:00:00', 3),
(282, 308, 230, 0, '2017-09-28 12:26:51', 0),
(283, 311, 230, 0, '2017-09-28 12:35:46', 0),
(284, 314, 230, 0, '2017-09-28 02:05:16', 0),
(285, 319, 230, 0, '2017-09-28 02:20:39', 0),
(286, 321, 230, 235, '2017-09-28 00:00:00', 1),
(287, 320, 230, 235, '2017-09-28 00:00:00', 1),
(288, 322, 230, 0, '2017-09-28 05:18:03', 0),
(289, 322, 235, 230, '2017-09-28 00:00:00', 1),
(290, 322, 230, 235, '2017-09-28 00:00:00', 2),
(291, 323, 230, 0, '2017-09-28 05:20:07', 0),
(292, 324, 237, 235, '2017-09-28 00:00:00', 1),
(293, 325, 230, 235, '2017-09-28 00:00:00', 1),
(294, 326, 238, 235, '2017-09-28 00:00:00', 1),
(295, 324, 235, 237, '2017-09-28 00:00:00', 2),
(296, 326, 235, 238, '2017-09-28 00:00:00', 2),
(297, 326, 230, 235, '2017-09-28 00:00:00', 3),
(298, 324, 230, 235, '2017-09-28 00:00:00', 3),
(299, 324, 235, 230, '2017-09-28 00:00:00', 4),
(300, 325, 230, 235, '2017-09-28 00:00:00', 2),
(301, 324, 237, 235, '2017-09-28 00:00:00', 5),
(302, 324, 235, 237, '2017-09-28 00:00:00', 6),
(303, 324, 230, 235, '2017-09-28 00:00:00', 7),
(304, 327, 230, 0, '2017-10-05 12:37:09', 0),
(305, 327, 235, 230, '2017-10-05 00:00:00', 1),
(306, 327, 230, 235, '2017-10-05 00:00:00', 2),
(307, 328, 230, 0, '2017-10-09 02:39:04', 0),
(308, 329, 230, 0, '2017-10-19 03:03:33', 0),
(309, 331, 230, 0, '2017-10-19 03:11:24', 0),
(310, 333, 230, 0, '2017-10-19 03:16:27', 0),
(311, 334, 237, 235, '2017-10-19 00:00:00', 1),
(312, 335, 230, 235, '2017-10-19 00:00:00', 1),
(313, 334, 235, 237, '2017-10-19 00:00:00', 2),
(314, 334, 230, 235, '2017-10-19 00:00:00', 3),
(315, 336, 230, 0, '2017-11-06 11:19:37', 0),
(316, 337, 230, 0, '2017-11-07 10:17:49', 0);

-- --------------------------------------------------------

--
-- Table structure for table `ticket_assigned_status`
--

CREATE TABLE `ticket_assigned_status` (
  `id` int(11) NOT NULL,
  `ticket_id` int(11) NOT NULL,
  `current_assigned_employee_id` int(11) NOT NULL,
  `current_ticket_status` int(11) NOT NULL,
  `ticket_read_status` int(11) NOT NULL
) ENGINE=InnoDB DEFAULT CHARSET=latin1;

--
-- Dumping data for table `ticket_assigned_status`
--

INSERT INTO `ticket_assigned_status` (`id`, `ticket_id`, `current_assigned_employee_id`, `current_ticket_status`, `ticket_read_status`) VALUES
(1, 199, 141, 4, 0),
(2, 210, 137, 1, 0),
(3, 210, 139, 2, 0),
(4, 210, 141, 4, 0),
(5, 211, 230, 1, 0),
(6, 211, 235, 2, 0),
(7, 211, 237, 4, 0),
(8, 211, 235, 11, 0),
(9, 211, 237, 18, 0),
(10, 211, 235, 11, 0),
(11, 211, 230, 17, 0),
(12, 211, 235, 13, 0),
(13, 211, 238, 4, 0),
(14, 211, 235, 11, 0),
(15, 211, 230, 17, 0),
(16, 211, 230, 15, 0),
(17, 211, 235, 2, 0),
(18, 211, 237, 4, 0),
(19, 211, 235, 11, 0),
(20, 211, 230, 17, 0),
(21, 212, 230, 1, 0),
(22, 213, 230, 1, 0),
(23, 213, 235, 2, 0),
(24, 213, 237, 4, 0),
(25, 213, 235, 11, 0),
(26, 214, 230, 1, 0),
(27, 214, 235, 2, 0),
(28, 215, 235, 2, 0),
(29, 215, 237, 4, 0),
(30, 216, 235, 2, 0),
(31, 216, 238, 4, 0),
(32, 216, 235, 11, 0),
(33, 219, 237, 4, 0),
(34, 219, 235, 11, 0),
(35, 219, 230, 17, 0),
(36, 227, 255, 1, 0),
(37, 228, 255, 1, 0),
(38, 229, 255, 1, 0),
(39, 230, 255, 1, 0),
(40, 232, 255, 1, 0),
(41, 233, 255, 1, 0),
(42, 234, 255, 1, 0),
(43, 235, 255, 1, 0),
(44, 235, 257, 2, 0),
(45, 236, 230, 1, 0),
(46, 237, 230, 1, 0),
(47, 238, 230, 1, 0),
(48, 239, 230, 1, 0),
(49, 239, 235, 2, 0),
(50, 239, 237, 4, 0),
(51, 240, 230, 1, 0),
(52, 244, 237, 4, 0),
(53, 245, 230, 1, 0),
(54, 246, 230, 1, 0),
(55, 248, 230, 1, 0),
(56, 257, 230, 1, 0),
(57, 258, 230, 1, 0),
(58, 260, 230, 1, 0),
(59, 261, 230, 1, 0),
(60, 262, 230, 1, 0),
(61, 263, 230, 1, 0),
(62, 264, 230, 1, 0),
(63, 265, 230, 1, 0),
(64, 269, 230, 1, 0),
(65, 270, 230, 1, 0),
(66, 271, 230, 1, 0),
(67, 272, 230, 1, 0),
(68, 273, 230, 1, 0),
(69, 274, 230, 1, 0);

-- --------------------------------------------------------

--
-- Table structure for table `ticket_attachment`
--

CREATE TABLE `ticket_attachment` (
  `id` int(11) NOT NULL,
  `ticket_id` int(11) NOT NULL,
  `attached_user_role_type` int(11) NOT NULL,
  `attached_user_id` int(11) NOT NULL,
  `attachment_subject` varchar(255) NOT NULL,
  `attachment` varchar(255) NOT NULL,
  `date` datetime NOT NULL,
  `attachment_order` int(11) NOT NULL
) ENGINE=InnoDB DEFAULT CHARSET=latin1;

--
-- Dumping data for table `ticket_attachment`
--

INSERT INTO `ticket_attachment` (`id`, `ticket_id`, `attached_user_role_type`, `attached_user_id`, `attachment_subject`, `attachment`, `date`, `attachment_order`) VALUES
(1, 2, 0, 22, 'Issue Raise', '', '2017-03-03 12:02:05', 0),
(2, 3, 0, 22, 'Issue Raise', '', '2017-03-03 12:05:52', 0),
(3, 2, 0, 22, 'Issue Raise', '', '2017-03-03 12:06:31', 0),
(4, 2, 0, 22, 'Issue Raise', '', '2017-03-03 12:08:10', 0),
(5, 2, 0, 22, 'Issue Raise', '', '2017-03-03 12:09:11', 0),
(6, 2, 0, 22, 'Issue Raise', '', '2017-03-03 12:11:17', 0),
(7, 3, 0, 22, 'Issue Raise', '', '2017-03-03 12:11:37', 0),
(8, 5, 0, 22, 'Issue Raise', '', '2017-03-03 12:48:18', 0),
(9, 6, 0, 22, 'Issue Raise', '', '2017-03-03 12:50:37', 0),
(10, 7, 0, 22, 'Issue Raise', '', '2017-03-03 01:41:49', 0),
(11, 8, 0, 22, 'Issue Raise', '', '2017-03-03 01:42:17', 0),
(12, 9, 0, 22, 'Issue Raise', '', '2017-03-03 01:43:07', 0),
(13, 10, 0, 22, 'Issue Raise', '', '2017-03-03 01:43:40', 0),
(14, 11, 0, 22, 'Issue Raise', '', '2017-03-03 01:49:17', 0),
(15, 12, 0, 22, 'Issue Raise', '', '2017-03-03 01:51:51', 0),
(16, 14, 0, 22, 'Issue Raise', 'blackaddfile5121489384805.jpg', '2017-03-13 07:00:05', 1),
(17, 14, 0, 22, 'Issue Raise', 'blackaddfile5121489385253.jpg', '2017-03-13 07:07:33', 2),
(18, 17, 0, 22, 'Issue Raise', '', '2017-03-21 12:44:46', 1),
(19, 17, 0, 22, 'Plumbing Work', 'Nithin1490097564.jpg', '2017-03-21 12:59:24', 2),
(20, 17, 0, 22, 'fsvgsa', 'attachment11490097576.png', '2017-03-21 12:59:36', 3),
(21, 18, 0, 22, '', 'Nithin1490162423.jpg', '2017-03-22 07:00:23', 1),
(22, 19, 0, 22, 'Issue Raise', 'Nithin1490162496.jpg', '2017-03-22 07:01:36', 1),
(23, 20, 0, 22, 'Issue Raise', 'blackaddfile5121490162567.jpg', '2017-03-22 07:02:47', 1),
(24, 21, 0, 22, 'Issue Raise', 'blackaddfile5121490175573.jpg', '2017-03-22 10:39:33', 1),
(25, 40, 0, 9, 'Issue Raise', '', '2017-03-28 10:17:30', 1),
(26, 40, 0, 10, 'Issue Raise', '', '2017-03-28 10:19:38', 2),
(27, 40, 0, 6, 'Issue Raise', '', '2017-03-28 10:21:36', 3),
(28, 41, 0, 22, 'Issue Raise', '', '2017-03-28 10:47:20', 1),
(29, 41, 0, 17, 'Issue Raise', '', '2017-03-28 10:48:19', 2),
(30, 41, 0, 22, 'Issue Raise', '', '2017-03-28 10:48:33', 3),
(31, 41, 0, 17, 'Issue Raise', '', '2017-03-28 10:49:16', 4),
(32, 41, 0, 19, 'Issue Raise', '', '2017-03-28 10:49:32', 5),
(33, 0, 0, 0, '', '', '2017-03-28 10:49:45', 6),
(34, 45, 0, 9, 'Issue Raise', '', '2017-03-28 01:18:56', 1),
(35, 46, 0, 9, 'Issue Raise', '', '2017-03-28 01:19:06', 1),
(36, 47, 0, 9, 'Issue Raise', '', '2017-03-28 01:19:15', 1),
(37, 48, 0, 9, 'Issue Raise', '', '2017-03-28 01:19:25', 1),
(38, 49, 0, 22, 'Issue Raise', '', '2017-03-28 02:23:10', 1),
(39, 49, 0, 23, 'Issue Raise', '', '2017-03-28 02:27:49', 2),
(40, 49, 0, 23, 'Issue Raise', '', '2017-03-28 02:29:28', 3),
(41, 57, 0, 22, 'Issue Raise', '', '2017-05-10 09:18:20', 1),
(42, 58, 0, 22, 'Issue Raise', '', '2017-05-10 09:18:34', 1),
(43, 59, 0, 22, 'Issue Raise', '', '2017-05-10 09:18:51', 1),
(44, 60, 0, 29, 'Issue Raise', 'HDWallpaperComputerWallpapersDesktopBackgrounds1920x1080ID1494824165.jpg', '2017-05-15 10:26:06', 1),
(45, 79, 0, 22, 'Enroll new time tables', 'AdmnOfficersAdvertisment2016171497352122.pdf', '2017-06-13 04:38:42', 1),
(46, 125, 0, 22, 'Issue Raise', 'NithinBennyResume31499843789.pdf', '2017-07-12 12:46:29', 1),
(47, 155, 0, 138, 'bdfb', 'avatharbyjaj540d4tmnq11501744344.jpg', '2017-08-03 12:42:24', 1),
(48, 126, 0, 22, 'jtgj', 'avatharbyjaj540d4tmnq11501744389.jpg', '2017-08-03 12:43:09', 1),
(49, 155, 0, 138, 'ngfngf', 'avatharbyjaj540d4tmnq11501744459.jpg', '2017-08-03 12:44:19', 2),
(50, 126, 0, 22, 'gdb', 'avatharbyjaj540d4tmnq11501748672.jpg', '2017-08-03 01:54:32', 2),
(51, 155, 0, 138, 'v', 'avatharbyjaj540d4tmnq11501749085.jpg', '2017-08-03 02:01:25', 3),
(52, 155, 0, 1, 'dfcsw', 'avatharbyjaj540d4tmnq11501756295.jpg', '2017-08-03 04:01:35', 4),
(53, 155, 0, 87, 'vcwrae', 'avatharbyjaj540d4tmnq11501756362.jpg', '2017-08-03 04:02:42', 5),
(54, 182, 0, 138, 'Exam schedule', 'FuJJ6jX1502106425.jpg', '2017-08-07 05:17:10', 1),
(55, 182, 0, 1, 'ERE', 'FuJJ6jX1502108636.jpg', '2017-08-07 05:53:56', 2),
(56, 183, 0, 138, 'HHHHHHHHHHH', 'eygnsfe035s1502109358.jpg', '2017-08-07 06:06:03', 1),
(57, 183, 0, 1, 'GGGGGG', 'darkforestwallpaperHD51502109548.jpg', '2017-08-07 06:09:08', 2),
(58, 183, 0, 1, 'WW', 'g59l16E1502109689.jpg', '2017-08-07 06:11:29', 3),
(59, 183, 0, 123, 'Issue Raise', 'darkforestwallpaperHD51502110284.jpg', '2017-08-07 06:21:24', 4),
(60, 185, 0, 145, 'vxgb', 'g59l16E1502271615.jpg', '2017-08-09 03:13:35', 1),
(61, 186, 0, 146, 'gresg', 'FuJJ6jX1502271846.jpg', '2017-08-09 03:14:19', 1),
(62, 188, 0, 138, 'Exam schedule', '573e3a092fedb936af6a413a39dcc68956ee5ea1hq1502352024.jpg', '2017-08-10 01:30:30', 1),
(63, 191, 0, 138, 'jyf', '', '2017-08-25 07:07:35', 1),
(64, 192, 0, 138, 'ghgdf', '111503668850.jpg', '2017-08-25 07:17:44', 1),
(65, 193, 0, 147, 'bfsgdtgh', '111503668928.jpg', '2017-08-25 07:21:30', 1),
(66, 194, 0, 148, 'vdfs', 'nithin1503669595.jpg', '2017-08-25 07:31:04', 1),
(67, 195, 0, 149, ' vc', '111503669796.jpg', '2017-08-25 07:33:39', 1),
(68, 196, 0, 149, 'dsa', '111503670052.jpg', '2017-08-25 07:37:51', 1),
(69, 200, 0, 138, 'Bug #900', 'avatharbyjaj540d4tmnq11504090374.jpg', '2017-08-30 04:23:45', 1),
(70, 203, 0, 150, 'jgd', '', '2017-09-01 02:54:32', 1),
(71, 204, 0, 151, 'bgd', '', '2017-09-01 03:08:33', 1),
(72, 205, 0, 152, 'hgfrdnbg', '', '2017-09-01 03:21:31', 1),
(73, 205, 0, 1, 'S12', 'avatharbyjaj540d4tmnq11504587724.jpg', '2017-09-05 10:32:04', 2),
(74, 206, 0, 138, 'Issue in ticket flow', '', '2017-09-05 11:18:11', 1),
(75, 207, 0, 138, 'Adding edit and remove', '', '2017-09-05 11:44:26', 1),
(76, 208, 0, 138, 'Notificatio Issue', '', '2017-09-05 03:51:09', 1),
(77, 210, 0, 138, 'Some Issues are repeorted  ', '', '2017-09-05 04:11:28', 1),
(78, 211, 0, 153, 'Issue while loading poc ', 'attachment1504852913.png', '2017-09-08 12:13:09', 1),
(79, 211, 0, 237, 'Resolved ticket attachment', 'avatharbyjaj540d4tmnq11504854008.jpg', '2017-09-08 12:30:08', 2),
(80, 212, 0, 155, 'bfs', '', '2017-09-10 06:10:44', 1),
(81, 213, 0, 155, 'Issue on institute configration', 'Screenshotfrom201709101840301505049045.png', '2017-09-10 06:41:06', 1),
(82, 214, 0, 156, 'ghdf', '', '2017-09-11 02:05:18', 1),
(83, 227, 0, 138, 'vfds', '', '2017-09-12 01:49:24', 1),
(84, 228, 0, 159, 'cdfs', '', '2017-09-12 01:56:27', 1),
(85, 232, 0, 160, 'DSD', 'Screenshotfrom201708101212131505215147.png', '2017-09-12 04:49:15', 1),
(86, 232, 0, 255, 'SDR', 'Screenshotfrom201708101212131505216800.png', '2017-09-12 05:16:40', 2),
(87, 232, 5, 255, 'gdr', 'Screenshotfrom201708141441581505220036.png', '2017-09-12 06:10:36', 3),
(88, 233, 4, 160, 'vds', 'Screenshotfrom201708101212131505220056.png', '2017-09-12 06:11:03', 1),
(89, 233, 5, 255, 'aaa', 'Screenshotfrom201708141441581505220505.png', '2017-09-12 06:18:25', 2),
(90, 234, 0, 160, 'cccc', 'Screenshotfrom201709061348101505220898.png', '2017-09-12 06:25:26', 1),
(91, 235, 4, 160, 'eee', 'Screenshotfrom201708252205571505221039.png', '2017-09-12 06:27:25', 1),
(92, 239, 4, 164, 'vsdf', 'Screenshotfrom201708141016291505221851.png', '2017-09-12 06:41:42', 1),
(93, 239, 1, 1, 'AQWER', 'Screenshotfrom201708141441581505292209.png', '2017-09-13 02:13:29', 2),
(94, 239, 5, 230, 'hhvhvhvvhvhvh', 'Screenshotfrom201708141441581505311390.png', '2017-09-13 07:33:10', 3),
(95, 269, 4, 138, 'Fhjhbkj', 'jpeghome1505560591.jpg', '2017-09-16 04:46:45', 1),
(96, 269, 5, 230, 'hY', 'jpeghome1505629999.jpg', '2017-09-17 12:03:19', 2),
(97, 330, 6, 235, 'fff', 'Nithin1508417658.png', '2017-10-19 06:24:18', 1);

-- --------------------------------------------------------

--
-- Table structure for table `ticket_comment`
--

CREATE TABLE `ticket_comment` (
  `id` int(11) NOT NULL,
  `ticket_id` int(11) NOT NULL,
  `comment_user_id` int(11) NOT NULL,
  `comment_subject` varchar(255) NOT NULL,
  `comment` text NOT NULL,
  `date` datetime NOT NULL,
  `comment_order` int(11) NOT NULL
) ENGINE=InnoDB DEFAULT CHARSET=latin1;

--
-- Dumping data for table `ticket_comment`
--

INSERT INTO `ticket_comment` (`id`, `ticket_id`, `comment_user_id`, `comment_subject`, `comment`, `date`, `comment_order`) VALUES
(1, 2, 22, 'Issue Raise', 'Test', '2017-03-03 12:02:05', 0),
(2, 3, 22, 'Issue Raise', 'Test', '2017-03-03 12:05:52', 0),
(3, 2, 22, 'Issue Raise', 'test', '2017-03-03 12:06:31', 0),
(4, 2, 22, 'Issue Raise', 'test', '2017-03-03 12:08:10', 0),
(5, 2, 22, 'Issue Raise', 'test', '2017-03-03 12:09:11', 0),
(6, 2, 22, 'Issue Raise', 'test', '2017-03-03 12:11:17', 0),
(7, 3, 22, 'Issue Raise', 'ththth', '2017-03-03 12:11:37', 0),
(8, 5, 22, 'Issue Raise', 'Please grant some mmoney', '2017-03-03 12:48:18', 0),
(9, 6, 22, 'Issue Raise', 'Pls add required ', '2017-03-03 12:50:36', 0),
(10, 7, 22, 'Issue Raise', 'sgdag', '2017-03-03 01:41:49', 0),
(11, 8, 22, 'Issue Raise', 'aergaeqgh', '2017-03-03 01:42:17', 0),
(12, 9, 22, 'Issue Raise', 'dhsweh', '2017-03-03 01:43:07', 0),
(13, 10, 22, 'Issue Raise', 'gagh', '2017-03-03 01:43:40', 0),
(14, 11, 22, 'Issue Raise', 'fsgaaqegh', '2017-03-03 01:49:17', 0),
(15, 12, 22, 'Issue Raise', 'dsrgaegh', '2017-03-03 01:51:51', 0),
(16, 14, 22, 'Issue Raise', 'fsagWGH', '2017-03-13 07:00:05', 1),
(17, 14, 22, 'Issue Raise', 'fsagWGH', '2017-03-13 07:07:33', 2),
(18, 17, 22, 'Issue Raise', 'Make it fast', '2017-03-21 12:44:46', 1),
(19, 19, 22, 'Issue Raise', 'make it very fast', '2017-03-22 07:01:36', 1),
(20, 20, 22, 'Issue Raise', 'Make it very fast', '2017-03-22 07:02:47', 1),
(21, 21, 22, 'Issue Raise', '', '2017-03-22 10:39:33', 1),
(22, 40, 9, 'Issue Raise', 'POC to Dept. head comment.', '2017-03-28 10:17:30', 1),
(23, 40, 10, 'Issue Raise', 'Dept. head to employee', '2017-03-28 10:19:38', 2),
(24, 40, 6, 'Issue Raise', 'Successfully completed ', '2017-03-28 10:21:36', 3),
(25, 41, 22, 'Issue Raise', 'make ithjvhjkj', '2017-03-28 10:47:20', 1),
(26, 41, 17, 'Issue Raise', '', '2017-03-28 10:48:18', 2),
(27, 41, 22, 'Issue Raise', '', '2017-03-28 10:48:33', 3),
(28, 41, 17, 'Issue Raise', '', '2017-03-28 10:49:16', 4),
(29, 41, 19, 'Issue Raise', '', '2017-03-28 10:49:32', 5),
(30, 41, 22, 'POC Jibin  John verified and closed', '', '2017-03-28 10:49:45', 6),
(31, 45, 9, 'Issue Raise', 'fdhehjdtr', '2017-03-28 01:18:56', 1),
(32, 46, 9, 'Issue Raise', 'fsxngfs', '2017-03-28 01:19:06', 1),
(33, 47, 9, 'Issue Raise', 'fsgnhdfsj', '2017-03-28 01:19:14', 1),
(34, 48, 9, 'Issue Raise', 'fgdsnj', '2017-03-28 01:19:25', 1),
(35, 49, 22, 'Issue Raise', '', '2017-03-28 02:23:10', 1),
(36, 49, 23, 'Issue Raise', '', '2017-03-28 02:27:49', 2),
(37, 49, 23, 'Issue Raise', '', '2017-03-28 02:29:28', 3),
(38, 44, 9, 'Issue Raise', '', '2017-04-03 06:12:46', 1),
(39, 54, 29, 'Issue Raise', '', '2017-04-04 11:22:29', 1),
(40, 54, 30, 'Issue Raise', '', '2017-04-04 11:23:05', 2),
(41, 54, 31, 'Issue Raise', '', '2017-04-04 11:23:47', 3),
(42, 54, 29, 'POC Manoj  P verified and closed', '', '2017-04-04 11:24:29', 4),
(43, 54, 7, 'User Afsal  KK accepted the closure', '', '2017-04-04 11:24:58', 5),
(44, 56, 29, 'Issue Raise', '', '2017-04-04 02:08:33', 1),
(45, 56, 30, 'Issue Raise', '', '2017-04-04 02:09:10', 2),
(46, 43, 22, 'Issue Raise', '', '2017-04-06 04:11:32', 1),
(47, 57, 22, 'Issue Raise', 'cc', '2017-05-10 09:18:20', 1),
(48, 58, 22, 'Issue Raise', 'xw2', '2017-05-10 09:18:34', 1),
(49, 59, 22, 'Issue Raise', 'dd', '2017-05-10 09:18:51', 1),
(50, 20, 23, 'Issue Raise', 'wwww', '2017-05-15 09:34:14', 2),
(51, 20, 20, 'Issue Raise', '', '2017-05-15 09:36:04', 3),
(52, 60, 29, 'Issue Raise', 'cdfgsg', '2017-05-15 10:26:05', 1),
(53, 61, 29, 'Issue Raise', 'rwg', '2017-05-15 10:26:17', 1),
(54, 61, 30, 'Issue Raise', 'qqqq', '2017-05-15 10:27:56', 2),
(55, 81, 22, 'Issue Raise', '', '2017-06-13 01:12:46', 1),
(56, 80, 22, 'Issue Raise', '', '2017-06-13 01:19:23', 1),
(57, 79, 22, 'Issue Raise', '', '2017-06-14 02:22:43', 1),
(58, 78, 22, 'Issue Raise', '', '2017-06-14 03:33:15', 1),
(59, 77, 22, 'POC Jibin  John forwared to Mananger', '', '2017-06-14 04:23:13', 1),
(60, 64, 22, 'POC Jibin  John Rejected successfully', '', '2017-06-14 04:25:50', 1),
(61, 81, 23, 'Issue Raise', 'faswf', '2017-06-14 04:42:14', 2),
(62, 81, 14, 'Issue Raise', 'fdeaf', '2017-06-14 04:44:44', 3),
(63, 81, 22, 'POC Jibin  John verified and closed', '', '2017-06-14 04:50:15', 4),
(64, 62, 22, 'POC Jibin  John forwared to Mananger', '', '2017-06-15 10:07:00', 1),
(65, 38, 22, 'POC Jibin  John forwared to Mananger', '', '2017-06-15 10:08:10', 1),
(66, 83, 22, 'Issue Raise', '1111111', '2017-06-15 10:19:08', 1),
(67, 84, 22, 'Issue Raise', '2222222222222222222', '2017-06-15 10:19:28', 1),
(68, 121, 22, 'Issue Raise', 'bgdfnbsdfnh', '2017-07-07 02:14:18', 1),
(69, 122, 22, 'Issue Raise', 'dfbbg', '2017-07-07 02:14:31', 1),
(70, 118, 22, 'POC Jibin  John forwared to Mananger', 'gjhghj', '2017-07-07 02:54:55', 1),
(71, 118, 21, 'George  G proceed to POC', 'tgftygh', '2017-07-07 04:14:12', 2),
(72, 118, 22, 'Issue Raise', 'hjguigi', '2017-07-07 04:14:48', 3),
(73, 118, 24, 'Issue Raise', 'ghfhg', '2017-07-07 04:15:45', 4),
(74, 123, 22, 'POC Jibin  John forwared to Mananger', 'gsh', '2017-07-11 02:21:31', 1),
(75, 119, 22, 'POC Jibin  John forwared to Mananger', 'www', '2017-07-11 03:03:33', 1),
(76, 119, 22, 'POC Jibin  John forwared to Mananger', '', '2017-07-11 03:11:09', 2),
(77, 119, 22, 'POC Jibin  John forwared to Mananger', 'aaa', '2017-07-11 03:20:25', 3),
(78, 119, 21, 'George  G proceed to POC', 'rejected', '2017-07-11 03:20:58', 4),
(79, 119, 22, 'Jibin  John Closed due to Management Rejection', 'closed', '2017-07-11 03:21:31', 5),
(80, 116, 22, 'POC Jibin  John Rejected successfully', 'reject', '2017-07-11 03:33:52', 1),
(81, 125, 22, 'Issue Raise', 'gbf', '2017-07-12 12:46:29', 1),
(82, 125, 17, 'Issue Raise', 'ok', '2017-07-12 12:48:19', 2),
(83, 125, 22, 'Issue Raise', 'jhd', '2017-07-12 12:48:45', 3),
(84, 125, 17, 'Issue Raise', 'gnbhdfx', '2017-07-12 12:49:28', 4),
(85, 125, 22, 'POC Jibin  John verified and closed', 'gfjf', '2017-07-12 12:49:50', 5),
(86, 125, 2, 'User Benny  Joseph accepted the closure', 'ok', '2017-07-12 12:50:14', 6),
(87, 136, 87, 'Issue Raise', 'dsewfa', '2017-07-16 01:43:56', 1),
(88, 137, 87, 'Issue Raise', 'faewf', '2017-07-16 01:44:11', 1),
(89, 137, 89, 'Issue Raise', 'dsAD', '2017-07-16 01:53:08', 2),
(90, 134, 87, 'POC poc  wet forwared to Mananger', '', '2017-07-16 02:49:14', 1),
(91, 133, 87, 'POC poc  wet forwared to Mananger', 'bgdfrh', '2017-07-16 02:49:43', 1),
(92, 132, 87, 'POC poc  wet forwared to Mananger', 'gfxj', '2017-07-16 03:09:25', 1),
(93, 132, 88, 'manager  wet proceed to POC', 'ghfgh', '2017-07-16 03:10:41', 2),
(94, 132, 87, 'Issue Raise', 'yftyfy', '2017-07-16 03:11:23', 3),
(95, 131, 87, 'POC poc  wet forwared to Mananger', '', '2017-07-16 03:15:57', 1),
(96, 131, 88, 'manager  wet proceed to POC', 'bfd', '2017-07-16 03:31:38', 2),
(97, 143, 87, 'POC poc  wet forwared to Mananger', '', '2017-07-18 02:35:18', 1),
(98, 143, 88, 'manager  wet proceed to POC', 'vfds', '2017-07-18 02:36:15', 2),
(99, 144, 87, 'POC poc  wet forwared to Mananger', 'bfdb', '2017-07-18 02:40:20', 1),
(100, 144, 88, 'manager  wet proceed to POC', 'csa', '2017-07-18 03:05:17', 2),
(101, 153, 87, 'Issue Raise', 'fhg', '2017-07-21 12:18:47', 1),
(102, 153, 89, 'Issue Raise', 'vc', '2017-07-21 12:19:06', 2),
(103, 153, 90, 'Issue Raise', 'bgfd', '2017-07-21 12:21:05', 3),
(104, 153, 87, 'POC poc  wet verified and closed', 'dsfv', '2017-07-21 12:21:30', 4),
(105, 153, 64, 'User Jamsheer George asd accepted the closure', '', '2017-07-21 02:51:51', 5),
(106, 153, 64, 'User Jamsheer George asd accepted the closure', '', '2017-07-21 02:53:43', 6),
(107, 153, 64, 'User Jamsheer George asd accepted the closure', 'bdfgs', '2017-07-21 03:05:31', 7),
(108, 153, 64, 'User Jamsheer George asd accepted the closure', ' fz', '2017-07-21 03:12:30', 8),
(109, 153, 64, 'User Jamsheer George asd accepted the closure', 'dfzb', '2017-07-21 03:14:02', 9),
(110, 153, 64, 'User Jamsheer George asd accepted the closure', 'vhkjbghjbg', '2017-07-21 03:15:49', 10),
(111, 153, 64, 'User Jamsheer George asd accepted the closure.', 'trrr', '2017-07-21 03:39:57', 11),
(112, 157, 87, 'Issue Raise', 'bdsh', '2017-08-04 07:04:23', 1),
(113, 158, 87, 'Issue Raise', 'vfd', '2017-08-04 07:04:33', 1),
(114, 159, 87, 'Issue Raise', 'vgfrsg', '2017-08-04 07:27:50', 1),
(115, 160, 87, 'Issue Raise', 'bdbdfv', '2017-08-04 07:28:02', 1),
(116, 161, 87, 'Issue Raise', 'vcdswf', '2017-08-04 07:51:32', 1),
(117, 162, 87, 'Issue Raise', 'dsa', '2017-08-04 07:55:51', 1),
(118, 166, 87, 'Issue Raise', 'bdfbgsh', '2017-08-05 11:16:28', 1),
(119, 166, 89, 'Issue Raise', 'ghdfh', '2017-08-05 11:18:08', 2),
(120, 166, 90, 'Issue Raise', 'nbgfh', '2017-08-05 11:18:32', 3),
(121, 166, 87, 'Issue Raise', 'fgh', '2017-08-05 11:19:02', 4),
(122, 166, 90, 'Issue Raise', 'fyhj', '2017-08-05 11:19:24', 5),
(123, 166, 87, 'POC poc  wet verified and closed', 'df', '2017-08-05 11:25:28', 6),
(124, 166, 138, 'User  accepted the closure.', 'gdrg', '2017-08-05 11:26:51', 7),
(125, 168, 87, 'Issue Raise', 'frwfw', '2017-08-05 12:41:13', 1),
(126, 169, 87, 'Issue Raise', 'dfhd', '2017-08-05 12:41:25', 1),
(127, 183, 123, 'Issue Raise', 'hgf', '2017-08-07 06:21:24', 1),
(128, 183, 125, 'Issue Raise', 'ttt', '2017-08-07 06:23:31', 2),
(129, 183, 127, 'Issue Raise', 'dhtdfbh', '2017-08-07 06:24:22', 3),
(130, 183, 123, 'POC POC  GHS verified and closed', 'wwwwww', '2017-08-07 06:25:26', 4),
(131, 183, 138, 'User  accepted the closure.', 'gdfg', '2017-08-07 06:26:06', 5),
(132, 169, 89, 'Issue Raise', 'sda', '2017-08-09 04:50:02', 2),
(133, 187, 123, 'Issue Raise', 'ghdes', '2017-08-09 06:54:21', 1),
(134, 185, 123, 'Issue Raise', 'ds', '2017-08-09 07:46:03', 1),
(135, 187, 125, 'Issue Raise', 'dcg', '2017-08-10 01:25:44', 2),
(136, 187, 127, 'Issue Raise', 'g', '2017-08-10 01:26:01', 3),
(137, 187, 123, 'POC POC  GHS verified and closed', 'iu', '2017-08-10 01:26:21', 4),
(138, 188, 123, 'Issue Raise', 'dddd', '2017-08-10 01:30:59', 1),
(139, 188, 125, 'Issue Raise', 'ss', '2017-08-10 01:31:16', 2),
(140, 188, 127, 'Issue Raise', 'dsdsd', '2017-08-10 01:31:31', 3),
(141, 188, 123, 'POC POC  GHS verified and closed', 'dsxdd', '2017-08-10 01:31:49', 4),
(142, 188, 123, 'POC POC  GHS Rejected successfully', 'cds', '2017-08-10 03:08:20', 5),
(143, 175, 87, 'Issue Raise', 'yu', '2017-08-11 01:14:22', 1),
(144, 175, 89, 'Issue Raise', 'g', '2017-08-11 01:14:56', 2),
(145, 175, 87, 'POC poc  wet verified and closed', 'g', '2017-08-11 01:15:16', 3),
(146, 189, 123, 'Issue Raise', 'vfdsg', '2017-08-23 03:33:07', 1),
(147, 190, 123, 'Issue Raise', 'vbfdb', '2017-08-23 03:33:21', 1),
(148, 197, 137, 'Issue Raise', 'make it fast', '2017-08-29 10:42:26', 1),
(149, 197, 139, 'Issue Raise', 'ghdeg', '2017-08-29 10:47:51', 2),
(150, 197, 141, 'Issue Raise', 'fsewf', '2017-08-29 10:49:24', 3),
(151, 197, 137, 'Issue Raise', 'gfdg', '2017-08-29 11:03:37', 4),
(152, 197, 139, 'Issue Raise', 'hdfgh', '2017-08-29 11:04:57', 5),
(153, 197, 141, 'Issue Raise', 'bgdf', '2017-08-29 11:40:37', 6),
(154, 196, 137, 'Issue Raise', 'fvvvvs', '2017-08-29 11:48:49', 1),
(155, 196, 137, 'Issue Raise', 'vsd', '2017-08-29 12:29:46', 2),
(156, 196, 137, 'POC POC  CMI Rejected successfully', 'dfsf', '2017-08-29 12:30:05', 3),
(157, 195, 137, 'Issue Raise', 'htfrh', '2017-08-29 12:37:29', 1),
(158, 195, 139, 'Issue Raise', 'hftg', '2017-08-29 12:38:28', 2),
(159, 195, 141, 'Issue Raise', 'tyr', '2017-08-29 12:58:32', 3),
(160, 198, 137, 'Issue Raise', 'make theses changes assp.', '2017-08-29 01:40:23', 1),
(161, 198, 139, 'Issue Raise', 'fhf', '2017-08-29 01:41:34', 2),
(162, 198, 141, 'Issue Raise', 'dfgs', '2017-08-29 01:42:49', 3),
(163, 198, 139, 'Issue Raise', 'bfd', '2017-08-29 03:36:02', 4),
(164, 198, 139, 'Issue Raise', 'app', '2017-08-29 03:43:23', 5),
(165, 198, 139, 'Issue Raise', 'ddw', '2017-08-29 03:48:25', 6),
(166, 198, 141, 'Issue Raise', 'bd', '2017-08-29 03:49:13', 7),
(167, 198, 139, 'Issue Raise', 'vcb', '2017-08-29 03:52:52', 8),
(168, 199, 137, 'Issue Raise', 'htdrhdr', '2017-08-29 04:10:30', 1),
(169, 199, 139, 'Issue Raise', 'gdfhhj', '2017-08-29 04:11:16', 2),
(170, 199, 141, 'Issue Raise', 'guytr', '2017-08-29 04:11:55', 3),
(171, 199, 139, 'Issue Raise', 'bmbm', '2017-08-29 04:12:50', 4),
(172, 199, 139, 'Issue Raise', 'vfsx', '2017-08-29 04:30:40', 5),
(173, 199, 141, 'Issue Raise', 'vf', '2017-08-29 04:31:08', 6),
(174, 199, 139, 'Issue Raise', 'vds', '2017-08-29 04:32:07', 7),
(175, 199, 139, 'Issue Raise', 'jhgj', '2017-08-29 04:32:52', 8),
(176, 199, 139, 'Issue Raise', 'hrth', '2017-08-29 04:35:41', 9),
(177, 199, 141, 'Issue Raise', 'htr', '2017-08-29 04:36:12', 10),
(178, 199, 139, 'Issue Raise', 'jyr', '2017-08-29 04:36:54', 11),
(179, 199, 139, 'Issue Raise', 'vbdf', '2017-08-29 04:40:07', 12),
(180, 199, 141, 'Issue Raise', 'xbf', '2017-08-29 04:42:43', 13),
(181, 199, 139, 'Issue Raise', 'bfd', '2017-08-29 05:16:10', 14),
(182, 199, 137, 'Issue Raise', 'fvgsd', '2017-08-29 06:21:00', 15),
(183, 199, 137, 'Issue Raise', 'jf', '2017-08-29 06:23:30', 16),
(184, 199, 137, 'Issue Raise', 'vcdsv', '2017-08-29 06:25:31', 17),
(185, 199, 139, 'Issue Raise', 'bf', '2017-08-29 06:45:49', 18),
(186, 199, 141, 'Issue Raise', 'gfh', '2017-08-29 06:55:48', 19),
(187, 199, 139, 'Issue Raise', 'hgf', '2017-08-29 07:08:15', 20),
(188, 199, 139, 'Issue Raise', 'oiu', '2017-08-29 07:44:58', 21),
(189, 199, 139, 'Issue Raise', 'vgfre', '2017-08-29 07:46:47', 22),
(190, 199, 141, 'Issue Raise', 'hguj', '2017-08-29 07:47:21', 23),
(191, 199, 139, 'Issue Raise', 'nhdfn', '2017-08-29 07:48:15', 24),
(192, 201, 137, 'Issue Raise', 'vfsdvbgsgb', '2017-08-30 04:37:23', 1),
(193, 202, 137, 'Issue Raise', 'bvdfsbdsb', '2017-08-30 04:37:52', 1),
(194, 202, 139, 'Issue Raise', 'htrh', '2017-08-30 04:59:21', 2),
(195, 199, 137, 'Issue Raise', 'rejected', '2017-09-05 10:56:09', 25),
(196, 199, 139, 'Issue Raise', 'jh', '2017-09-05 10:57:18', 26),
(197, 199, 141, 'Issue Raise', 'kjhj', '2017-09-05 10:57:42', 27),
(198, 199, 139, 'Issue Raise', 'sg', '2017-09-05 11:12:10', 28),
(199, 199, 139, 'Issue Raise', 'g', '2017-09-05 11:16:03', 29),
(200, 206, 137, 'Issue Raise', 'Assigned to department head', '2017-09-05 11:23:30', 1),
(201, 206, 139, 'Issue Raise', 'assigned to employee', '2017-09-05 11:26:02', 2),
(202, 206, 141, 'Issue Raise', 'employee resolved and to department head', '2017-09-05 11:27:22', 3),
(203, 206, 139, 'Issue Raise', 'department head reject and assigned to employee', '2017-09-05 11:29:02', 4),
(204, 207, 137, 'Issue Raise', 'assigned to department head', '2017-09-05 11:46:19', 1),
(205, 207, 139, 'Issue Raise', 'assigned to employee', '2017-09-05 11:47:35', 2),
(206, 207, 141, 'Issue Raise', 'resolved and assigned to department head', '2017-09-05 11:48:46', 3),
(207, 207, 139, 'Issue Raise', 'rejected and assigned to employee', '2017-09-05 11:49:56', 4),
(208, 207, 139, 'Issue Raise', 'department head rejected and assigned to employee', '2017-09-05 11:56:41', 5),
(209, 207, 141, 'Issue Raise', 'resolved and assigned to department head', '2017-09-05 12:00:16', 6),
(210, 207, 139, 'Issue Raise', 'accepted and assigned to poc', '2017-09-05 12:01:42', 7),
(211, 207, 137, 'POC POC  CMI verified and closed', 'poc verified and close the ticket.', '2017-09-05 12:03:01', 8),
(212, 207, 138, 'User Manager  CMI accepted the closure.', 'thank you', '2017-09-05 12:04:07', 9),
(213, 199, 139, 'Issue Raise', 'nfg', '2017-09-05 12:52:48', 30),
(214, 210, 137, 'Issue Raise', 'yfy', '2017-09-05 04:14:08', 1),
(215, 210, 139, 'Issue Raise', 'hdtrh', '2017-09-05 04:14:45', 2),
(216, 211, 231, 'POC Dino  B forwared to Mananger', 'Please check and approve this ticket, if valid.', '2017-09-08 12:21:30', 1),
(217, 211, 231, 'Dino  B proceed to POC', 'This is a valid ticket. Approved.', '2017-09-08 12:22:53', 2),
(218, 211, 230, 'Issue Raise', 'Please make it fast.', '2017-09-08 12:25:46', 3),
(219, 211, 235, 'Issue Raise', 'Resolve this ticket. ', '2017-09-08 12:27:13', 4),
(220, 211, 237, 'Issue Raise', 'Ticket resolved.', '2017-09-08 12:39:50', 5),
(221, 211, 235, 'Issue Raise', 'This ticket is rejected because it is not completed successfully.', '2017-09-08 12:42:04', 6),
(222, 211, 237, 'Issue Raise', 'Sorry. Now it is completed, please check it.', '2017-09-08 12:43:14', 7),
(223, 211, 235, 'Issue Raise', 'ticket resolved.', '2017-09-08 12:44:22', 8),
(224, 211, 230, 'Issue Raise', 'this ticket is once more review. make it fast.', '2017-09-08 12:45:55', 9),
(225, 211, 235, 'Issue Raise', 'please check this issue in priority. this is a one poc is rejected. it is a serious issue. ', '2017-09-08 12:48:02', 10),
(226, 211, 238, 'Issue Raise', 'Ticket resolved.', '2017-09-08 05:10:02', 11),
(227, 211, 235, 'Issue Raise', 'Fully completed.', '2017-09-08 05:11:05', 12),
(228, 211, 230, 'POC Amal  Thomas verified and closed', 'Ticket is resolved completely . ', '2017-09-08 05:12:10', 13),
(229, 211, 230, 'Issue Raise', 'Ticket is reopened by created user. ', '2017-09-08 05:17:01', 14),
(230, 211, 235, 'Issue Raise', 'check and solve it', '2017-09-08 05:31:27', 15),
(231, 211, 235, 'Issue Raise', 'resolved by department head', '2017-09-08 05:32:07', 16),
(232, 211, 235, 'Issue Raise', 'accepted', '2017-09-08 05:33:08', 17),
(233, 211, 230, 'POC Amal  Thomas verified and closed', 'closed', '2017-09-08 05:33:35', 18),
(234, 213, 230, 'Issue Raise', 'Please make it fast. ', '2017-09-10 06:43:10', 1),
(235, 213, 235, 'Issue Raise', 'Please make it fast. ', '2017-09-10 06:43:47', 2),
(236, 213, 237, 'Issue Raise', 'Solved', '2017-09-10 07:18:07', 3),
(237, 214, 230, 'POC Amal  Thomas forwared to Mananger', 'check it and approve.', '2017-09-11 02:22:38', 1),
(238, 214, 231, 'Dino  B proceed to POC', 'approved', '2017-09-11 02:36:13', 2),
(239, 214, 230, 'Issue Raise', 'cghdbcv', '2017-09-11 02:40:41', 3),
(240, 214, 230, 'POC Amal  Thomas Rejected successfully', 'rejected', '2017-09-11 02:41:11', 4),
(241, 215, 230, 'Issue Raise', 'iuoi', '2017-09-11 02:52:18', 1),
(242, 215, 235, 'Issue Raise', 'ghvghvhj', '2017-09-11 02:52:45', 2),
(243, 215, 230, 'POC Amal  Thomas Rejected successfully', 'hjgh', '2017-09-11 02:53:10', 3),
(244, 216, 230, 'Issue Raise', 'jdtuyk', '2017-09-11 02:54:57', 1),
(245, 216, 235, 'Issue Raise', 'mfghmg', '2017-09-11 02:55:30', 2),
(246, 216, 235, 'Issue Raise', 'ryju', '2017-09-11 02:56:22', 3),
(247, 218, 230, 'Issue Raise', 'htdh', '2017-09-11 03:19:40', 1),
(248, 219, 230, 'Issue Raise', 'ngfngf', '2017-09-11 03:19:57', 1),
(249, 221, 230, 'Issue Raise', 'dfbh', '2017-09-11 04:19:56', 1),
(250, 222, 230, 'Issue Raise', 'bds', '2017-09-11 04:20:09', 1),
(251, 223, 230, 'Issue Raise', 'vdsa', '2017-09-11 04:20:24', 1),
(252, 224, 230, 'Issue Raise', 'vbdsf', '2017-09-11 04:20:38', 1),
(253, 225, 230, 'Issue Raise', 'bcx', '2017-09-11 04:20:51', 1),
(254, 226, 230, 'Issue Raise', 'bfsxbf', '2017-09-11 04:21:15', 1),
(255, 235, 255, 'Issue Raise', 'trete', '2017-09-12 06:33:37', 1),
(256, 239, 230, 'Issue Raise', 'dfa', '2017-09-12 06:59:39', 1),
(257, 239, 235, 'Issue Raise', 'dvs', '2017-09-12 07:00:17', 2),
(258, 241, 230, 'Issue Raise', 'ad', '2017-09-14 05:58:11', 1),
(259, 242, 230, 'Issue Raise', 'csa', '2017-09-14 05:58:31', 1),
(260, 244, 230, 'Issue Raise', 'gsrg', '2017-09-14 06:12:49', 1),
(261, 245, 230, 'Issue Raise', 'cdcasc', '2017-09-14 06:42:59', 1),
(262, 245, 235, 'Issue Raise', 'dxsq', '2017-09-14 06:43:19', 2),
(263, 246, 230, 'Issue Raise', 'ngfnbhd', '2017-09-14 06:52:09', 1),
(264, 246, 235, 'Issue Raise', 'few', '2017-09-14 06:53:06', 2),
(265, 247, 230, 'Issue Raise', 'gsdr', '2017-09-14 07:03:01', 1),
(266, 247, 235, 'Issue Raise', 'fdsf', '2017-09-14 07:03:36', 2),
(267, 248, 230, 'Issue Raise', 'vdfsv', '2017-09-14 07:09:43', 1),
(268, 248, 235, 'Issue Raise', 'dfas', '2017-09-14 07:10:24', 2),
(269, 249, 230, 'Issue Raise', 'dsad', '2017-09-15 09:40:15', 1),
(270, 251, 230, 'Issue Raise', 'dghf', '2017-09-15 09:48:13', 1),
(271, 252, 230, 'Issue Raise', 'dghf', '2017-09-15 09:52:44', 1),
(272, 253, 230, 'Issue Raise', 'dghf', '2017-09-15 09:52:55', 1),
(273, 254, 230, 'Issue Raise', 'dghf', '2017-09-15 09:53:14', 1),
(274, 255, 230, 'Issue Raise', 'dghf', '2017-09-15 10:12:00', 1),
(275, 256, 230, 'Issue Raise', 'grs', '2017-09-15 10:12:16', 1),
(276, 257, 230, 'Issue Raise', 'bdfgbdfgbh', '2017-09-15 10:36:46', 1),
(277, 262, 230, 'Issue Raise', 'vdsvs', '2017-09-15 07:21:58', 1),
(278, 262, 235, 'Issue Raise', 'gfruyfru', '2017-09-15 07:26:29', 2),
(279, 264, 230, 'Issue Raise', 'gesgdf', '2017-09-15 08:40:07', 1),
(280, 265, 230, 'Issue Raise', 'kjdfghkjhgkj', '2017-09-16 12:24:03', 1),
(281, 265, 235, 'Issue Raise', 'jfyjdf', '2017-09-16 12:24:48', 2),
(282, 267, 230, 'Issue Raise', 'gsgf', '2017-09-16 03:21:49', 1),
(283, 267, 235, 'Issue Raise', 'hgfghf', '2017-09-16 03:23:34', 2),
(284, 267, 237, 'Issue Raise', 'kjhkjdh', '2017-09-16 03:56:34', 3),
(285, 267, 235, 'Issue Raise', 'ggghjgjg', '2017-09-16 03:57:08', 4),
(286, 267, 237, 'Issue Raise', 'fsffgfdsg', '2017-09-16 04:06:43', 5),
(287, 267, 235, 'Issue Raise', 'vfgvfg', '2017-09-16 04:21:13', 6),
(288, 267, 230, 'POC Amal  Thomas verified and closed', 'cfaffcdaf vdsv svdf', '2017-09-16 04:22:01', 7),
(289, 267, 138, 'User Manager  CMI accepted the closure.', 'kjghkjf', '2017-09-16 04:22:51', 8),
(290, 269, 230, 'POC Amal  Thomas Rejected successfully', 'bhrthre', '2017-09-16 04:47:42', 1),
(291, 270, 230, 'Issue Raise', 'bdfgrdghresahresa', '2017-09-17 12:59:13', 1),
(292, 270, 235, 'Issue Raise', 'vgfdg', '2017-09-17 01:19:32', 2),
(293, 265, 237, 'Issue Raise', 'gdg', '2017-09-17 01:22:01', 3),
(294, 265, 235, 'Issue Raise', 'dghdh', '2017-09-17 01:22:49', 4),
(295, 265, 238, 'Issue Raise', 'htru', '2017-09-17 01:23:15', 5),
(296, 265, 235, 'Issue Raise', 'ghdtxryh', '2017-09-17 01:23:44', 6),
(297, 265, 238, 'Issue Raise', 'hfrdhj', '2017-09-17 01:24:03', 7),
(298, 265, 235, 'Issue Raise', 'jydtrj', '2017-09-17 01:24:27', 8),
(299, 265, 230, 'Issue Raise', 'htrh', '2017-09-17 01:25:15', 9),
(300, 265, 235, 'Issue Raise', 'htdf', '2017-09-17 01:25:46', 10),
(301, 265, 237, 'Issue Raise', 'hth', '2017-09-17 01:26:08', 11),
(302, 265, 235, 'Issue Raise', 'jyfr', '2017-09-17 01:26:32', 12),
(303, 265, 230, 'POC Amal  Thomas verified and closed', 'kftuykyftk', '2017-09-17 01:26:57', 13),
(304, 265, 138, 'User Manager  CMI accepted the closure.', 'gdzfrg', '2017-09-17 01:28:16', 14),
(305, 271, 230, 'Issue Raise', 'hfghdr', '2017-09-17 04:50:11', 1),
(306, 270, 237, 'Issue Raise', 'dfaf', '2017-09-17 04:54:15', 3),
(307, 272, 230, 'Issue Raise', 'nfgnfn', '2017-09-17 05:44:21', 1),
(308, 272, 235, 'Issue Raise', 'gesrg', '2017-09-17 06:11:23', 2),
(309, 272, 230, 'POC Amal  Thomas verified and closed', ' c vbcncnv', '2017-09-18 10:29:40', 3),
(310, 271, 230, 'Issue Raise', 'hth', '2017-09-18 10:33:23', 2),
(311, 271, 235, 'Issue Raise', 'gfch', '2017-09-18 10:33:47', 3),
(312, 271, 230, 'POC Amal  Thomas verified and closed', 'nfnhg', '2017-09-18 10:35:05', 4),
(313, 273, 230, 'POC Amal  Thomas forwared to Mananger', 'gserg', '2017-09-18 01:37:20', 1),
(314, 273, 230, 'POC Amal  Thomas forwared to Mananger', 'htdrh', '2017-09-18 01:51:16', 2),
(315, 274, 230, 'POC Amal  Thomas forwared to Mananger', 'vfvfdsv', '2017-09-18 01:54:38', 1),
(316, 274, 231, 'Dino  B proceed to POC', ' vbcxbxf', '2017-09-18 01:57:18', 2),
(317, 274, 230, 'Issue Raise', 'ytryh', '2017-09-18 02:01:00', 3),
(318, 274, 235, 'Issue Raise', 'dgh', '2017-09-18 02:01:35', 4),
(319, 275, 230, 'POC Amal  Thomas forwared to Mananger', 'cdacf', '2017-09-18 04:46:06', 1),
(320, 275, 231, 'Dino  B proceed to POC', 'gdfsrg', '2017-09-18 04:46:49', 2),
(321, 273, 231, 'Dino  B proceed to POC', 'fsf', '2017-09-18 05:22:22', 3),
(322, 276, 230, 'POC Amal  Thomas forwared to Mananger', 'dfsdsd', '2017-09-18 05:23:53', 1),
(323, 278, 230, 'POC Amal  Thomas forwared to Mananger', 'vfdsv', '2017-09-18 05:30:51', 1),
(324, 278, 231, 'Dino  B proceed to POC', 'vev', '2017-09-18 05:31:19', 2),
(325, 278, 230, 'Issue Raise', ' cdfeve', '2017-09-18 05:31:49', 3),
(326, 279, 230, 'POC Amal  Thomas forwared to Mananger', 'dqe', '2017-09-18 05:32:44', 1),
(327, 279, 231, 'Dino  B proceed to POC', 'vdfvs', '2017-09-18 05:33:42', 2),
(328, 279, 230, 'Amal  Thomas Closed due to Management Rejection', 'dtrghrd', '2017-09-18 05:34:09', 3),
(329, 278, 235, 'Issue Raise', 'gdfg', '2017-09-18 05:36:48', 4),
(330, 281, 230, 'Issue Raise', 'vfdsav', '2017-09-18 07:04:36', 1),
(331, 282, 230, 'Issue Raise', 'vfsedvg', '2017-09-18 07:04:53', 1),
(332, 281, 235, 'Issue Raise', 'jtyrj', '2017-09-18 07:05:34', 2),
(333, 281, 230, 'POC Amal  Thomas verified and closed', 'u5y6', '2017-09-18 07:06:04', 3),
(334, 281, 138, 'User Manager  CMI accepted the closure.', 'hjtrye', '2017-09-18 07:06:36', 4),
(335, 283, 230, 'POC Amal  Thomas Rejected successfully', 'Rejected', '2017-09-18 07:34:26', 1),
(336, 284, 230, 'POC Amal  Thomas forwared to Mananger', 'bdfsbbb', '2017-09-18 07:36:02', 1),
(337, 284, 231, 'Dino  B proceed to POC', 'gfdg', '2017-09-18 07:36:56', 2),
(338, 284, 230, 'Amal  Thomas Closed due to Management Rejection', 'dfbdb', '2017-09-18 07:37:30', 3),
(339, 285, 230, 'POC Amal  Thomas forwared to Mananger', 'gtsghh', '2017-09-18 07:40:25', 1),
(340, 285, 231, 'Dino  B proceed to POC', 'cdswfcw', '2017-09-18 07:40:55', 2),
(341, 285, 230, 'Issue Raise', 'ghdfhdf', '2017-09-18 07:43:51', 3),
(342, 285, 235, 'Issue Raise', 'fvgsg', '2017-09-18 07:44:38', 4),
(343, 285, 230, 'POC Amal  Thomas verified and closed', 'hjghj', '2017-09-18 07:47:08', 5),
(344, 285, 138, 'User Manager  CMI accepted the closure.', 'ghfgh', '2017-09-18 07:47:55', 6),
(345, 286, 230, 'POC Amal  Thomas forwared to Mananger', 'cdswf', '2017-09-18 07:49:47', 1),
(346, 286, 231, 'Dino  B proceed to POC', 'vfdsv', '2017-09-18 07:50:19', 2),
(347, 286, 230, 'Issue Raise', 'vdsfvb', '2017-09-18 07:50:51', 3),
(348, 286, 235, 'Issue Raise', 'dfsvsafv', '2017-09-18 07:51:14', 4),
(349, 286, 230, 'POC Amal  Thomas verified and closed', 'kjcdha', '2017-09-18 07:51:39', 5),
(350, 286, 230, 'POC Amal  Thomas Rejected successfully', 'hghj', '2017-09-18 07:53:23', 6),
(351, 287, 230, 'Issue Raise', 'yhtrey', '2017-09-18 07:57:11', 1),
(352, 287, 235, 'Issue Raise', 'gfhd', '2017-09-18 07:57:37', 2),
(353, 287, 237, 'Issue Raise', 'bgdfh', '2017-09-18 07:58:37', 3),
(354, 287, 235, 'Issue Raise', 'hgdtrh', '2017-09-18 07:59:08', 4),
(355, 287, 235, 'Issue Raise', 'bfgd', '2017-09-18 07:59:26', 5),
(356, 287, 238, 'Issue Raise', 'gdhdrg', '2017-09-18 08:00:35', 6),
(357, 287, 235, 'Issue Raise', 'jfyhj', '2017-09-18 08:01:03', 7),
(358, 287, 230, 'Issue Raise', 'njdfhtjy', '2017-09-18 08:04:33', 8),
(359, 287, 235, 'Issue Raise', 'hdftgh', '2017-09-18 08:15:15', 9),
(360, 287, 230, 'POC Amal  Thomas verified and closed', 'vfdsg', '2017-09-18 08:15:52', 10),
(361, 287, 138, 'User Manager  CMI accepted the closure.', 'gfrsde', '2017-09-18 08:16:28', 11),
(362, 288, 230, 'Issue Raise', 'gsg', '2017-09-18 08:17:41', 1),
(363, 288, 235, 'Issue Raise', 'ntuyj', '2017-09-18 08:18:16', 2),
(364, 288, 237, 'Issue Raise', 'gdtsreyg', '2017-09-18 08:18:43', 3),
(365, 288, 235, 'Issue Raise', 'hjr', '2017-09-18 08:20:00', 4),
(366, 288, 230, 'POC Amal  Thomas verified and closed', 'jdfrj', '2017-09-18 08:20:29', 5),
(367, 288, 138, 'User Manager  CMI accepted the closure.', 'hdtrh', '2017-09-18 08:21:10', 6),
(368, 289, 230, 'Issue Raise', 'hgdh', '2017-09-18 09:11:36', 1),
(369, 289, 230, 'Issue Raise', 'bfdg', '2017-09-18 09:11:56', 2),
(370, 289, 236, 'Issue Raise', 'nfgh', '2017-09-18 09:20:31', 3),
(371, 289, 230, 'Issue Raise', 'dfbb', '2017-09-18 10:09:22', 4),
(372, 289, 230, 'Issue Raise', 'ngfh', '2017-09-18 10:11:47', 5),
(373, 289, 230, 'Issue Raise', 'ngdrh', '2017-09-18 10:11:59', 6),
(374, 289, 230, 'Issue Raise', 'gds', '2017-09-18 10:23:42', 7),
(375, 289, 235, 'Issue Raise', 'fesaf', '2017-09-19 10:43:57', 8),
(376, 289, 230, 'Issue Raise', 'bfdhfgh', '2017-09-19 10:47:37', 9),
(377, 289, 236, 'Issue Raise', 'hjj', '2017-09-19 10:49:13', 10),
(378, 289, 230, 'POC Amal  Thomas verified and closed', 'cdsaf', '2017-09-19 10:51:56', 11),
(379, 290, 230, 'Issue Raise', 'gfrdsg', '2017-09-19 11:01:10', 1),
(380, 290, 230, 'Issue Raise', 'ghtrygh', '2017-09-19 11:08:55', 2),
(381, 290, 230, 'Issue Raise', 'gdfgh', '2017-09-19 11:44:41', 3),
(382, 290, 235, 'Issue Raise', 'hdh', '2017-09-19 11:45:37', 4),
(383, 290, 235, 'Issue Raise', 'gsdgf', '2017-09-19 11:45:51', 5),
(384, 290, 238, 'Issue Raise', 'jdtyhj', '2017-09-19 11:48:52', 6),
(385, 290, 230, 'POC Amal  Thomas verified and closed', 'vdsfv', '2017-09-19 11:57:25', 7),
(386, 268, 230, 'Issue Raise', 'jydtr', '2017-09-19 11:57:52', 1),
(387, 268, 235, 'Issue Raise', 'ts', '2017-09-19 11:58:15', 2),
(388, 268, 235, 'Issue Raise', 'bgfdh', '2017-09-19 11:58:28', 3),
(389, 274, 237, 'Issue Raise', 'vfdsv', '2017-09-19 11:58:56', 5),
(390, 274, 235, 'Issue Raise', 'gdsg', '2017-09-19 12:00:12', 6),
(391, 291, 230, 'Issue Raise', 'jejy', '2017-09-19 12:13:00', 1),
(392, 291, 230, 'Issue Raise', 'gfsg', '2017-09-19 12:21:50', 2),
(393, 291, 230, 'POC Amal  Thomas Rejected successfully', 'hdh', '2017-09-19 12:22:45', 3),
(394, 266, 230, 'POC Amal  Thomas Rejected successfully', 'dewf', '2017-09-19 12:28:32', 1),
(395, 263, 230, 'POC Amal  Thomas forwared to Mananger', 'bgdh', '2017-09-19 12:29:13', 1),
(396, 290, 138, 'User Manager  CMI accepted the closure.', 'bdgfrh', '2017-09-19 12:39:06', 8),
(397, 274, 230, 'Issue Raise', 'nghdfj', '2017-09-19 12:40:56', 7),
(398, 294, 230, 'Issue Raise', 'bdsbsb', '2017-09-27 11:53:24', 1),
(399, 295, 230, 'Issue Raise', 'sdrehserhse', '2017-09-27 11:53:56', 1),
(400, 294, 235, 'Issue Raise', 'ht', '2017-09-27 04:58:38', 2),
(401, 295, 235, 'Issue Raise', 'hrd', '2017-09-27 04:58:54', 2),
(402, 294, 237, 'Issue Raise', 'htrdh', '2017-09-27 04:59:13', 3),
(403, 294, 235, 'Issue Raise', 'jyhdf', '2017-09-27 04:59:34', 4),
(404, 295, 230, 'POC Amal  Thomas verified and closed', ' hgmg', '2017-09-27 05:00:53', 3),
(405, 294, 230, 'POC Amal  Thomas verified and closed', 'ncg', '2017-09-27 05:01:17', 5),
(406, 293, 230, 'POC Amal  Thomas verified and closed', 'ghchj', '2017-09-27 05:01:38', 1),
(407, 297, 230, 'Issue Raise', 'htrh', '2017-09-27 05:22:38', 1),
(408, 298, 230, 'Issue Raise', 'grsegser', '2017-09-27 05:22:59', 1),
(409, 298, 235, 'Issue Raise', 'frawf', '2017-09-27 05:23:31', 2),
(410, 297, 235, 'Issue Raise', 'dcewf', '2017-09-27 05:23:47', 2),
(411, 298, 230, 'POC Amal  Thomas verified and closed', 'nfghn', '2017-09-27 05:24:12', 3),
(412, 297, 230, 'POC Amal  Thomas verified and closed', 'fcdsf', '2017-09-27 05:26:35', 3),
(413, 300, 230, 'Issue Raise', 'nbydr', '2017-09-27 05:30:52', 1),
(414, 301, 230, 'Issue Raise', 'fr', '2017-09-27 05:31:03', 1),
(415, 300, 235, 'Issue Raise', 'ytre', '2017-09-27 05:31:32', 2),
(416, 301, 235, 'Issue Raise', 'htdrh', '2017-09-27 05:31:56', 2),
(417, 303, 230, 'Issue Raise', 'vcrwf', '2017-09-27 05:55:02', 1),
(418, 304, 230, 'Issue Raise', 'dcew', '2017-09-27 05:55:14', 1),
(419, 303, 235, 'Issue Raise', 'cdwc', '2017-09-27 05:56:13', 2),
(420, 304, 235, 'Issue Raise', 'deqwd', '2017-09-27 05:56:31', 2),
(421, 303, 230, 'POC Amal  Thomas verified and closed', 'vcda', '2017-09-27 05:56:54', 3),
(422, 304, 230, 'POC Amal  Thomas verified and closed', 'hytrhtr', '2017-09-27 06:27:20', 3),
(423, 302, 230, 'POC Amal  Thomas verified and closed', 'htrh', '2017-09-27 06:27:41', 1),
(424, 306, 230, 'Issue Raise', 'ghtr', '2017-09-28 11:42:15', 1),
(425, 307, 230, 'Issue Raise', 'gres', '2017-09-28 11:42:27', 1),
(426, 306, 235, 'Issue Raise', 'dcfeg', '2017-09-28 11:51:34', 2),
(427, 307, 235, 'Issue Raise', 'vbdfb', '2017-09-28 11:51:49', 2),
(428, 306, 237, 'Issue Raise', 'cdsg', '2017-09-28 11:53:41', 3),
(429, 306, 235, 'Issue Raise', 'grsg', '2017-09-28 11:54:03', 4),
(430, 306, 230, 'POC Amal  Thomas verified and closed', 'htseh', '2017-09-28 11:56:30', 5),
(431, 307, 230, 'POC Amal  Thomas verified and closed', 'bdfgx', '2017-09-28 12:03:14', 3),
(432, 645, 230, 'Issue Raise', 'vfrdsa', '2017-09-28 12:27:26', 1),
(433, 647, 230, 'Issue Raise', 'vgfre', '2017-09-28 12:27:35', 1),
(434, 312, 230, 'Issue Raise', 'gtdes', '2017-09-28 12:36:18', 1),
(435, 313, 230, 'Issue Raise', 'gtde', '2017-09-28 12:36:28', 1),
(436, 317, 230, 'Issue Raise', 'tbrgh', '2017-09-28 02:08:18', 1),
(437, 318, 230, 'Issue Raise', 'vre', '2017-09-28 02:08:31', 1),
(438, 320, 230, 'Issue Raise', 'frew', '2017-09-28 02:21:16', 1),
(439, 321, 230, 'Issue Raise', 'fcewq', '2017-09-28 02:21:25', 1),
(440, 321, 235, 'Issue Raise', 'vs', '2017-09-28 03:48:24', 2),
(441, 320, 235, 'Issue Raise', 'vsdf', '2017-09-28 03:48:42', 2),
(442, 320, 230, 'POC Amal  Thomas verified and closed', 'vs', '2017-09-28 03:49:17', 3),
(443, 321, 230, 'POC Amal  Thomas verified and closed', 'fsdv', '2017-09-28 03:49:37', 3),
(444, 319, 230, 'POC Amal  Thomas verified and closed', 'jtdj', '2017-09-28 03:50:26', 1),
(445, 319, 138, 'User Manager  CMI accepted the closure.', 'bdfg', '2017-09-28 03:51:23', 2),
(446, 322, 230, 'Issue Raise', 'fgdb', '2017-09-28 05:18:37', 1),
(447, 322, 235, 'Issue Raise', 'hdfh', '2017-09-28 05:18:58', 2),
(448, 322, 230, 'POC Amal  Thomas verified and closed', 'nhgf', '2017-09-28 05:19:20', 3),
(449, 324, 230, 'Issue Raise', 'bdfg', '2017-09-28 05:21:15', 1),
(450, 325, 230, 'Issue Raise', 'nhgdfh', '2017-09-28 05:21:25', 1),
(451, 326, 230, 'Issue Raise', 'bgds', '2017-09-28 05:21:34', 1),
(452, 324, 235, 'Issue Raise', 'ghdtrh', '2017-09-28 05:22:40', 2),
(453, 325, 235, 'Issue Raise', 'htrd', '2017-09-28 05:27:19', 2),
(454, 326, 235, 'Issue Raise', 'bhrdtyh', '2017-09-28 05:27:36', 2),
(455, 324, 237, 'Issue Raise', 'gfdgdg', '2017-09-28 05:28:17', 3),
(456, 326, 238, 'Issue Raise', 'gfhjdmhmvc', '2017-09-28 05:28:36', 3),
(457, 326, 235, 'Issue Raise', 'vfs', '2017-09-28 05:29:11', 4),
(458, 324, 235, 'Issue Raise', 'bdfgb', '2017-09-28 05:29:28', 4),
(459, 326, 230, 'POC Amal  Thomas verified and closed', 'gfnj', '2017-09-28 05:30:05', 5),
(460, 324, 230, 'Issue Raise', 'bfg', '2017-09-28 06:11:59', 5),
(461, 325, 235, 'Issue Raise', 'ghvgh', '2017-09-28 06:15:20', 3),
(462, 324, 235, 'Issue Raise', 'nd', '2017-09-28 06:15:42', 6),
(463, 324, 237, 'Issue Raise', 'jyt', '2017-09-28 06:16:04', 7),
(464, 324, 235, 'Issue Raise', 'fdcfg', '2017-09-28 06:16:48', 8),
(465, 325, 230, 'POC Amal  Thomas verified and closed', 'ghfghj', '2017-09-28 06:17:42', 4),
(466, 324, 230, 'POC Amal  Thomas verified and closed', 'ytfrtyf', '2017-09-28 06:18:06', 9),
(467, 323, 230, 'POC Amal  Thomas verified and closed', 'hfghj', '2017-09-28 06:33:55', 1),
(468, 327, 230, 'Issue Raise', 'vbgfdsg', '2017-10-05 12:37:38', 1),
(469, 327, 235, 'Issue Raise', 'vdsv', '2017-10-05 12:38:13', 2),
(470, 334, 230, 'Issue Raise', 'fda', '2017-10-19 03:17:09', 1),
(471, 335, 230, 'Issue Raise', 'gdsg', '2017-10-19 03:17:25', 1),
(472, 334, 235, 'Issue Raise', 'fcdsaf', '2017-10-19 03:18:33', 2),
(473, 335, 235, 'Issue Raise', 'fcdsfv', '2017-10-19 03:18:57', 2),
(474, 334, 237, 'Issue Raise', 'vgfrdsg', '2017-10-19 03:19:20', 3),
(475, 334, 235, 'Issue Raise', 'gdf', '2017-10-19 03:19:47', 4),
(476, 334, 230, 'POC Amal  Thomas verified and closed', 'gfdsg', '2017-10-19 03:20:16', 5),
(477, 335, 230, 'POC Amal  Thomas verified and closed', 'bdh', '2017-10-19 03:20:31', 3),
(478, 333, 230, 'POC Amal  Thomas verified and closed', 'nfgn', '2017-10-19 03:21:18', 1),
(479, 333, 138, 'User Manager  CMI accepted the closure.', 'fdsaf', '2017-10-19 03:22:02', 2),
(480, 323, 138, 'User Manager  CMI accepted the closure.', 'vgdfsgrg', '2017-10-20 01:27:10', 2);

-- --------------------------------------------------------

--
-- Table structure for table `ticket_escalation`
--

CREATE TABLE `ticket_escalation` (
  `id` int(11) NOT NULL,
  `ticket_id` int(11) NOT NULL,
  `escalation_level_id` int(11) NOT NULL,
  `escalation_date` date NOT NULL,
  `escalation_flag` int(11) NOT NULL,
  `escalation_order` int(11) NOT NULL
) ENGINE=InnoDB DEFAULT CHARSET=latin1;

--
-- Dumping data for table `ticket_escalation`
--

INSERT INTO `ticket_escalation` (`id`, `ticket_id`, `escalation_level_id`, `escalation_date`, `escalation_flag`, `escalation_order`) VALUES
(1, 2, 1, '2017-03-01', 0, 1),
(2, 111, 1, '2017-07-31', 0, 1),
(3, 166, 1, '2017-08-31', 0, 1),
(4, 185, 1, '2017-08-31', 0, 1),
(5, 188, 1, '2017-09-02', 0, 1),
(6, 197, 1, '2017-09-01', 0, 1),
(7, 196, 1, '2017-08-31', 0, 1),
(8, 195, 1, '2017-08-31', 0, 1),
(9, 198, 1, '2017-08-30', 0, 1),
(10, 199, 1, '2017-08-31', 0, 1),
(11, 206, 1, '2017-09-24', 0, 1),
(12, 207, 1, '2017-10-01', 0, 1),
(13, 210, 1, '2017-09-30', 0, 1),
(14, 271, 1, '2017-09-20', 1, 1),
(15, 274, 1, '2017-09-20', 1, 1),
(16, 271, 2, '1970-01-01', 0, 2),
(17, 274, 2, '1970-01-01', 0, 2),
(18, 271, 2, '1970-01-01', 0, 2),
(19, 274, 2, '1970-01-01', 0, 2),
(20, 271, 2, '1970-01-01', 0, 2),
(21, 274, 2, '1970-01-01', 0, 2);

-- --------------------------------------------------------

--
-- Table structure for table `ticket_feedbacks`
--

CREATE TABLE `ticket_feedbacks` (
  `id` int(11) NOT NULL,
  `ticket_id` int(11) NOT NULL,
  `feedback_user_id` int(11) NOT NULL,
  `feedback` varchar(255) NOT NULL,
  `rating` varchar(10) NOT NULL,
  `feedback_date` date NOT NULL
) ENGINE=InnoDB DEFAULT CHARSET=latin1;

--
-- Dumping data for table `ticket_feedbacks`
--

INSERT INTO `ticket_feedbacks` (`id`, `ticket_id`, `feedback_user_id`, `feedback`, `rating`, `feedback_date`) VALUES
(1, 153, 64, 'Issue Raise', 'dfzb', '2017-07-21'),
(2, 153, 64, 'not bad', '9', '2017-07-21'),
(3, 153, 64, 'dhh', '4', '2017-07-21'),
(4, 166, 138, 'bgfdg', '7', '2017-08-05'),
(5, 183, 138, 'bfcxb', '7', '2017-08-07'),
(6, 207, 138, 'very nice', '8', '2017-09-05'),
(7, 267, 138, 'kjdhfkjbg', '7', '2017-09-16'),
(8, 265, 138, 'gfdz', '6', '2017-09-17'),
(9, 281, 138, 'rhtyhj', '6', '2017-09-18'),
(10, 285, 138, 'fukjfuy', '8', '2017-09-18'),
(11, 287, 138, 'gseg', '7', '2017-09-18'),
(12, 288, 138, 'bdgtrh', '6', '2017-09-18'),
(13, 290, 138, 'htrdh', '8', '2017-09-19'),
(14, 319, 138, 'bdrg', '9', '2017-09-28'),
(15, 333, 138, 'fdaef', '9', '2017-10-19'),
(16, 323, 138, 'vbfdgbfdg', '6', '2017-10-20');

-- --------------------------------------------------------

--
-- Table structure for table `ticket_grouped_status`
--

CREATE TABLE `ticket_grouped_status` (
  `id` int(11) NOT NULL,
  `ticket_status` int(11) NOT NULL,
  `ticket_grouped_status_name` varchar(255) NOT NULL
) ENGINE=InnoDB DEFAULT CHARSET=latin1;

-- --------------------------------------------------------

--
-- Table structure for table `ticket_history`
--

CREATE TABLE `ticket_history` (
  `id` int(11) NOT NULL,
  `ticket_id` int(11) NOT NULL,
  `history_subject` varchar(255) NOT NULL,
  `history` text NOT NULL,
  `history_by` int(11) NOT NULL,
  `history_ticket_status` int(11) NOT NULL,
  `history_role_type` int(11) NOT NULL,
  `date` datetime NOT NULL,
  `history_order` int(11) NOT NULL
) ENGINE=InnoDB DEFAULT CHARSET=latin1;

--
-- Dumping data for table `ticket_history`
--

INSERT INTO `ticket_history` (`id`, `ticket_id`, `history_subject`, `history`, `history_by`, `history_ticket_status`, `history_role_type`, `date`, `history_order`) VALUES
(1, 2, 'History Issue', 'Test', 22, 2, 0, '2017-03-03 12:02:06', 0),
(2, 3, 'History Issue', 'Test', 22, 2, 0, '2017-03-03 12:05:52', 0),
(3, 2, 'History Issue', 'test', 22, 2, 0, '2017-03-03 12:06:31', 0),
(4, 2, 'History Issue', 'test', 22, 2, 0, '2017-03-03 12:08:10', 0),
(5, 2, 'History Issue', 'test', 22, 2, 0, '2017-03-03 12:09:11', 0),
(6, 2, 'History Issue', 'test', 22, 2, 0, '2017-03-03 12:11:17', 0),
(7, 3, 'History Issue', 'ththth', 22, 2, 0, '2017-03-03 12:11:37', 0),
(8, 5, 'History Issue', 'Please grant some mmoney', 22, 2, 0, '2017-03-03 12:48:18', 0),
(9, 6, 'History Issue', 'Pls add required ', 22, 2, 0, '2017-03-03 12:50:37', 0),
(10, 7, 'History Issue', 'sgdag', 22, 2, 0, '2017-03-03 01:41:49', 0),
(11, 8, 'History Issue', 'aergaeqgh', 22, 2, 0, '2017-03-03 01:42:17', 0),
(12, 9, 'History Issue', 'dhsweh', 22, 2, 0, '2017-03-03 01:43:07', 0),
(13, 10, 'History Issue', 'gagh', 22, 2, 0, '2017-03-03 01:43:40', 0),
(14, 11, 'History Issue', 'fsgaaqegh', 22, 2, 0, '2017-03-03 01:49:17', 0),
(15, 12, 'History Issue', 'dsrgaegh', 22, 2, 0, '2017-03-03 01:51:51', 0),
(16, 14, 'History Issue', 'POC assigned to Dept Head.', 22, 2, 5, '2017-03-13 07:07:33', 1),
(17, 17, 'User Ticket History', 'User created a ticket - TICKT-017 on 13-03-2017', 1, 1, 4, '2017-03-13 01:09:15', 0),
(18, 17, 'TICKT-017 - POC to Dept. Head', 'POC Jibin  John assigned ticket - TICKT-017 to Dept Head.', 22, 2, 5, '2017-03-21 12:44:46', 1),
(19, 18, 'User Ticket History', 'User Nithin  Benny created a ticket - TICKT-018 on 22-03-2017', 1, 1, 4, '2017-03-22 06:58:18', 0),
(20, 19, 'Ticket splitting history', 'Ticket split no: 2. make it very fast', 22, 2, 5, '2017-03-22 07:01:36', 1),
(21, 20, 'Ticket splitting history', 'Ticket split no: 1. Make it very fast', 22, 2, 5, '2017-03-22 07:02:47', 1),
(22, 21, 'User Ticket History', 'User Navas  S created a ticket - TICKT-021 on 22-03-2017', 2, 1, 4, '2017-03-22 10:12:13', 0),
(23, 21, 'TICKT-021 - POC to Dept. Head', 'POC Jibin  John assigned ticket - TICKT-021 to Dept Head.', 22, 2, 5, '2017-03-22 10:39:33', 1),
(24, 22, 'User Ticket History', 'User Nithin  Benny created a ticket - TICKT-022 on 22-03-2017', 1, 1, 4, '2017-03-22 02:50:01', 0),
(25, 23, 'User Ticket History', 'User Nithin  Benny created a ticket - TICKT-023 on 22-03-2017', 1, 1, 4, '2017-03-22 03:04:12', 0),
(26, 24, 'User Ticket History', 'User Navas  S created a ticket - TICKT-024 on 22-03-2017', 2, 1, 4, '2017-03-22 03:12:09', 0),
(27, 25, 'User Ticket History', 'User Navas  S created a ticket - TICKT-025 on 22-03-2017', 2, 1, 4, '2017-03-22 03:14:15', 0),
(28, 27, 'User Ticket History', 'User Nithin  Benny created a ticket - TICKT-027 on 23-03-2017', 1, 1, 4, '2017-03-23 08:18:06', 0),
(29, 28, 'User Ticket History', 'User Nithin  Benny created a ticket - TICKT-028 on 24-03-2017', 1, 1, 4, '2017-03-24 07:38:34', 0),
(30, 29, 'User Ticket History', 'User Nithin  Benny created a ticket - TICKT-029 on 27-03-2017', 1, 1, 4, '2017-03-27 08:12:11', 0),
(31, 31, 'User Ticket History', 'User Nithin  Benny created a ticket - TICKT-031 on 27-03-2017', 1, 1, 4, '2017-03-27 01:03:34', 0),
(32, 32, 'User Ticket History', 'User Navas  S created a ticket - TICKT-032 on 27-03-2017', 2, 1, 4, '2017-03-27 01:04:41', 0),
(33, 33, 'User Ticket History', 'User Nithin  Benny created a ticket - TICKT-033 on 27-03-2017', 1, 1, 4, '2017-03-27 01:07:36', 0),
(34, 34, 'User Ticket History', 'User Navas  S created a ticket - TICKT-034 on 27-03-2017', 2, 1, 4, '2017-03-27 01:08:57', 0),
(35, 36, 'User Ticket History', 'User Avinash  Bala created a ticket - TICKT-036 on 27-03-2017', 3, 1, 4, '2017-03-27 01:22:09', 0),
(36, 37, 'User Ticket History', 'User Avinash  Bala created a ticket - TICKT-037 on 27-03-2017', 3, 1, 4, '2017-03-27 01:23:13', 0),
(37, 38, 'User Ticket History', 'User created a ticket - TICKT-038 on 27-03-2017', 9, 1, 4, '2017-03-27 02:51:17', 0),
(38, 39, 'User Ticket History', 'User created a ticket - TICKT-039 on 27-03-2017', 10, 1, 4, '2017-03-27 03:01:52', 0),
(39, 40, 'User Ticket History', 'User Nithin  Benny created a ticket - TICKT-040 on 28-03-2017', 1, 1, 4, '2017-03-28 10:14:51', 0),
(40, 40, 'TICKT-040 - POC to Dept. Head', 'POC Vishnu  Prasad assigned ticket - TICKT-040 to Dept Head.', 9, 2, 5, '2017-03-28 10:17:30', 1),
(41, 40, 'TICKT-040 - Dept Head to Dept. Employee', 'Dept Head Akhil  John assigned ticket - TICKT-040 to Dept Employee.', 10, 4, 6, '2017-03-28 10:19:38', 2),
(42, 40, 'TICKT-040 - Ticket Resolved', 'Ticket - TICKT-040 has been resolved by Adwit  Prakash', 6, 11, 3, '2017-03-28 10:21:36', 3),
(43, 41, 'User Ticket History', 'User Nithin  Benny created a ticket - TICKT-041 on 28-03-2017', 1, 1, 4, '2017-03-28 10:46:45', 0),
(44, 41, 'TICKT-041 - POC to Dept. Head', 'POC Jibin  John assigned ticket - TICKT-041 to Dept Head.', 22, 2, 5, '2017-03-28 10:47:20', 1),
(45, 41, 'TICKT-041 - Ticket Resolved', 'Ticket - TICKT-041 has been resolved by Arun  George', 17, 11, 6, '2017-03-28 10:48:19', 2),
(46, 41, 'TICKT-041 - Reject the resolution (Re-Assign)', 'Issue found on resolved ticket - TICKT-041 and Jibin  John re-assign to same person who resolved.', 22, 13, 5, '2017-03-28 10:48:33', 3),
(47, 41, 'TICKT-041 - Dept Head to Dept. Employee', 'Dept Head Arun  George assigned ticket - TICKT-041 to Dept Employee.', 17, 4, 6, '2017-03-28 10:49:16', 4),
(48, 41, 'TICKT-041 - Ticket Resolved', 'Ticket - TICKT-041 has been resolved by Bonis  A', 19, 11, 3, '2017-03-28 10:49:32', 5),
(49, 41, 'Proceed to POC', 'POC Jibin  John verified and closed the ticket', 22, 12, 5, '2017-03-28 10:49:45', 6),
(50, 42, 'User Ticket History', 'User Nithin  Benny created a ticket - TICKT-042 on 28-03-2017', 1, 1, 4, '2017-03-28 12:01:44', 0),
(51, 43, 'User Ticket History', 'User Nithin  Benny created a ticket - TICKT-043 on 28-03-2017', 1, 1, 4, '2017-03-28 12:29:51', 0),
(52, 44, 'User Ticket History', 'User Nithin  Benny created a ticket - TICKT-044 on 28-03-2017', 1, 1, 4, '2017-03-28 01:18:11', 0),
(53, 45, 'Ticket splitting history', 'Ticket split no: 1. fdhehjdtr', 9, 2, 5, '2017-03-28 01:18:56', 1),
(54, 46, 'Ticket splitting history', 'Ticket split no: 2. fsxngfs', 9, 2, 5, '2017-03-28 01:19:06', 1),
(55, 47, 'Ticket splitting history', 'Ticket split no: 3. fsgnhdfsj', 9, 2, 5, '2017-03-28 01:19:15', 1),
(56, 48, 'Ticket splitting history', 'Ticket split no: 4. fgdsnj', 9, 2, 5, '2017-03-28 01:19:25', 1),
(57, 49, 'User Ticket History', 'User Nithin  Benny created a ticket - TICKT-049 on 28-03-2017', 1, 1, 4, '2017-03-28 02:11:49', 0),
(58, 49, 'TICKT-049 - POC to Dept. Head', 'POC Jibin  John assigned ticket - TICKT-049 to Dept Head.', 22, 2, 5, '2017-03-28 02:23:10', 1),
(59, 49, 'TICKT-049 - Dept Head to Dept. Employee', 'Dept Head Hani  H assigned ticket - TICKT-049 to Dept Employee.', 23, 4, 6, '2017-03-28 02:27:49', 2),
(60, 49, 'TICKT-049 - Dept Head to Dept. Employee', 'Dept Head Hani  H assigned ticket - TICKT-049 to Dept Employee.', 23, 4, 6, '2017-03-28 02:29:28', 3),
(61, 50, 'User Ticket History', 'User created a ticket - TICKT-050 on 31-03-2017', 4, 1, 4, '2017-03-31 01:28:26', 0),
(62, 51, 'User Ticket History', 'User created a ticket - TICKT-051 on 31-03-2017', 5, 1, 4, '2017-03-31 01:30:06', 0),
(63, 52, 'User Ticket History', 'User created a ticket - TICKT-052 on 31-03-2017', 6, 1, 4, '2017-03-31 03:47:25', 0),
(64, 44, 'TICKT-044 - POC to Dept. Head', 'POC Vishnu  Prasad assigned ticket - TICKT-044 to Dept Head.', 9, 2, 5, '2017-04-03 06:12:46', 1),
(65, 53, 'User Ticket History', 'User Nithin  Benny created a ticket - TICKT-053 on 03-04-2017', 1, 1, 4, '2017-04-03 07:57:51', 0),
(66, 54, 'User Ticket History', 'User created a ticket - TICKT-054 on 04-04-2017', 7, 1, 4, '2017-04-04 07:26:57', 0),
(67, 54, 'TICKT-054 - POC to Dept. Head', 'POC Manoj  P assigned ticket - TICKT-054 to Dept Head.', 29, 2, 5, '2017-04-04 11:22:29', 1),
(68, 54, 'TICKT-054 - Dept Head to Dept. Employee', 'Dept Head Rijo  Joseph assigned ticket - TICKT-054 to Dept Employee.', 30, 4, 6, '2017-04-04 11:23:05', 2),
(69, 54, 'TICKT-054 - Ticket Resolved', 'Ticket - TICKT-054 has been resolved by Sibi  Thomas', 31, 11, 3, '2017-04-04 11:23:47', 3),
(70, 54, 'Proceed to POC', 'POC Manoj  P verified and closed the ticket', 29, 12, 5, '2017-04-04 11:24:29', 4),
(71, 54, 'Proceed to POC', 'User Afsal  KK has been resolved successfully.', 7, 14, 4, '2017-04-04 11:24:58', 5),
(72, 55, 'User Ticket History', 'User Ramjith  R created a ticket - TICKT-055 on 04-04-2017', 7, 1, 4, '2017-04-04 11:27:15', 0),
(73, 56, 'User Ticket History', 'User Ramjith  R created a ticket - TICKT-056 on 04-04-2017', 7, 1, 4, '2017-04-04 11:52:23', 0),
(74, 56, 'TICKT-056 - POC to Dept. Head', 'POC Manoj  P assigned ticket - TICKT-056 to Dept Head.', 29, 2, 5, '2017-04-04 02:08:33', 1),
(75, 56, 'TICKT-056 - Dept Head to Dept. Employee', 'Dept Head Rijo  Joseph assigned ticket - TICKT-056 to Dept Employee.', 30, 4, 6, '2017-04-04 02:09:10', 2),
(76, 43, 'TICKT-043 - POC to Dept. Head', 'POC Jibin  John assigned ticket - TICKT-043 to Dept Head.', 22, 2, 5, '2017-04-06 04:11:32', 1),
(77, 57, 'Ticket splitting history', 'Ticket split no: 1. cc', 22, 2, 5, '2017-05-10 09:18:20', 1),
(78, 58, 'Ticket splitting history', 'Ticket split no: 2. xw2', 22, 2, 5, '2017-05-10 09:18:34', 1),
(79, 59, 'Ticket splitting history', 'Ticket split no: 3. dd', 22, 2, 5, '2017-05-10 09:18:51', 1),
(80, 20, 'TICKT-020 - Dept Head to Dept. Employee', 'Dept Head Hani  H assigned ticket - TICKT-020 to Dept Employee.', 23, 4, 6, '2017-05-15 09:34:14', 2),
(81, 20, 'TICKT-020 - Ticket Resolved', 'Ticket - TICKT-020 has been resolved by Dheeraj  S', 20, 11, 3, '2017-05-15 09:36:04', 3),
(82, 60, 'Ticket splitting history', 'Ticket split no: 1. cdfgsg', 29, 2, 5, '2017-05-15 10:26:06', 1),
(83, 61, 'Ticket splitting history', 'Ticket split no: 2. rwg', 29, 2, 5, '2017-05-15 10:26:17', 1),
(84, 61, 'TICKT-061 - Dept Head to Dept. Employee', 'Dept Head Rijo  Joseph assigned ticket - TICKT-061 to Dept Employee.', 30, 4, 6, '2017-05-15 10:27:56', 2),
(85, 62, 'User Ticket History', 'User Nithin  Benny created a ticket - TICKT-062 on 17-05-2017', 1, 1, 4, '2017-05-17 02:54:37', 0),
(86, 63, 'User Ticket History', 'User  created a ticket - TICKT-063 on 17-05-2017', 30, 1, 6, '2017-05-17 05:01:06', 0),
(87, 64, 'User Ticket History', 'User Navas  S created a ticket - TICKT-064 on 17-05-2017', 2, 1, 4, '2017-05-17 05:04:27', 0),
(88, 65, 'User Ticket History', 'User Nithin  Benny created a ticket - TICKT-065 on 17-05-2017', 1, 1, 4, '2017-05-17 05:05:31', 0),
(89, 66, 'User Ticket History', 'User Nithin  Benny created a ticket - TICKT-066 on 17-05-2017', 1, 1, 4, '2017-05-17 05:06:21', 0),
(90, 67, 'User Ticket History', 'User created a ticket - TICKT-067 on 17-05-2017', 11, 1, 4, '2017-05-17 01:37:24', 0),
(91, 68, 'User Ticket History', 'User created a ticket - TICKT-068 on 17-05-2017', 12, 1, 4, '2017-05-17 01:39:11', 0),
(92, 69, 'User Ticket History', 'User created a ticket - TICKT-069 on 17-05-2017', 13, 1, 4, '2017-05-17 01:41:13', 0),
(93, 70, 'User Ticket History', 'User created a ticket - TICKT-070 on 17-05-2017', 14, 1, 4, '2017-05-17 01:44:15', 0),
(94, 71, 'User Ticket History', 'User created a ticket - TICKT-071 on 17-05-2017', 15, 1, 4, '2017-05-17 01:45:59', 0),
(95, 73, 'User Ticket History', 'User created a ticket - TICKT-073 on 17-05-2017', 20, 1, 4, '2017-05-17 01:47:53', 0),
(96, 74, 'User Ticket History', 'User created a ticket - TICKT-074 on 17-05-2017', 21, 1, 4, '2017-05-17 01:48:03', 0),
(97, 76, 'User Ticket History', 'User created a ticket - TICKT-076 on 17-05-2017', 26, 1, 4, '2017-05-17 01:51:06', 0),
(98, 77, 'User Ticket History', 'User Nithin  Benny created a ticket - TICKT-077 on 19-05-2017', 1, 1, 4, '2017-05-19 06:01:52', 0),
(99, 78, 'User Ticket History', 'User created a ticket - TICKT-078 on 19-05-2017', 27, 1, 4, '2017-05-19 02:32:38', 0),
(100, 79, 'User Ticket History', 'User created a ticket - TICKT-079 on 12-06-2017', 28, 1, 4, '2017-06-12 02:39:01', 0),
(101, 80, 'User Ticket History', 'User Nithin  Benny created a ticket - TICKT-080 on 13-06-2017', 1, 1, 4, '2017-06-13 11:47:46', 0),
(102, 81, 'User Ticket History', 'User Nithin  Benny created a ticket - TICKT-081 on 13-06-2017', 1, 1, 4, '2017-06-13 11:48:32', 0),
(103, 81, 'TICKT-081 - POC to Dept. Head', 'POC Jibin  John assigned ticket - TICKT-081 to Dept Head.', 22, 2, 5, '2017-06-13 01:12:46', 1),
(104, 80, 'TICKT-080 - POC to Dept. Head', 'POC Jibin  John assigned ticket - TICKT-080 to Dept Head.', 22, 2, 5, '2017-06-13 01:19:23', 1),
(105, 82, 'User Ticket History', 'User created a ticket - TICKT-082 on 14-06-2017', 30, 1, 4, '2017-06-14 08:43:10', 0),
(106, 79, 'TICKT-079 - POC to Dept. Head', 'POC Jibin  John assigned ticket - TICKT-079 to Dept Head.', 22, 2, 5, '2017-06-14 02:22:43', 1),
(107, 78, 'TICKT-078 - POC to Dept. Head', 'POC Jibin  John assigned ticket - TICKT-078 to Dept Head.', 22, 2, 5, '2017-06-14 03:33:15', 1),
(108, 77, 'Forwared to Mananger', 'POC Jibin  John requested for management approval', 22, 5, 5, '2017-06-14 04:23:13', 1),
(109, 64, 'Proceed to POC', 'POC Jibin  John rejected the ticket', 22, 9, 5, '2017-06-14 04:25:50', 1),
(110, 81, 'TICKT-081 - Dept Head to Dept. Employee', 'Dept Head Hani  H assigned ticket - TICKT-081 to Dept Employee.', 23, 4, 6, '2017-06-14 04:42:14', 2),
(111, 81, 'TICKT-081 - Ticket Resolved', 'Ticket - TICKT-081 has been resolved by Abin  John', 14, 11, 3, '2017-06-14 04:44:44', 3),
(112, 81, 'Proceed to POC', 'POC Jibin  John verified and closed the ticket', 22, 12, 5, '2017-06-14 04:50:15', 4),
(113, 62, 'Forwared to Mananger', 'POC Jibin  John requested for management approval', 22, 5, 5, '2017-06-15 10:07:00', 1),
(114, 38, 'Forwared to Mananger', 'POC Jibin  John requested for management approval', 22, 5, 5, '2017-06-15 10:08:10', 1),
(115, 83, 'Ticket splitting history', 'Ticket split no: 1. 1111111', 22, 2, 5, '2017-06-15 10:19:08', 1),
(116, 84, 'Ticket splitting history', 'Ticket split no: 2. 2222222222222222222', 22, 2, 5, '2017-06-15 10:19:28', 1),
(117, 85, 'User Ticket History', 'User created a ticket - TICKT-085 on 15-06-2017', 1, 1, 4, '2017-06-15 03:22:41', 0),
(118, 86, 'User Ticket History', 'User created a ticket - TICKT-086 on 15-06-2017', 1, 1, 4, '2017-06-15 03:30:39', 0),
(119, 87, 'User Ticket History', 'User created a ticket - TICKT-087 on 15-06-2017', 32, 1, 4, '2017-06-15 12:08:04', 0),
(120, 88, 'User Ticket History', 'User created a ticket - TICKT-088 on 15-06-2017', 1, 1, 4, '2017-06-15 04:34:45', 0),
(121, 89, 'User Ticket History', 'User created a ticket - TICKT-089 on 15-06-2017', 1, 1, 4, '2017-06-15 04:54:05', 0),
(122, 90, 'User Ticket History', 'User created a ticket - TICKT-090 on 15-06-2017', 33, 1, 4, '2017-06-15 01:38:51', 0),
(123, 91, 'User Ticket History', 'User created a ticket - TICKT-091 on 15-06-2017', 34, 1, 4, '2017-06-15 01:43:16', 0),
(124, 92, 'User Ticket History', 'User created a ticket - TICKT-092 on 15-06-2017', 35, 1, 4, '2017-06-15 01:46:39', 0),
(125, 93, 'User Ticket History', 'User created a ticket - TICKT-093 on 15-06-2017', 36, 1, 4, '2017-06-15 02:05:37', 0),
(126, 94, 'User Ticket History', 'User created a ticket - TICKT-094 on 15-06-2017', 37, 1, 4, '2017-06-15 02:09:06', 0),
(127, 95, 'User Ticket History', 'User created a ticket - TICKT-095 on 15-06-2017', 38, 1, 4, '2017-06-15 02:15:47', 0),
(128, 96, 'User Ticket History', 'User created a ticket - TICKT-096 on 15-06-2017', 39, 1, 4, '2017-06-15 02:17:05', 0),
(129, 97, 'User Ticket History', 'User created a ticket - TICKT-097 on 15-06-2017', 40, 1, 4, '2017-06-15 02:23:42', 0),
(130, 98, 'User Ticket History', 'User created a ticket - TICKT-098 on 15-06-2017', 41, 1, 4, '2017-06-15 02:37:44', 0),
(131, 99, 'User Ticket History', 'User created a ticket - TICKT-099 on 15-06-2017', 42, 1, 4, '2017-06-15 02:41:02', 0),
(132, 100, 'User Ticket History', 'User created a ticket - TICKT-100 on 15-06-2017', 43, 1, 4, '2017-06-15 02:42:06', 0),
(133, 101, 'User Ticket History', 'User created a ticket - TICKT-101 on 15-06-2017', 44, 1, 4, '2017-06-15 02:44:08', 0),
(134, 102, 'User Ticket History', 'User created a ticket - TICKT-102 on 15-06-2017', 45, 1, 4, '2017-06-15 02:46:58', 0),
(135, 103, 'User Ticket History', 'User created a ticket - TICKT-103 on 15-06-2017', 47, 1, 4, '2017-06-15 03:02:27', 0),
(136, 104, 'User Ticket History', 'User created a ticket - TICKT-104 on 15-06-2017', 48, 1, 4, '2017-06-15 03:12:20', 0),
(137, 105, 'User Ticket History', 'User created a ticket - TICKT-105 on 15-06-2017', 49, 1, 4, '2017-06-15 03:13:27', 0),
(138, 106, 'User Ticket History', 'User created a ticket - TICKT-106 on 15-06-2017', 50, 1, 4, '2017-06-15 03:27:18', 0),
(139, 107, 'User Ticket History', 'User created a ticket - TICKT-107 on 15-06-2017', 51, 1, 4, '2017-06-15 03:30:51', 0),
(140, 108, 'User Ticket History', 'User created a ticket - TICKT-108 on 15-06-2017', 52, 1, 4, '2017-06-15 03:37:35', 0),
(141, 109, 'User Ticket History', 'User created a ticket - TICKT-109 on 15-06-2017', 53, 1, 4, '2017-06-15 03:42:46', 0),
(142, 110, 'User Ticket History', 'User created a ticket - TICKT-110 on 15-06-2017', 54, 1, 4, '2017-06-15 03:43:14', 0),
(143, 111, 'User Ticket History', 'User created a ticket - TICKT-111 on 15-06-2017', 55, 1, 4, '2017-06-15 03:45:06', 0),
(144, 112, 'User Ticket History', 'User created a ticket - TICKT-112 on 15-06-2017', 56, 1, 4, '2017-06-15 03:46:17', 0),
(145, 113, 'User Ticket History', 'User created a ticket - TICKT-113 on 15-06-2017', 57, 1, 4, '2017-06-15 03:48:45', 0),
(146, 114, 'User Ticket History', 'User created a ticket - TICKT-114 on 16-06-2017', 58, 1, 4, '2017-06-16 06:51:49', 0),
(147, 115, 'User Ticket History', 'User created a ticket - TICKT-115 on 16-06-2017', 59, 1, 4, '2017-06-16 06:52:28', 0),
(148, 116, 'User Ticket History', 'User created a ticket - TICKT-116 on 16-06-2017', 60, 1, 4, '2017-06-16 06:57:38', 0),
(149, 117, 'User Ticket History', 'User created a ticket - TICKT-117 on 07-07-2017', 61, 1, 4, '2017-07-07 09:04:24', 0),
(150, 118, 'User Ticket History', 'User created a ticket - TICKT-118 on 07-07-2017', 61, 1, 4, '2017-07-07 01:39:52', 0),
(151, 119, 'User Ticket History', 'User created a ticket - TICKT-119 on 07-07-2017', 2, 1, 4, '2017-07-07 02:10:02', 0),
(152, 120, 'User Ticket History', 'User created a ticket - TICKT-120 on 07-07-2017', 2, 1, 4, '2017-07-07 02:10:28', 0),
(153, 121, 'Ticket splitting history', 'Ticket split no: 1. bgdfnbsdfnh', 22, 2, 5, '2017-07-07 02:14:18', 1),
(154, 122, 'Ticket splitting history', 'Ticket split no: 2. dfbbg', 22, 2, 5, '2017-07-07 02:14:31', 1),
(155, 118, 'Forwared to Mananger', 'POC Jibin  John requested for management approval', 22, 5, 5, '2017-07-07 02:54:55', 1),
(156, 118, 'Proceed to POC', 'Mananger George  G approved and forwared to POC.', 21, 6, 7, '2017-07-07 04:14:12', 2),
(157, 118, 'TICKT-118 - POC to Dept. Head', 'POC Jibin  John assigned ticket - TICKT-118 to Dept Head.', 22, 2, 5, '2017-07-07 04:14:48', 3),
(158, 118, 'TICKT-118 - Dept Head to Dept. Employee', 'Dept Head Manu  Thomas assigned ticket - TICKT-118 to Dept Employee.', 24, 4, 6, '2017-07-07 04:15:45', 4),
(159, 123, 'User Ticket History', 'User created a ticket - TICKT-123 on 07-07-2017', 2, 1, 4, '2017-07-07 05:23:45', 0),
(160, 123, 'Forwared to Mananger', 'POC Jibin  John requested for management approval', 22, 5, 5, '2017-07-11 02:21:31', 1),
(161, 119, 'Forwared to Mananger', 'POC Jibin  John requested for management approval', 22, 5, 5, '2017-07-11 03:03:34', 1),
(162, 119, 'Forwared to Mananger', 'POC Jibin  John requested for management approval', 22, 5, 5, '2017-07-11 03:11:09', 2),
(163, 119, 'Forwared to Mananger', 'POC Jibin  John requested for management approval', 22, 5, 5, '2017-07-11 03:20:25', 3),
(164, 119, 'Proceed to POC', 'Mananger George  G rejected and forwared to POC.', 21, 7, 7, '2017-07-11 03:20:58', 4),
(165, 119, 'Proceed to POC', 'POC Jibin  John closed due to management approval', 22, 8, 5, '2017-07-11 03:21:31', 5),
(166, 116, 'Proceed to POC', 'POC Jibin  John rejected the ticket', 22, 9, 5, '2017-07-11 03:33:52', 1),
(167, 124, 'User Ticket History', 'User created a ticket - TICKT-124 on 12-07-2017', 1, 1, 4, '2017-07-12 12:22:39', 0),
(168, 125, 'User Ticket History', 'User created a ticket - TICKT-125 on 12-07-2017', 2, 1, 4, '2017-07-12 12:37:52', 0),
(169, 125, 'TICKT-125 - POC to Dept. Head', 'POC Jibin  John assigned ticket - TICKT-125 to Dept Head.', 22, 2, 5, '2017-07-12 12:46:29', 1),
(170, 125, 'TICKT-125 - Ticket Resolved', 'Ticket - TICKT-125 has been resolved by Arun  George', 17, 11, 6, '2017-07-12 12:48:19', 2),
(171, 125, 'TICKT-125 - Reject the resolution (Re-Assign)', 'Issue found on resolved ticket - TICKT-125 and Jibin  John re-assign to Arun  George', 22, 13, 5, '2017-07-12 12:48:45', 3),
(172, 125, 'TICKT-125 - Ticket Resolved', 'Ticket - TICKT-125 has been resolved by Arun  George', 17, 11, 6, '2017-07-12 12:49:28', 4),
(173, 125, 'Proceed to POC', 'POC Jibin  John verified and closed the ticket', 22, 12, 5, '2017-07-12 12:49:50', 5),
(174, 125, 'User Accepted', 'User Navas S has been successfully accepted the closure.', 2, 14, 4, '2017-07-12 12:50:14', 6),
(175, 126, 'User Ticket History', 'User created a ticket - TICKT-126 on 14-07-2017', 62, 1, 4, '2017-07-14 07:17:18', 0),
(176, 127, 'User Ticket History', 'User created a ticket - TICKT-127 on 14-07-2017', 2, 1, 4, '2017-07-14 11:48:12', 0),
(177, 128, 'User Ticket History', 'User created a ticket - TICKT-128 on 14-07-2017', 2, 1, 4, '2017-07-14 12:17:16', 0),
(178, 129, 'User Ticket History', 'User created a ticket - TICKT-129 on 14-07-2017', 2, 1, 4, '2017-07-14 12:17:43', 0),
(179, 130, 'User Ticket History', 'User created a ticket - TICKT-130 on 14-07-2017', 2, 1, 4, '2017-07-14 12:22:49', 0),
(180, 131, 'User Ticket History', 'User created a ticket - TICKT-131 on 14-07-2017', 63, 1, 4, '2017-07-14 01:12:15', 0),
(181, 132, 'User Ticket History', 'User created a ticket - TICKT-132 on 14-07-2017', 63, 1, 4, '2017-07-14 04:43:39', 0),
(182, 133, 'User Ticket History', 'User created a ticket - TICKT-133 on 16-07-2017', 64, 1, 4, '2017-07-16 08:18:18', 0),
(183, 134, 'User Ticket History', 'User created a ticket - TICKT-134 on 16-07-2017', 64, 1, 4, '2017-07-16 11:55:02', 0),
(184, 135, 'User Ticket History', 'User created a ticket - TICKT-135 on 16-07-2017', 64, 1, 4, '2017-07-16 01:42:58', 0),
(185, 136, 'Ticket splitting history', 'Ticket split no: 1. dsewfa', 87, 2, 5, '2017-07-16 01:43:56', 1),
(186, 137, 'Ticket splitting history', 'Ticket split no: 2. faewf', 87, 2, 5, '2017-07-16 01:44:11', 1),
(187, 137, 'TICKT-137 - Dept Head to Dept. Employee', 'Dept Head dephead  wet assigned ticket - TICKT-137 to Dept Employee.', 89, 4, 6, '2017-07-16 01:53:08', 2),
(188, 134, 'Forwared to Mananger', 'POC poc  wet requested for management approval', 87, 5, 5, '2017-07-16 02:49:14', 1),
(189, 133, 'Forwared to Mananger', 'POC poc  wet requested for management approval', 87, 5, 5, '2017-07-16 02:49:43', 1),
(190, 132, 'Forwared to Mananger', 'POC poc  wet requested for management approval', 87, 5, 5, '2017-07-16 03:09:25', 1),
(191, 132, 'Proceed to POC', 'Mananger manager  wet approved and forwared to POC.', 88, 6, 7, '2017-07-16 03:10:41', 2),
(192, 132, 'TICKT-132 - POC to Dept. Head', 'POC poc  wet assigned ticket - TICKT-132 to Dept Head.', 87, 2, 5, '2017-07-16 03:11:23', 3),
(193, 131, 'Forwared to Mananger', 'POC poc  wet requested for management approval', 87, 5, 5, '2017-07-16 03:15:57', 1),
(194, 131, 'Proceed to POC', 'Mananger manager  wet approved and forwared to POC.', 88, 6, 7, '2017-07-16 03:31:38', 2),
(195, 138, 'User Ticket History', 'User created a ticket - TICKT-138 on 18-07-2017', 64, 1, 4, '2017-07-18 11:34:05', 0),
(196, 139, 'User Ticket History', 'User created a ticket - TICKT-139 on 18-07-2017', 64, 1, 4, '2017-07-18 11:34:41', 0),
(197, 143, 'User Ticket History', 'User created a ticket - TICKT-143 on 18-07-2017', 64, 1, 4, '2017-07-18 02:34:42', 0),
(198, 143, 'Forwared to Mananger', 'POC poc  wet requested for management approval', 87, 5, 5, '2017-07-18 02:35:18', 1),
(199, 143, 'Proceed to POC', 'Mananger manager  wet approved and forwared to POC.', 88, 6, 7, '2017-07-18 02:36:15', 2),
(200, 144, 'User Ticket History', 'User created a ticket - TICKT-144 on 18-07-2017', 64, 1, 4, '2017-07-18 02:39:37', 0),
(201, 144, 'Forwared to Mananger', 'POC poc  wet requested for management approval', 87, 5, 5, '2017-07-18 02:40:20', 1),
(202, 144, 'Proceed to POC', 'Mananger manager  wet approved and forwared to POC.', 88, 6, 7, '2017-07-18 03:05:17', 2),
(203, 145, 'User Ticket History', 'User created a ticket - TICKT-145 on 18-07-2017', 64, 1, 4, '2017-07-18 05:18:49', 0),
(204, 146, 'User Ticket History', 'User created a ticket - TICKT-146 on 18-07-2017', 64, 1, 4, '2017-07-18 05:21:33', 0),
(205, 147, 'User Ticket History', 'User created a ticket - TICKT-147 on 18-07-2017', 67, 1, 4, '2017-07-18 02:00:25', 0),
(206, 148, 'User Ticket History', 'User created a ticket - TICKT-148 on 18-07-2017', 68, 1, 4, '2017-07-18 02:01:54', 0),
(207, 149, 'User Ticket History', 'User created a ticket - TICKT-149 on 18-07-2017', 94, 1, 4, '2017-07-18 03:46:37', 0),
(208, 150, 'User Ticket History', 'User created a ticket - TICKT-150 on 18-07-2017', 95, 1, 4, '2017-07-18 03:53:28', 0),
(209, 151, 'User Ticket History', 'User created a ticket - TICKT-151 on 19-07-2017', 129, 1, 4, '2017-07-19 12:17:06', 0),
(210, 152, 'User Ticket History', 'User created a ticket - TICKT-152 on 19-07-2017', 64, 1, 4, '2017-07-19 07:17:01', 0),
(211, 153, 'User Ticket History', 'User created a ticket - TICKT-153 on 21-07-2017', 64, 1, 4, '2017-07-21 12:18:25', 0),
(212, 153, 'TICKT-153 - POC to Dept. Head', 'POC poc  wet assigned ticket - TICKT-153 to Dept Head.', 87, 2, 5, '2017-07-21 12:18:47', 1),
(213, 153, 'TICKT-153 - Dept Head to Dept. Employee', 'Dept Head dephead  wet assigned ticket - TICKT-153 to Dept Employee.', 89, 4, 6, '2017-07-21 12:19:06', 2),
(214, 153, 'TICKT-153 - Ticket Resolved', 'Ticket - TICKT-153 has been resolved by emp  wet', 90, 11, 3, '2017-07-21 12:21:05', 3),
(215, 153, 'Proceed to POC', 'POC poc  wet verified and closed the ticket', 87, 12, 5, '2017-07-21 12:21:30', 4),
(216, 153, 'User Accepted', 'User www wet has been successfully accepted the closure.', 64, 14, 4, '2017-07-21 02:51:51', 5),
(217, 153, 'User Accepted', 'User www wet has been successfully accepted the closure.', 64, 14, 4, '2017-07-21 02:53:43', 6),
(218, 153, 'User Accepted', 'User www wet has been successfully accepted the closure.', 64, 14, 4, '2017-07-21 03:05:31', 7),
(219, 153, 'User Accepted', 'User www wet has been successfully accepted the closure.', 64, 14, 4, '2017-07-21 03:12:30', 8),
(220, 153, 'User Accepted', 'User www wet has been successfully accepted the closure.', 64, 14, 4, '2017-07-21 03:14:02', 9),
(221, 153, 'User Accepted', 'User www wet has been successfully accepted the closure.', 64, 14, 4, '2017-07-21 03:15:49', 10),
(222, 153, 'User Accepted', 'User www wet has been successfully accepted the closure. ', 64, 14, 4, '2017-07-21 03:39:57', 11),
(223, 154, 'User Ticket History', 'User created a ticket - TICKT-154 on 02-08-2017', 2, 1, 4, '2017-08-02 03:31:03', 0),
(224, 155, 'User Ticket History', 'User created a ticket - TICKT-155 on 03-08-2017', 138, 1, 4, '2017-08-03 11:03:26', 0),
(225, 156, 'User Ticket History', 'User created a ticket - TICKT-156 on 03-08-2017', 138, 1, 4, '2017-08-03 06:03:03', 0),
(226, 157, 'Ticket splitting history', 'Ticket split no: 1. bdsh', 87, 2, 5, '2017-08-04 07:04:23', 1),
(227, 158, 'Ticket splitting history', 'Ticket split no: 2. vfd', 87, 2, 5, '2017-08-04 07:04:33', 1),
(228, 159, 'Ticket splitting history', 'Ticket split no: 1. vgfrsg', 87, 2, 5, '2017-08-04 07:27:50', 1),
(229, 160, 'Ticket splitting history', 'Ticket split no: 2. bdbdfv', 87, 2, 5, '2017-08-04 07:28:02', 1),
(230, 161, 'Ticket splitting history', 'Ticket split no: 1. vcdswf', 87, 2, 5, '2017-08-04 07:51:32', 1),
(231, 162, 'Ticket splitting history', 'Ticket split no: 1. dsa', 87, 2, 5, '2017-08-04 07:55:51', 1),
(232, 163, 'User Ticket History', 'User created a ticket - TICKT-163 on 04-08-2017', 1, 1, 4, '2017-08-04 09:44:32', 0),
(233, 164, 'User Ticket History', 'User created a ticket - TICKT-164 on 04-08-2017', 1, 1, 4, '2017-08-04 09:48:27', 0),
(234, 165, 'User Ticket History', 'User created a ticket - TICKT-165 on 04-08-2017', 1, 1, 4, '2017-08-04 10:30:05', 0),
(235, 166, 'User Ticket History', 'User created a ticket - TICKT-166 on 05-08-2017', 138, 1, 4, '2017-08-05 11:15:42', 0),
(236, 166, 'TICKT-166 - POC to Dept. Head', 'POC poc  wet assigned ticket - TICKT-166 to Dept Head.', 87, 2, 5, '2017-08-05 11:16:28', 1),
(237, 166, 'TICKT-166 - Dept Head to Dept. Employee', 'Dept Head dephead  wet assigned ticket - TICKT-166 to Dept Employee.', 89, 4, 6, '2017-08-05 11:18:08', 2),
(238, 166, 'TICKT-166 - Ticket Resolved', 'Ticket - TICKT-166 has been resolved by emp  wet', 90, 11, 3, '2017-08-05 11:18:32', 3),
(239, 166, 'TICKT-166 - Reject the resolution (Re-Assign)', 'Issue found on resolved ticket - TICKT-166 and poc  wet re-assign to emp  wet', 87, 13, 5, '2017-08-05 11:19:02', 4),
(240, 166, 'TICKT-166 - Ticket Resolved', 'Ticket - TICKT-166 has been resolved by emp  wet', 90, 11, 3, '2017-08-05 11:19:24', 5),
(241, 166, 'Proceed to POC', 'POC poc  wet verified and closed the ticket', 87, 12, 5, '2017-08-05 11:25:28', 6),
(242, 166, 'User Accepted', 'User Normal User has been successfully accepted the closure. ', 138, 14, 4, '2017-08-05 11:26:51', 7),
(243, 167, 'User Ticket History', 'User created a ticket - TICKT-167 on 05-08-2017', 138, 1, 4, '2017-08-05 12:39:54', 0),
(244, 168, 'Ticket splitting history', 'Ticket split no: 1. frwfw', 87, 2, 5, '2017-08-05 12:41:13', 1),
(245, 169, 'Ticket splitting history', 'Ticket split no: 2. dfhd', 87, 2, 5, '2017-08-05 12:41:25', 1),
(246, 170, 'User Ticket History', 'User created a ticket - TICKT-170 on 05-08-2017', 138, 1, 4, '2017-08-05 12:46:20', 0),
(247, 171, 'User Ticket History', 'User created a ticket - TICKT-171 on 07-08-2017', 138, 1, 4, '2017-08-07 10:30:13', 0),
(248, 172, 'User Ticket History', 'User created a ticket - TICKT-172 on 07-08-2017', 138, 1, 4, '2017-08-07 10:36:41', 0),
(249, 173, 'User Ticket History', 'User created a ticket - TICKT-173 on 07-08-2017', 138, 1, 4, '2017-08-07 10:44:51', 0),
(250, 174, 'User Ticket History', 'User created a ticket - TICKT-174 on 07-08-2017', 138, 1, 4, '2017-08-07 11:06:17', 0),
(251, 175, 'User Ticket History', 'User created a ticket - TICKT-175 on 07-08-2017', 138, 1, 4, '2017-08-07 11:35:38', 0),
(252, 176, 'User Ticket History', 'User created a ticket - TICKT-176 on 07-08-2017', 138, 1, 4, '2017-08-07 11:54:34', 0),
(253, 177, 'User Ticket History', 'User created a ticket - TICKT-177 on 07-08-2017', 138, 1, 4, '2017-08-07 01:08:34', 0),
(254, 178, 'User Ticket History', 'User created a ticket - TICKT-178 on 07-08-2017', 138, 1, 4, '2017-08-07 01:11:31', 0),
(255, 179, 'User Ticket History', 'User created a ticket - TICKT-179 on 07-08-2017', 141, 1, 4, '2017-08-07 01:24:59', 0),
(256, 180, 'User Ticket History', 'User created a ticket - TICKT-180 on 07-08-2017', 143, 1, 4, '2017-08-07 01:31:51', 0),
(257, 181, 'User Ticket History', 'User created a ticket - TICKT-181 on 07-08-2017', 143, 1, 4, '2017-08-07 03:49:20', 0),
(258, 182, 'User Ticket History', 'User created a ticket - TICKT-182 on 07-08-2017', 138, 1, 4, '2017-08-07 05:17:16', 0),
(259, 183, 'User Ticket History', 'User created a ticket - TICKT-183 on 07-08-2017', 138, 1, 4, '2017-08-07 06:06:05', 0),
(260, 183, 'TICKT-183 - POC to Dept. Head', 'POC POC  GHS assigned ticket - TICKT-183 to Dept Head.', 123, 2, 5, '2017-08-07 06:21:24', 1),
(261, 183, 'TICKT-183 - Dept Head to Dept. Employee', 'Dept Head Dept_Head_HS  GHS assigned ticket - TICKT-183 to Dept Employee.', 125, 4, 6, '2017-08-07 06:23:31', 2),
(262, 183, 'TICKT-183 - Ticket Resolved', 'Ticket - TICKT-183 has been resolved by Emp_HS_1  GHS', 127, 11, 3, '2017-08-07 06:24:22', 3),
(263, 183, 'Proceed to POC', 'POC POC  GHS verified and closed the ticket', 123, 12, 5, '2017-08-07 06:25:26', 4),
(264, 183, 'User Accepted', 'User Normal User has been successfully accepted the closure. ', 138, 14, 4, '2017-08-07 06:26:06', 5),
(265, 185, 'User Ticket History', 'User created a ticket - TICKT-185 on 09-08-2017', 145, 1, 4, '2017-08-09 03:13:36', 0),
(266, 186, 'User Ticket History', 'User created a ticket - TICKT-186 on 09-08-2017', 146, 1, 4, '2017-08-09 03:14:21', 0),
(267, 169, 'TICKT-169 - Ticket Resolved', 'Ticket - TICKT-169 has been resolved by dephead  wet', 89, 11, 6, '2017-08-09 04:50:02', 2),
(268, 187, 'Ticket splitting history', 'Ticket split no: 1. ghdes', 123, 2, 5, '2017-08-09 06:54:21', 1),
(269, 185, 'TICKT-185 - POC to Dept. Head', 'POC POC  GHS assigned ticket - TICKT-185 to Dept Head.', 123, 2, 5, '2017-08-09 07:46:03', 1),
(270, 187, 'TICKT-187 - Dept Head to Dept. Employee', 'Dept Head Dept_Head_HS  GHS assigned ticket - TICKT-187 to Dept Employee.', 125, 4, 6, '2017-08-10 01:25:44', 2),
(271, 187, 'TICKT-187 - Ticket Resolved', 'Ticket - TICKT-187 has been resolved by Emp_HS_1  GHS', 127, 11, 3, '2017-08-10 01:26:01', 3),
(272, 187, 'Proceed to POC', 'POC POC  GHS verified and closed the ticket', 123, 12, 5, '2017-08-10 01:26:21', 4),
(273, 188, 'User Ticket History', 'User created a ticket - TICKT-188 on 10-08-2017', 138, 1, 4, '2017-08-10 01:30:32', 0),
(274, 188, 'TICKT-188 - POC to Dept. Head', 'POC POC  GHS assigned ticket - TICKT-188 to Dept Head.', 123, 2, 5, '2017-08-10 01:30:59', 1),
(275, 188, 'TICKT-188 - Dept Head to Dept. Employee', 'Dept Head Dept_Head_HS  GHS assigned ticket - TICKT-188 to Dept Employee.', 125, 4, 6, '2017-08-10 01:31:16', 2),
(276, 188, 'TICKT-188 - Ticket Resolved', 'Ticket - TICKT-188 has been resolved by Emp_HS_1  GHS', 127, 11, 3, '2017-08-10 01:31:31', 3),
(277, 188, 'Proceed to POC', 'POC POC  GHS verified and closed the ticket', 123, 12, 5, '2017-08-10 01:31:50', 4),
(278, 188, 'Proceed to POC', 'POC POC  GHS rejected the ticket', 123, 9, 5, '2017-08-10 03:08:20', 5),
(279, 175, 'TICKT-175 - POC to Dept. Head', 'POC poc  wet assigned ticket - TICKT-175 to Dept Head.', 87, 2, 5, '2017-08-11 01:14:22', 1),
(280, 175, 'TICKT-175 - Ticket Resolved', 'Ticket - TICKT-175 has been resolved by dephead  wet', 89, 11, 6, '2017-08-11 01:14:56', 2),
(281, 175, 'Proceed to POC', 'POC poc  wet verified and closed the ticket', 87, 12, 5, '2017-08-11 01:15:16', 3),
(282, 189, 'Ticket splitting history', 'Ticket split no: 1. vfdsg', 123, 2, 5, '2017-08-23 03:33:07', 1),
(283, 190, 'Ticket splitting history', 'Ticket split no: 2. vbfdb', 123, 2, 5, '2017-08-23 03:33:21', 1),
(284, 191, 'User Ticket History', 'User created a ticket - TICKT-191 on 25-08-2017', 138, 1, 4, '2017-08-25 07:07:38', 0),
(285, 192, 'User Ticket History', 'User created a ticket - TICKT-192 on 25-08-2017', 138, 1, 4, '2017-08-25 07:17:46', 0),
(286, 193, 'User Ticket History', 'User created a ticket - TICKT-193 on 25-08-2017', 147, 1, 4, '2017-08-25 07:21:32', 0),
(287, 194, 'User Ticket History', 'User created a ticket - TICKT-194 on 25-08-2017', 148, 1, 4, '2017-08-25 07:31:06', 0),
(288, 195, 'User Ticket History', 'User created a ticket - TICKT-195 on 25-08-2017', 149, 1, 4, '2017-08-25 07:33:41', 0),
(289, 196, 'User Ticket History', 'User created a ticket - TICKT-196 on 25-08-2017', 149, 1, 4, '2017-08-25 07:37:53', 0),
(290, 197, 'User Ticket History', 'User created a ticket - TICKT-197 on 29-08-2017', 138, 1, 4, '2017-08-29 10:38:41', 0),
(291, 197, 'TICKT-197 - POC to Dept. Head', 'POC POC  CMI assigned ticket - TICKT-197 to Dept Head.', 137, 2, 5, '2017-08-29 10:42:26', 1),
(292, 197, 'TICKT-197 - Dept Head to Dept. Employee', 'Dept Head Department Head  CMI assigned ticket - TICKT-197 to Dept Employee.', 139, 4, 6, '2017-08-29 10:47:51', 2),
(293, 197, 'TICKT-197 - Ticket Resolved', 'Ticket - TICKT-197 has been resolved by Employee LP  CMI', 141, 11, 3, '2017-08-29 10:49:24', 3),
(294, 197, 'TICKT-197 - Reject the resolution (Re-Assign)', 'Issue found on resolved ticket - TICKT-197 and POC  CMI re-assign to Employee LP  CMI', 137, 13, 5, '2017-08-29 11:03:37', 4),
(295, 197, 'TICKT-197 - Dept Head to Dept. Employee', 'Dept Head Department Head  CMI assigned ticket - TICKT-197 to Dept Employee.', 139, 4, 6, '2017-08-29 11:04:57', 5),
(296, 197, 'TICKT-197 - Ticket Resolved', 'Ticket - TICKT-197 has been resolved by Employee LP  CMI', 141, 11, 3, '2017-08-29 11:40:37', 6),
(297, 196, 'TICKT-196 - POC to Dept. Head', 'POC POC  CMI assigned ticket - TICKT-196 to Dept Head.', 137, 2, 5, '2017-08-29 11:48:49', 1),
(298, 196, 'TICKT-196 - POC to Dept. Head', 'POC POC  CMI assigned ticket - TICKT-196 to Dept Head.', 137, 2, 5, '2017-08-29 12:29:46', 2),
(299, 196, 'Proceed to POC', 'POC POC  CMI rejected the ticket', 137, 9, 5, '2017-08-29 12:30:05', 3),
(300, 195, 'TICKT-195 - POC to Dept. Head', 'POC POC  CMI assigned ticket - TICKT-195 to Dept Head.', 137, 2, 5, '2017-08-29 12:37:29', 1),
(301, 195, 'TICKT-195 - Dept Head to Dept. Employee', 'Dept Head Department Head  CMI assigned ticket - TICKT-195 to Dept Employee.', 139, 4, 6, '2017-08-29 12:38:28', 2),
(302, 195, 'TICKT-195 - Ticket Resolved', 'Ticket - TICKT-195 has been resolved by Employee LP  CMI', 141, 11, 3, '2017-08-29 12:58:32', 3),
(303, 198, 'User Ticket History', 'User created a ticket - TICKT-198 on 29-08-2017', 138, 1, 4, '2017-08-29 01:38:57', 0),
(304, 198, 'TICKT-198 - POC to Dept. Head', 'POC POC  CMI assigned ticket - TICKT-198 to Dept Head.', 137, 2, 5, '2017-08-29 01:40:23', 1),
(305, 198, 'TICKT-198 - Dept Head to Dept. Employee', 'Dept Head Department Head  CMI assigned ticket - TICKT-198 to Dept Employee.', 139, 4, 6, '2017-08-29 01:41:34', 2),
(306, 198, 'TICKT-198 - Ticket Resolved', 'Ticket - TICKT-198 has been resolved by Employee LP  CMI', 141, 11, 3, '2017-08-29 01:42:49', 3),
(307, 198, '', '', 139, 17, 6, '2017-08-29 03:36:02', 4),
(308, 198, 'TICKT-198 - Ticket Accepted', 'Ticket - TICKT-198 has been accepted by Department Head  CMI', 139, 17, 6, '2017-08-29 03:43:23', 5),
(309, 198, 'TICKT-198 - Dept Head to Dept. Employee', 'Dept Head Department Head  CMI assigned ticket - TICKT-198 to Dept Employee.', 139, 4, 6, '2017-08-29 03:48:25', 6),
(310, 198, 'TICKT-198 - Ticket Resolved', 'Ticket - TICKT-198 has been resolved by Employee LP  CMI', 141, 11, 3, '2017-08-29 03:49:13', 7),
(311, 198, 'TICKT-198 - Depatment Head Reject the resolution (Re-Assign)', 'Issue found on resolved ticket - TICKT-198 and Department Head  CMI re-assign to Employee LP  CMI', 139, 18, 6, '2017-08-29 03:52:52', 8),
(312, 199, 'User Ticket History', 'User created a ticket - TICKT-199 on 29-08-2017', 138, 1, 4, '2017-08-29 04:09:38', 0),
(313, 199, 'TICKT-199 - POC to Dept. Head', 'POC POC  CMI assigned ticket - TICKT-199 to Dept Head.', 137, 2, 5, '2017-08-29 04:10:30', 1),
(314, 199, 'TICKT-199 - Dept Head to Dept. Employee', 'Dept Head Department Head  CMI assigned ticket - TICKT-199 to Dept Employee.', 139, 4, 6, '2017-08-29 04:11:16', 2),
(315, 199, 'TICKT-199 - Ticket Resolved', 'Ticket - TICKT-199 has been resolved by Employee LP  CMI', 141, 11, 3, '2017-08-29 04:11:55', 3),
(316, 199, 'TICKT-199 - Ticket Accepted', 'Ticket - TICKT-199 has been accepted by Department Head  CMI', 139, 17, 6, '2017-08-29 04:12:51', 4),
(317, 199, 'TICKT-199 - Dept Head to Dept. Employee', 'Dept Head Department Head  CMI assigned ticket - TICKT-199 to Dept Employee.', 139, 4, 6, '2017-08-29 04:30:40', 5),
(318, 199, 'TICKT-199 - Ticket Resolved', 'Ticket - TICKT-199 has been resolved by Employee LP  CMI', 141, 11, 3, '2017-08-29 04:31:08', 6),
(319, 199, 'TICKT-199 - Ticket Accepted', 'Ticket - TICKT-199 has been accepted by Department Head  CMI', 139, 17, 6, '2017-08-29 04:32:08', 7),
(320, 199, 'TICKT-199 - Depatment Head Reject the resolution (Re-Assign)', 'Issue found on resolved ticket - TICKT-199 and Department Head  CMI re-assign to Department Head  CMI', 139, 18, 6, '2017-08-29 04:32:52', 8),
(321, 199, 'TICKT-199 - Dept Head to Dept. Employee', 'Dept Head Department Head  CMI assigned ticket - TICKT-199 to Dept Employee.', 139, 4, 6, '2017-08-29 04:35:41', 9),
(322, 199, 'TICKT-199 - Ticket Resolved', 'Ticket - TICKT-199 has been resolved by Employee LP  CMI', 141, 11, 3, '2017-08-29 04:36:12', 10),
(323, 199, 'TICKT-199 - Depatment Head Reject the resolution (Re-Assign)', 'Issue found on resolved ticket - TICKT-199 and Department Head  CMI re-assign to Employee LP  CMI', 139, 18, 6, '2017-08-29 04:36:54', 11),
(324, 199, 'TICKT-199 - Dept Head to Dept. Employee', 'Dept Head Department Head  CMI assigned ticket - TICKT-199 to Dept Employee.', 139, 4, 6, '2017-08-29 04:40:07', 12),
(325, 199, 'TICKT-199 - Ticket Resolved', 'Ticket - TICKT-199 has been resolved by Employee LP  CMI', 141, 11, 3, '2017-08-29 04:42:43', 13),
(326, 199, 'TICKT-199 - Ticket Accepted', 'Ticket - TICKT-199 has been accepted by Department Head  CMI', 139, 17, 6, '2017-08-29 05:16:10', 14),
(327, 199, '', '', 137, 13, 5, '2017-08-29 06:21:00', 15),
(328, 199, '', '', 137, 13, 5, '2017-08-29 06:23:30', 16),
(329, 199, 'TICKT-199 - Reject the resolution (Re-Assign)', 'Issue found on resolved ticket - TICKT-199 and POC  CMI re-assign to Department Head  CMI', 137, 13, 5, '2017-08-29 06:25:31', 17),
(330, 199, 'TICKT-199 - Dept Head to Dept. Employee', 'Dept Head Department Head  CMI assigned ticket - TICKT-199 to Dept Employee.', 139, 4, 6, '2017-08-29 06:45:49', 18),
(331, 199, 'TICKT-199 - Ticket Resolved', 'Ticket - TICKT-199 has been resolved by Employee LP  CMI', 141, 11, 3, '2017-08-29 06:55:48', 19),
(332, 199, 'TICKT-199 - Depatment Head Reject the resolution (Re-Assign)', 'Issue found on resolved ticket - TICKT-199 and Department Head  CMI re-assign to Employee LP  CMI', 139, 18, 6, '2017-08-29 07:08:15', 20),
(333, 199, 'TICKT-199 - Depatment Head Reject the resolution (Re-Assign)', 'Issue found on resolved ticket - TICKT-199 and Department Head  CMI re-assign to Department Head  CMI', 139, 18, 6, '2017-08-29 07:44:58', 21),
(334, 199, 'TICKT-199 - Dept Head to Dept. Employee', 'Dept Head Department Head  CMI assigned ticket - TICKT-199 to Dept Employee.', 139, 4, 6, '2017-08-29 07:46:47', 22),
(335, 199, 'TICKT-199 - Ticket Resolved', 'Ticket - TICKT-199 has been resolved by Employee LP  CMI', 141, 11, 3, '2017-08-29 07:47:21', 23),
(336, 199, 'TICKT-199 - Ticket Accepted', 'Ticket - TICKT-199 has been accepted by Department Head  CMI', 139, 17, 6, '2017-08-29 07:48:15', 24),
(337, 200, 'User Ticket History', 'User created a ticket - TICKT-200 on 30-08-2017', 138, 1, 4, '2017-08-30 04:23:48', 0),
(338, 201, 'Ticket splitting history', 'Ticket split no: 1. vfsdvbgsgb', 137, 2, 5, '2017-08-30 04:37:23', 1),
(339, 202, 'Ticket splitting history', 'Ticket split no: 2. bvdfsbdsb', 137, 2, 5, '2017-08-30 04:37:52', 1),
(340, 202, 'TICKT-202 - Ticket Resolved', 'Ticket - TICKT-202 has been resolved by Department Head  CMI', 139, 11, 6, '2017-08-30 04:59:21', 2),
(341, 203, 'User Ticket History', 'User created a ticket - TICKT-203 on 01-09-2017', 150, 1, 4, '2017-09-01 02:54:34', 0),
(342, 204, 'User Ticket History', 'User created a ticket - TICKT-204 on 01-09-2017', 151, 1, 4, '2017-09-01 03:08:35', 0),
(343, 205, 'User Ticket History', 'User created a ticket - TICKT-205 on 01-09-2017', 152, 1, 4, '2017-09-01 03:21:33', 0),
(344, 199, 'TICKT-199 - Reject the resolution (Re-Assign)', 'Issue found on resolved ticket - TICKT-199 and POC  CMI re-assign to Department Head  CMI', 137, 13, 5, '2017-09-05 10:56:09', 25),
(345, 199, 'TICKT-199 - Dept Head to Dept. Employee', 'Dept Head Department Head  CMI assigned ticket - TICKT-199 to Dept Employee.', 139, 4, 6, '2017-09-05 10:57:18', 26),
(346, 199, 'TICKT-199 - Ticket Resolved', 'Ticket - TICKT-199 has been resolved by Employee LP  CMI', 141, 11, 3, '2017-09-05 10:57:42', 27),
(347, 199, 'TICKT-199 - Depatment Head Reject the resolution (Re-Assign)', 'Issue found on resolved ticket - TICKT-199 and Department Head  CMI re-assign to Employee LP  CMI', 139, 18, 6, '2017-09-05 11:12:11', 28),
(348, 199, 'TICKT-199 - Depatment Head Reject the resolution (Re-Assign)', 'Issue found on resolved ticket - TICKT-199 and Department Head  CMI re-assign to Department Head  CMI', 139, 18, 6, '2017-09-05 11:16:03', 29),
(349, 206, 'User Ticket History', 'User created a ticket - TICKT-206 on 05-09-2017', 138, 1, 4, '2017-09-05 11:18:13', 0),
(350, 206, 'TICKT-206 - POC to Dept. Head', 'POC POC  CMI assigned ticket - TICKT-206 to Dept Head.', 137, 2, 5, '2017-09-05 11:23:30', 1),
(351, 206, 'TICKT-206 - Dept Head to Dept. Employee', 'Dept Head Department Head  CMI assigned ticket - TICKT-206 to Dept Employee.', 139, 4, 6, '2017-09-05 11:26:02', 2),
(352, 206, 'TICKT-206 - Ticket Resolved', 'Ticket - TICKT-206 has been resolved by Employee LP  CMI', 141, 11, 3, '2017-09-05 11:27:22', 3),
(353, 206, 'TICKT-206 - Depatment Head Reject the resolution (Re-Assign)', 'Issue found on resolved ticket - TICKT-206 and Department Head  CMI re-assign to Employee LP  CMI', 139, 18, 6, '2017-09-05 11:29:02', 4),
(354, 207, 'User Ticket History', 'User created a ticket - TICKT-207 on 05-09-2017', 138, 1, 4, '2017-09-05 11:44:28', 0),
(355, 207, 'TICKT-207 - POC to Dept. Head', 'POC POC  CMI assigned ticket - TICKT-207 to Dept Head.', 137, 2, 5, '2017-09-05 11:46:19', 1),
(356, 207, 'TICKT-207 - Dept Head to Dept. Employee', 'Dept Head Department Head  CMI assigned ticket - TICKT-207 to Dept Employee.', 139, 4, 6, '2017-09-05 11:47:35', 2),
(357, 207, 'TICKT-207 - Ticket Resolved', 'Ticket - TICKT-207 has been resolved by Employee LP  CMI', 141, 11, 3, '2017-09-05 11:48:46', 3),
(358, 207, 'TICKT-207 - Depatment Head Reject the resolution (Re-Assign)', 'Issue found on resolved ticket - TICKT-207 and Department Head  CMI re-assign to Employee LP  CMI', 139, 18, 6, '2017-09-05 11:49:56', 4),
(359, 207, 'TICKT-207 - Depatment Head Reject the resolution (Re-Assign)', 'Issue found on resolved ticket - TICKT-207 and Department Head  CMI re-assign to Employee LP  CMI', 139, 18, 6, '2017-09-05 11:56:41', 5),
(360, 207, 'TICKT-207 - Ticket Resolved', 'Ticket - TICKT-207 has been resolved by Employee LP  CMI', 141, 11, 3, '2017-09-05 12:00:16', 6),
(361, 207, 'TICKT-207 - Ticket Accepted', 'Ticket - TICKT-207 has been accepted by Department Head  CMI', 139, 17, 6, '2017-09-05 12:01:42', 7),
(362, 207, 'Proceed to POC', 'POC POC  CMI verified and closed the ticket', 137, 12, 5, '2017-09-05 12:03:01', 8),
(363, 207, 'User Accepted', 'User Normal User has been successfully accepted the closure. ', 138, 14, 4, '2017-09-05 12:04:07', 9),
(364, 199, 'TICKT-199 - Dept Head to Dept. Employee', 'Dept Head Department Head  CMI assigned ticket - TICKT-199 to Dept Employee.', 139, 4, 6, '2017-09-05 12:52:48', 30),
(365, 210, 'TICKT-210 - POC to Dept. Head', 'POC POC  CMI assigned ticket - TICKT-210 to Dept Head.', 137, 2, 5, '2017-09-05 04:14:08', 1),
(366, 210, 'TICKT-210 - Dept Head to Dept. Employee', 'Dept Head Department Head  CMI assigned ticket - TICKT-210 to Dept Employee.', 139, 4, 6, '2017-09-05 04:14:45', 2),
(367, 211, 'User Ticket History', 'User created a ticket - TICKT-211 on 08-09-2017', 153, 1, 4, '2017-09-08 12:13:11', 0),
(368, 211, 'Forwared to Mananger', 'POC Dino  B requested for management approval', 231, 5, 7, '2017-09-08 12:21:30', 1),
(369, 211, 'Proceed to POC', 'Mananger Dino  B approved and forwared to POC.', 231, 6, 7, '2017-09-08 12:22:53', 2),
(370, 211, 'TICKT-211 - POC to Dept. Head', 'POC Amal  Thomas assigned ticket - TICKT-211 to Dept Head.', 230, 2, 5, '2017-09-08 12:25:46', 3),
(371, 211, 'TICKT-211 - Dept Head to Dept. Employee', 'Dept Head Nithin  Benny assigned ticket - TICKT-211 to Dept Employee.', 235, 4, 6, '2017-09-08 12:27:13', 4),
(372, 211, 'TICKT-211 - Ticket Resolved', 'Ticket - TICKT-211 has been resolved by Vishnu  P', 237, 11, 3, '2017-09-08 12:39:50', 5),
(373, 211, 'TICKT-211 - Depatment Head Reject the resolution (Re-Assign)', 'Issue found on resolved ticket - TICKT-211 and Nithin  Benny re-assign to Vishnu  P', 235, 18, 6, '2017-09-08 12:42:04', 6),
(374, 211, 'TICKT-211 - Ticket Resolved', 'Ticket - TICKT-211 has been resolved by Vishnu  P', 237, 11, 3, '2017-09-08 12:43:14', 7),
(375, 211, 'TICKT-211 - Ticket Accepted', 'Ticket - TICKT-211 has been accepted by Nithin  Benny', 235, 17, 6, '2017-09-08 12:44:22', 8),
(376, 211, 'TICKT-211 - Reject the resolution (Re-Assign)', 'Issue found on resolved ticket - TICKT-211 and Amal  Thomas re-assign to Nithin  Benny', 230, 13, 5, '2017-09-08 12:45:55', 9),
(377, 211, 'TICKT-211 - Dept Head to Dept. Employee', 'Dept Head Nithin  Benny assigned ticket - TICKT-211 to Dept Employee.', 235, 4, 6, '2017-09-08 12:48:02', 10),
(378, 211, 'TICKT-211 - Ticket Resolved', 'Ticket - TICKT-211 has been resolved by Akhil  John', 238, 11, 3, '2017-09-08 05:10:02', 11),
(379, 211, 'TICKT-211 - Ticket Accepted', 'Ticket - TICKT-211 has been accepted by Nithin  Benny', 235, 17, 6, '2017-09-08 05:11:05', 12),
(380, 211, 'Proceed to POC', 'POC Amal  Thomas verified and closed the ticket', 230, 12, 5, '2017-09-08 05:12:10', 13),
(381, 211, 'TICKT-211 - POC to Dept. Head', 'POC Amal  Thomas assigned ticket - TICKT-211 to Dept Head.', 230, 2, 5, '2017-09-08 05:17:01', 14),
(382, 211, 'TICKT-211 - Dept Head to Dept. Employee', 'Dept Head Nithin  Benny assigned ticket - TICKT-211 to Dept Employee.', 235, 4, 6, '2017-09-08 05:31:27', 15),
(383, 211, 'TICKT-211 - Ticket Resolved', 'Ticket - TICKT-211 has been resolved by Nithin  Benny', 235, 11, 6, '2017-09-08 05:32:07', 16),
(384, 211, 'TICKT-211 - Ticket Accepted', 'Ticket - TICKT-211 has been accepted by Nithin  Benny', 235, 17, 6, '2017-09-08 05:33:08', 17),
(385, 211, 'Proceed to POC', 'POC Amal  Thomas verified and closed the ticket', 230, 12, 5, '2017-09-08 05:33:35', 18),
(386, 212, 'User Ticket History', 'User created a ticket - TICKT-212 on 10-09-2017', 155, 1, 4, '2017-09-10 06:10:46', 0),
(387, 213, 'User Ticket History', 'User created a ticket - TICKT-213 on 10-09-2017', 155, 1, 4, '2017-09-10 06:41:10', 0),
(388, 213, 'TICKT-213 - POC to Dept. Head', 'POC Amal  Thomas assigned ticket - TICKT-213 to Dept Head.', 230, 2, 5, '2017-09-10 06:43:10', 1);
INSERT INTO `ticket_history` (`id`, `ticket_id`, `history_subject`, `history`, `history_by`, `history_ticket_status`, `history_role_type`, `date`, `history_order`) VALUES
(389, 213, 'TICKT-213 - Dept Head to Dept. Employee', 'Dept Head Nithin  Benny assigned ticket - TICKT-213 to Dept Employee.', 235, 4, 6, '2017-09-10 06:43:47', 2),
(390, 213, 'TICKT-213 - Ticket Resolved', 'Ticket - TICKT-213 has been resolved by Vishnu  P', 237, 11, 3, '2017-09-10 07:18:07', 3),
(391, 214, 'User Ticket History', 'User created a ticket - TICKT-214 on 11-09-2017', 156, 1, 4, '2017-09-11 02:05:19', 0),
(392, 214, 'Forwared to Mananger', 'POC Amal  Thomas requested for management approval', 230, 5, 5, '2017-09-11 02:22:39', 1),
(393, 214, 'Proceed to POC', 'Mananger Dino  B approved and forwared to POC.', 231, 6, 7, '2017-09-11 02:36:13', 2),
(394, 214, 'TICKT-214 - POC to Dept. Head', 'POC Amal  Thomas assigned ticket - TICKT-214 to Dept Head.', 230, 2, 5, '2017-09-11 02:40:41', 3),
(395, 214, 'Proceed to POC', 'POC Amal  Thomas rejected the ticket', 230, 9, 5, '2017-09-11 02:41:11', 4),
(396, 215, 'User Ticket History', 'User created a ticket - TICKT-215 on 11-09-2017', 156, 1, 4, '2017-09-11 02:51:47', 0),
(397, 215, 'TICKT-215 - POC to Dept. Head', 'POC Amal  Thomas assigned ticket - TICKT-215 to Dept Head.', 230, 2, 5, '2017-09-11 02:52:18', 1),
(398, 215, 'TICKT-215 - Dept Head to Dept. Employee', 'Dept Head Nithin  Benny assigned ticket - TICKT-215 to Dept Employee.', 235, 4, 6, '2017-09-11 02:52:45', 2),
(399, 215, 'Proceed to POC', 'POC Amal  Thomas rejected the ticket', 230, 9, 5, '2017-09-11 02:53:10', 3),
(400, 216, 'User Ticket History', 'User created a ticket - TICKT-216 on 11-09-2017', 156, 1, 4, '2017-09-11 02:54:28', 0),
(401, 216, 'TICKT-216 - POC to Dept. Head', 'POC Amal  Thomas assigned ticket - TICKT-216 to Dept Head.', 230, 2, 5, '2017-09-11 02:54:58', 1),
(402, 216, 'TICKT-216 - Dept Head to Dept. Employee', 'Dept Head Nithin  Benny assigned ticket - TICKT-216 to Dept Employee.', 235, 4, 6, '2017-09-11 02:55:30', 2),
(403, 216, 'TICKT-216 - Ticket Resolved', 'Ticket - TICKT-216 has been resolved by Nithin  Benny', 235, 11, 6, '2017-09-11 02:56:22', 3),
(404, 217, 'User Ticket History', 'User created a ticket - TICKT-217 on 11-09-2017', 156, 1, 4, '2017-09-11 03:17:32', 0),
(405, 218, 'Ticket splitting history', 'Ticket split no: 1. htdh', 230, 2, 5, '2017-09-11 03:19:40', 1),
(406, 219, 'Ticket splitting history', 'Ticket split no: 2. ngfngf', 230, 2, 5, '2017-09-11 03:19:57', 1),
(407, 220, 'User Ticket History', 'User created a ticket - TICKT-220 on 11-09-2017', 156, 1, 4, '2017-09-11 04:19:02', 0),
(408, 221, 'Ticket splitting history', 'Ticket split no: 1. dfbh', 230, 2, 5, '2017-09-11 04:19:56', 1),
(409, 222, 'Ticket splitting history', 'Ticket split no: 2. bds', 230, 2, 5, '2017-09-11 04:20:09', 1),
(410, 223, 'Ticket splitting history', 'Ticket split no: 3. vdsa', 230, 2, 5, '2017-09-11 04:20:24', 1),
(411, 224, 'Ticket splitting history', 'Ticket split no: 4. vbdsf', 230, 2, 5, '2017-09-11 04:20:38', 1),
(412, 225, 'Ticket splitting history', 'Ticket split no: 5. bcx', 230, 2, 5, '2017-09-11 04:20:51', 1),
(413, 226, 'Ticket splitting history', 'Ticket split no: 6. bfsxbf', 230, 2, 5, '2017-09-11 04:21:15', 1),
(414, 227, 'User Ticket History', 'User created a ticket - TICKT-227 on 12-09-2017', 138, 1, 4, '2017-09-12 01:49:28', 0),
(415, 228, 'User Ticket History', 'User created a ticket - TICKT-228 on 12-09-2017', 159, 1, 4, '2017-09-12 01:56:29', 0),
(416, 229, 'User Ticket History', 'User created a ticket - TICKT-229 on 12-09-2017', 138, 1, 4, '2017-09-12 04:43:41', 0),
(417, 230, 'User Ticket History', 'User created a ticket - TICKT-230 on 12-09-2017', 160, 1, 4, '2017-09-12 04:44:47', 0),
(418, 231, 'User Ticket History', 'User created a ticket - TICKT-231 on 12-09-2017', 160, 1, 4, '2017-09-12 04:48:35', 0),
(419, 232, 'User Ticket History', 'User created a ticket - TICKT-232 on 12-09-2017', 160, 1, 4, '2017-09-12 04:49:17', 0),
(420, 233, 'User Ticket History', 'User created a ticket - TICKT-233 on 12-09-2017', 160, 1, 4, '2017-09-12 06:11:06', 0),
(421, 234, 'User Ticket History', 'User created a ticket - TICKT-234 on 12-09-2017', 160, 1, 4, '2017-09-12 06:25:29', 0),
(422, 235, 'User Ticket History', 'User created a ticket - TICKT-235 on 12-09-2017', 160, 1, 4, '2017-09-12 06:27:27', 0),
(423, 235, 'TICKT-235 - POC to Dept. Head', 'POC POC  KFC assigned ticket - TICKT-235 to Dept Head.', 255, 2, 5, '2017-09-12 06:33:37', 1),
(424, 239, 'User Ticket History', 'User created a ticket - TICKT-239 on 12-09-2017', 164, 1, 4, '2017-09-12 06:41:44', 0),
(425, 239, 'TICKT-239 - POC to Dept. Head', 'POC Amal  Thomas assigned ticket - TICKT-239 to Dept Head.', 230, 2, 5, '2017-09-12 06:59:39', 1),
(426, 239, 'TICKT-239 - Dept Head to Dept. Employee', 'Dept Head Nithin  Benny assigned ticket - TICKT-239 to Dept Employee.', 235, 4, 6, '2017-09-12 07:00:17', 2),
(427, 240, 'User Ticket History', 'User created a ticket - TICKT-240 on 14-09-2017', 138, 1, 4, '2017-09-14 05:57:01', 0),
(428, 241, 'Ticket splitting history', 'Ticket split no: 1. ad', 230, 2, 5, '2017-09-14 05:58:11', 1),
(429, 242, 'Ticket splitting history', 'Ticket split no: 2. csa', 230, 2, 5, '2017-09-14 05:58:31', 1),
(430, 243, 'User Ticket History', 'User created a ticket - TICKT-243 on 14-09-2017', 138, 1, 4, '2017-09-14 06:12:17', 0),
(431, 244, 'Ticket splitting history', 'Ticket split no: 1. gsrg', 230, 2, 5, '2017-09-14 06:12:49', 1),
(432, 245, 'User Ticket History', 'User created a ticket - TICKT-245 on 14-09-2017', 138, 1, 4, '2017-09-14 06:42:33', 0),
(433, 245, 'TICKT-245 - POC to Dept. Head', 'POC Amal  Thomas assigned ticket - TICKT-245 to Dept Head.', 230, 2, 5, '2017-09-14 06:42:59', 1),
(434, 245, 'TICKT-245 - Ticket Resolved', 'Ticket - TICKT-245 has been resolved by Nithin  Benny', 235, 11, 6, '2017-09-14 06:43:19', 2),
(435, 246, 'User Ticket History', 'User created a ticket - TICKT-246 on 14-09-2017', 138, 1, 4, '2017-09-14 06:51:37', 0),
(436, 246, 'TICKT-246 - POC to Dept. Head', 'POC Amal  Thomas assigned ticket - TICKT-246 to Dept Head.', 230, 2, 5, '2017-09-14 06:52:09', 1),
(437, 246, 'TICKT-246 - Ticket Resolved', 'Ticket - TICKT-246 has been resolved by Nithin  Benny', 235, 11, 6, '2017-09-14 06:53:06', 2),
(438, 247, 'User Ticket History', 'User created a ticket - TICKT-247 on 14-09-2017', 138, 1, 4, '2017-09-14 07:02:16', 0),
(439, 247, 'TICKT-247 - POC to Dept. Head', 'POC Amal  Thomas assigned ticket - TICKT-247 to Dept Head.', 230, 2, 5, '2017-09-14 07:03:01', 1),
(440, 247, 'TICKT-247 - Ticket Resolved', 'Ticket - TICKT-247 has been resolved by Nithin  Benny', 235, 11, 6, '2017-09-14 07:03:36', 2),
(441, 248, 'User Ticket History', 'User created a ticket - TICKT-248 on 14-09-2017', 138, 1, 4, '2017-09-14 07:09:08', 0),
(442, 248, 'TICKT-248 - POC to Dept. Head', 'POC Amal  Thomas assigned ticket - TICKT-248 to Dept Head.', 230, 2, 5, '2017-09-14 07:09:43', 1),
(443, 248, 'TICKT-248 - Dept Head to Dept. Employee', 'Dept Head Nithin  Benny assigned ticket - TICKT-248 to Dept Employee.', 235, 4, 6, '2017-09-14 07:10:24', 2),
(444, 249, 'User Ticket History', 'User created a ticket - TICKT-249 on 15-09-2017', 138, 1, 4, '2017-09-15 09:36:59', 0),
(445, 249, 'TICKT-249 - POC to Dept. Head', 'POC Amal  Thomas assigned ticket - TICKT-249 to Dept Head.', 230, 2, 5, '2017-09-15 09:40:15', 1),
(446, 250, 'User Ticket History', 'User created a ticket - TICKT-250 on 15-09-2017', 138, 1, 4, '2017-09-15 09:47:45', 0),
(447, 251, 'Ticket splitting history', 'Ticket split no: 1. dghf', 230, 2, 5, '2017-09-15 09:48:13', 1),
(448, 252, 'Ticket splitting history', 'Ticket split no: 1. dghf', 230, 2, 5, '2017-09-15 09:52:44', 1),
(449, 253, 'Ticket splitting history', 'Ticket split no: 1. dghf', 230, 2, 5, '2017-09-15 09:52:55', 1),
(450, 254, 'Ticket splitting history', 'Ticket split no: 1. dghf', 230, 2, 5, '2017-09-15 09:53:14', 1),
(451, 255, 'Ticket splitting history', 'Ticket split no: 1. dghf', 230, 2, 5, '2017-09-15 10:12:00', 1),
(452, 256, 'Ticket splitting history', 'Ticket split no: 2. grs', 230, 2, 5, '2017-09-15 10:12:16', 1),
(453, 257, 'User Ticket History', 'User created a ticket - TICKT-257 on 15-09-2017', 138, 1, 4, '2017-09-15 10:32:05', 0),
(454, 257, 'TICKT-257 - POC to Dept. Head', 'POC Amal  Thomas assigned ticket - TICKT-257 to Dept Head.', 230, 2, 5, '2017-09-15 10:36:46', 1),
(455, 262, 'User Ticket History', 'User created a ticket - TICKT-262 on 15-09-2017', 138, 1, 4, '2017-09-15 07:13:15', 0),
(456, 262, 'TICKT-262 - POC to Dept. Head', 'POC Amal  Thomas assigned ticket - TICKT-262 to Dept Head.', 230, 2, 5, '2017-09-15 07:21:58', 1),
(457, 262, 'TICKT-262 - Dept Head to Dept. Employee', 'Dept Head Nithin  Benny assigned ticket - TICKT-262 to Dept Employee.', 235, 4, 6, '2017-09-15 07:26:29', 2),
(458, 263, 'User Ticket History', 'User created a ticket - TICKT-263 on 15-09-2017', 138, 1, 4, '2017-09-15 08:00:32', 0),
(459, 264, 'User Ticket History', 'User created a ticket - TICKT-264 on 15-09-2017', 138, 1, 4, '2017-09-15 08:39:09', 0),
(460, 264, 'TICKT-264 - POC to Dept. Head', 'POC Amal  Thomas assigned ticket - TICKT-264 to Dept Head.', 230, 2, 5, '2017-09-15 08:40:07', 1),
(461, 265, 'User Ticket History', 'User created a ticket - TICKT-265 on 16-09-2017', 138, 1, 4, '2017-09-16 11:35:43', 0),
(462, 265, 'TICKT-265 - POC to Dept. Head', 'POC Amal  Thomas assigned ticket - TICKT-265 to Dept Head.', 230, 2, 5, '2017-09-16 12:24:03', 1),
(463, 265, 'TICKT-265 - Dept Head to Dept. Employee', 'Dept Head Nithin  Benny assigned ticket - TICKT-265 to Dept Employee.', 235, 4, 6, '2017-09-16 12:24:48', 2),
(464, 266, 'User Ticket History', 'User created a ticket - TICKT-266 on 16-09-2017', 138, 1, 4, '2017-09-16 02:32:06', 0),
(465, 267, 'User Ticket History', 'User created a ticket - TICKT-267 on 16-09-2017', 138, 1, 4, '2017-09-16 03:20:23', 0),
(466, 268, 'User Ticket History', 'User created a ticket - TICKT-268 on 16-09-2017', 138, 1, 4, '2017-09-16 03:21:05', 0),
(467, 267, 'TICKT-267 - POC to Dept. Head', 'POC Amal  Thomas assigned ticket - TICKT-267 to Dept Head.', 230, 2, 5, '2017-09-16 03:21:49', 1),
(468, 267, 'TICKT-267 - Dept Head to Dept. Employee', 'Dept Head Nithin  Benny assigned ticket - TICKT-267 to Dept Employee.', 235, 4, 6, '2017-09-16 03:23:34', 2),
(469, 267, 'TICKT-267 - Ticket Resolved', 'Ticket - TICKT-267 has been resolved by Vishnu  P', 237, 11, 3, '2017-09-16 03:56:34', 3),
(470, 267, 'TICKT-267 - Depatment Head Reject the resolution (Re-Assign)', 'Issue found on resolved ticket - TICKT-267 and Nithin  Benny re-assign to Vishnu  P', 235, 18, 6, '2017-09-16 03:57:08', 4),
(471, 267, 'TICKT-267 - Ticket Resolved', 'Ticket - TICKT-267 has been resolved by Vishnu  P', 237, 11, 3, '2017-09-16 04:06:43', 5),
(472, 267, 'TICKT-267 - Ticket Accepted', 'Ticket - TICKT-267 has been accepted by Nithin  Benny', 235, 17, 6, '2017-09-16 04:21:13', 6),
(473, 267, 'Proceed to POC', 'POC Amal  Thomas verified and closed the ticket', 230, 12, 5, '2017-09-16 04:22:01', 7),
(474, 267, 'User Accepted', 'User Normal User has been successfully accepted the closure. ', 138, 14, 4, '2017-09-16 04:22:51', 8),
(475, 269, 'User Ticket History', 'User created a ticket - TICKT-269 on 16-09-2017', 138, 1, 4, '2017-09-16 04:46:48', 0),
(476, 269, 'Proceed to POC', 'POC Amal  Thomas rejected the ticket', 230, 9, 5, '2017-09-16 04:47:43', 1),
(477, 270, 'User Ticket History', 'User created a ticket - TICKT-270 on 17-09-2017', 138, 1, 4, '2017-09-17 12:58:20', 0),
(478, 270, 'TICKT-270 - POC to Dept. Head', 'POC Amal  Thomas assigned ticket - TICKT-270 to Dept Head.', 230, 2, 5, '2017-09-17 12:59:13', 1),
(479, 270, 'TICKT-270 - Dept Head to Dept. Employee', 'Dept Head Nithin  Benny assigned ticket - TICKT-270 to Dept Employee.', 235, 4, 6, '2017-09-17 01:19:32', 2),
(480, 265, 'TICKT-265 - Ticket Resolved', 'Ticket - TICKT-265 has been resolved by Vishnu  P', 237, 11, 3, '2017-09-17 01:22:01', 3),
(481, 265, 'TICKT-265 - Dept Head to Dept. Employee', 'Dept Head Nithin  Benny assigned ticket - TICKT-265 to Dept Employee.', 235, 4, 6, '2017-09-17 01:22:49', 4),
(482, 265, 'TICKT-265 - Ticket Resolved', 'Ticket - TICKT-265 has been resolved by Akhil  John', 238, 11, 3, '2017-09-17 01:23:15', 5),
(483, 265, 'TICKT-265 - Depatment Head Reject the resolution (Re-Assign)', 'Issue found on resolved ticket - TICKT-265 and Nithin  Benny re-assign to Akhil  John', 235, 18, 6, '2017-09-17 01:23:44', 6),
(484, 265, 'TICKT-265 - Ticket Resolved', 'Ticket - TICKT-265 has been resolved by Akhil  John', 238, 11, 3, '2017-09-17 01:24:03', 7),
(485, 265, 'TICKT-265 - Ticket Accepted', 'Ticket - TICKT-265 has been accepted by Nithin  Benny', 235, 17, 6, '2017-09-17 01:24:27', 8),
(486, 265, 'TICKT-265 - Reject the resolution (Re-Assign)', 'Issue found on resolved ticket - TICKT-265 and Amal  Thomas re-assign to Nithin  Benny', 230, 13, 5, '2017-09-17 01:25:15', 9),
(487, 265, 'TICKT-265 - Dept Head to Dept. Employee', 'Dept Head Nithin  Benny assigned ticket - TICKT-265 to Dept Employee.', 235, 4, 6, '2017-09-17 01:25:46', 10),
(488, 265, 'TICKT-265 - Ticket Resolved', 'Ticket - TICKT-265 has been resolved by Vishnu  P', 237, 11, 3, '2017-09-17 01:26:08', 11),
(489, 265, 'TICKT-265 - Ticket Accepted', 'Ticket - TICKT-265 has been accepted by Nithin  Benny', 235, 17, 6, '2017-09-17 01:26:32', 12),
(490, 265, 'Proceed to POC', 'POC Amal  Thomas verified and closed the ticket', 230, 12, 5, '2017-09-17 01:26:57', 13),
(491, 265, 'User Accepted', 'User Normal User has been successfully accepted the closure. ', 138, 14, 4, '2017-09-17 01:28:16', 14),
(492, 271, 'User Ticket History', 'User created a ticket - TICKT-271 on 17-09-2017', 138, 1, 4, '2017-09-17 04:48:37', 0),
(493, 271, 'TICKT-271 - POC to Dept. Head', 'POC Amal  Thomas assigned ticket - TICKT-271 to Dept Head.', 230, 2, 5, '2017-09-17 04:50:11', 1),
(494, 270, 'TICKT-270 - Ticket Resolved', 'Ticket - TICKT-270 has been resolved by Vishnu  P', 237, 11, 3, '2017-09-17 04:54:15', 3),
(495, 272, 'User Ticket History', 'User created a ticket - TICKT-272 on 17-09-2017', 138, 1, 4, '2017-09-17 05:43:47', 0),
(496, 272, 'TICKT-272 - POC to Dept. Head', 'POC Amal  Thomas assigned ticket - TICKT-272 to Dept Head.', 230, 2, 5, '2017-09-17 05:44:21', 1),
(497, 272, '', '', 235, 19, 6, '2017-09-17 06:11:24', 2),
(498, 272, 'Proceed to POC', 'POC Amal  Thomas verified and closed the ticket', 230, 12, 5, '2017-09-18 10:29:40', 3),
(499, 271, 'TICKT-271 - POC to Dept. Head', 'POC Amal  Thomas assigned ticket - TICKT-271 to Dept Head.', 230, 2, 5, '2017-09-18 10:33:23', 2),
(500, 271, 'TICKT-271 - Ticket Resolved by Department Head', 'Ticket - TICKT-271 has been resolved by Nithin  Benny', 235, 19, 6, '2017-09-18 10:33:47', 3),
(501, 271, 'Proceed to POC', 'POC Amal  Thomas verified and closed the ticket', 230, 12, 5, '2017-09-18 10:35:05', 4),
(502, 273, 'User Ticket History', 'User created a ticket - TICKT-273 on 18-09-2017', 138, 1, 4, '2017-09-18 01:36:14', 0),
(503, 273, 'Forwared to Mananger', 'POC Amal  Thomas requested for management approval', 230, 5, 5, '2017-09-18 01:37:20', 1),
(504, 273, 'Forwared to Mananger', 'POC Amal  Thomas requested for management approval', 230, 5, 5, '2017-09-18 01:51:16', 2),
(505, 274, 'User Ticket History', 'User created a ticket - TICKT-274 on 18-09-2017', 138, 1, 4, '2017-09-18 01:53:49', 0),
(506, 274, 'Forwared to Mananger', 'POC Amal  Thomas requested for management approval', 230, 5, 5, '2017-09-18 01:54:38', 1),
(507, 274, 'Proceed to POC', 'Mananger Dino  B approved and forwared to POC.', 231, 6, 7, '2017-09-18 01:57:18', 2),
(508, 274, 'TICKT-274 - POC to Dept. Head', 'POC Amal  Thomas assigned ticket - TICKT-274 to Dept Head.', 230, 2, 5, '2017-09-18 02:01:00', 3),
(509, 274, 'TICKT-274 - Dept Head to Dept. Employee', 'Dept Head Nithin  Benny assigned ticket - TICKT-274 to Dept Employee.', 235, 4, 6, '2017-09-18 02:01:36', 4),
(510, 275, 'User Ticket History', 'User created a ticket - TICKT-275 on 18-09-2017', 138, 1, 4, '2017-09-18 04:44:29', 0),
(511, 275, 'Forwared to Mananger', 'POC Amal  Thomas requested for management approval', 230, 5, 5, '2017-09-18 04:46:06', 1),
(512, 275, 'Proceed to POC', 'Mananger Dino  B approved and forwared to POC.', 231, 6, 7, '2017-09-18 04:46:49', 2),
(513, 273, 'Proceed to POC', 'Mananger Dino  B approved and forwared to POC.', 231, 6, 7, '2017-09-18 05:22:22', 3),
(514, 276, 'User Ticket History', 'User created a ticket - TICKT-276 on 18-09-2017', 138, 1, 4, '2017-09-18 05:23:25', 0),
(515, 276, 'Forwared to Mananger', 'POC Amal  Thomas requested for management approval', 230, 5, 5, '2017-09-18 05:23:53', 1),
(516, 277, 'User Ticket History', 'User created a ticket - TICKT-277 on 18-09-2017', 138, 1, 4, '2017-09-18 05:28:46', 0),
(517, 278, 'User Ticket History', 'User created a ticket - TICKT-278 on 18-09-2017', 138, 1, 4, '2017-09-18 05:30:20', 0),
(518, 278, 'Forwared to Mananger', 'POC Amal  Thomas requested for management approval', 230, 5, 5, '2017-09-18 05:30:51', 1),
(519, 278, 'Proceed to POC', 'Mananger Dino  B approved and forwared to POC.', 231, 6, 7, '2017-09-18 05:31:19', 2),
(520, 278, 'TICKT-278 - POC to Dept. Head', 'POC Amal  Thomas assigned ticket - TICKT-278 to Dept Head.', 230, 2, 5, '2017-09-18 05:31:49', 3),
(521, 279, 'User Ticket History', 'User created a ticket - TICKT-279 on 18-09-2017', 138, 1, 4, '2017-09-18 05:32:15', 0),
(522, 279, 'Forwared to Mananger', 'POC Amal  Thomas requested for management approval', 230, 5, 5, '2017-09-18 05:32:44', 1),
(523, 279, 'Proceed to POC', 'Mananger Dino  B rejected and forwared to POC.', 231, 7, 7, '2017-09-18 05:33:42', 2),
(524, 279, 'Proceed to POC', 'POC Amal  Thomas closed due to management approval', 230, 8, 5, '2017-09-18 05:34:09', 3),
(525, 278, 'TICKT-278 - Ticket Resolved by Department Head', 'Ticket - TICKT-278 has been resolved by Nithin  Benny', 235, 19, 6, '2017-09-18 05:36:48', 4),
(526, 280, 'User Ticket History', 'User created a ticket - TICKT-280 on 18-09-2017', 138, 1, 4, '2017-09-18 06:48:59', 0),
(527, 281, 'Ticket splitting history', 'Ticket split no: 1. vfdsav', 230, 2, 5, '2017-09-18 07:04:36', 1),
(528, 282, 'Ticket splitting history', 'Ticket split no: 2. vfsedvg', 230, 2, 5, '2017-09-18 07:04:53', 1),
(529, 281, 'TICKT-281 - Ticket Resolved by Department Head', 'Ticket - TICKT-281 has been resolved by Nithin  Benny', 235, 19, 6, '2017-09-18 07:05:34', 2),
(530, 281, 'Proceed to POC', 'POC Amal  Thomas verified and closed the ticket', 230, 12, 5, '2017-09-18 07:06:04', 3),
(531, 281, 'User Accepted', 'User Normal User has been successfully accepted the closure. ', 138, 14, 4, '2017-09-18 07:06:37', 4),
(532, 283, 'User Ticket History', 'User created a ticket - TICKT-283 on 18-09-2017', 138, 1, 4, '2017-09-18 07:20:20', 0),
(533, 283, 'Proceed to POC', 'POC Amal  Thomas rejected the ticket', 230, 9, 5, '2017-09-18 07:34:26', 1),
(534, 284, 'User Ticket History', 'User created a ticket - TICKT-284 on 18-09-2017', 138, 1, 4, '2017-09-18 07:35:32', 0),
(535, 284, 'Forwared to Mananger', 'POC Amal  Thomas requested for management approval', 230, 5, 5, '2017-09-18 07:36:02', 1),
(536, 284, 'Proceed to POC', 'Mananger Dino  B rejected and forwared to POC.', 231, 7, 7, '2017-09-18 07:36:56', 2),
(537, 284, 'Proceed to POC', 'POC Amal  Thomas closed due to management approval', 230, 8, 5, '2017-09-18 07:37:30', 3),
(538, 285, 'User Ticket History', 'User created a ticket - TICKT-285 on 18-09-2017', 138, 1, 4, '2017-09-18 07:39:56', 0),
(539, 285, 'Forwared to Mananger', 'POC Amal  Thomas requested for management approval', 230, 5, 5, '2017-09-18 07:40:25', 1),
(540, 285, 'Proceed to POC', 'Mananger Dino  B approved and forwared to POC.', 231, 6, 7, '2017-09-18 07:40:55', 2),
(541, 285, 'TICKT-285 - POC to Dept. Head', 'POC Amal  Thomas assigned ticket - TICKT-285 to Dept Head.', 230, 2, 5, '2017-09-18 07:43:52', 3),
(542, 285, 'TICKT-285 - Ticket Resolved by Department Head', 'Ticket - TICKT-285 has been resolved by Nithin  Benny', 235, 19, 6, '2017-09-18 07:44:39', 4),
(543, 285, 'Proceed to POC', 'POC Amal  Thomas verified and closed the ticket', 230, 12, 5, '2017-09-18 07:47:08', 5),
(544, 285, 'User Accepted', 'User Normal User has been successfully accepted the closure. ', 138, 14, 4, '2017-09-18 07:47:55', 6),
(545, 286, 'User Ticket History', 'User created a ticket - TICKT-286 on 18-09-2017', 138, 1, 4, '2017-09-18 07:49:08', 0),
(546, 286, 'Forwared to Mananger', 'POC Amal  Thomas requested for management approval', 230, 5, 5, '2017-09-18 07:49:47', 1),
(547, 286, 'Proceed to POC', 'Mananger Dino  B approved and forwared to POC.', 231, 6, 7, '2017-09-18 07:50:19', 2),
(548, 286, 'TICKT-286 - POC to Dept. Head', 'POC Amal  Thomas assigned ticket - TICKT-286 to Dept Head.', 230, 2, 5, '2017-09-18 07:50:51', 3),
(549, 286, 'TICKT-286 - Ticket Resolved by Department Head', 'Ticket - TICKT-286 has been resolved by Nithin  Benny', 235, 19, 6, '2017-09-18 07:51:14', 4),
(550, 286, 'Proceed to POC', 'POC Amal  Thomas verified and closed the ticket', 230, 12, 5, '2017-09-18 07:51:39', 5),
(551, 286, 'Proceed to POC', 'POC Amal  Thomas rejected the ticket', 230, 9, 5, '2017-09-18 07:53:23', 6),
(552, 287, 'User Ticket History', 'User created a ticket - TICKT-287 on 18-09-2017', 138, 1, 4, '2017-09-18 07:54:18', 0),
(553, 287, 'TICKT-287 - POC to Dept. Head', 'POC Amal  Thomas assigned ticket - TICKT-287 to Dept Head.', 230, 2, 5, '2017-09-18 07:57:11', 1),
(554, 287, 'TICKT-287 - Dept Head to Dept. Employee', 'Dept Head Nithin  Benny assigned ticket - TICKT-287 to Dept Employee.', 235, 4, 6, '2017-09-18 07:57:37', 2),
(555, 287, 'TICKT-287 - Ticket Resolved', 'Ticket - TICKT-287 has been resolved by Vishnu  P', 237, 11, 3, '2017-09-18 07:58:37', 3),
(556, 287, 'TICKT-287 - Depatment Head Reject the resolution (Re-Assign)', 'Issue found on resolved ticket - TICKT-287 and Nithin  Benny re-assign to Vishnu  P', 235, 18, 6, '2017-09-18 07:59:08', 4),
(557, 287, 'TICKT-287 - Dept Head to Dept. Employee', 'Dept Head Nithin  Benny assigned ticket - TICKT-287 to Dept Employee.', 235, 4, 6, '2017-09-18 07:59:26', 5),
(558, 287, 'TICKT-287 - Ticket Resolved', 'Ticket - TICKT-287 has been resolved by Akhil  John', 238, 11, 3, '2017-09-18 08:00:35', 6),
(559, 287, 'TICKT-287 - Ticket Accepted', 'Ticket - TICKT-287 has been accepted by Nithin  Benny', 235, 17, 6, '2017-09-18 08:01:03', 7),
(560, 287, 'TICKT-287 - Reject the resolution (Re-Assign)', 'Issue found on resolved ticket - TICKT-287 and Amal  Thomas re-assign to Nithin  Benny', 230, 13, 5, '2017-09-18 08:04:33', 8),
(561, 287, 'TICKT-287 - Ticket Resolved by Department Head', 'Ticket - TICKT-287 has been resolved by Nithin  Benny', 235, 19, 6, '2017-09-18 08:15:15', 9),
(562, 287, 'Proceed to POC', 'POC Amal  Thomas verified and closed the ticket', 230, 12, 5, '2017-09-18 08:15:52', 10),
(563, 287, 'User Accepted', 'User Normal User has been successfully accepted the closure. ', 138, 14, 4, '2017-09-18 08:16:28', 11),
(564, 288, 'User Ticket History', 'User created a ticket - TICKT-288 on 18-09-2017', 138, 1, 4, '2017-09-18 08:16:44', 0),
(565, 288, 'TICKT-288 - POC to Dept. Head', 'POC Amal  Thomas assigned ticket - TICKT-288 to Dept Head.', 230, 2, 5, '2017-09-18 08:17:41', 1),
(566, 288, 'TICKT-288 - Dept Head to Dept. Employee', 'Dept Head Nithin  Benny assigned ticket - TICKT-288 to Dept Employee.', 235, 4, 6, '2017-09-18 08:18:16', 2),
(567, 288, 'TICKT-288 - Ticket Resolved', 'Ticket - TICKT-288 has been resolved by Vishnu  P', 237, 11, 3, '2017-09-18 08:18:43', 3),
(568, 288, 'TICKT-288 - Ticket Accepted', 'Ticket - TICKT-288 has been accepted by Nithin  Benny', 235, 17, 6, '2017-09-18 08:20:00', 4),
(569, 288, 'Proceed to POC', 'POC Amal  Thomas verified and closed the ticket', 230, 12, 5, '2017-09-18 08:20:29', 5),
(570, 288, 'User Accepted', 'User Normal User has been successfully accepted the closure. ', 138, 14, 4, '2017-09-18 08:21:10', 6),
(571, 289, 'User Ticket History', 'User created a ticket - TICKT-289 on 18-09-2017', 138, 1, 4, '2017-09-18 09:10:56', 0),
(572, 289, 'TICKT-289 - POC to Dept. Head', 'POC Amal  Thomas assigned ticket - TICKT-289 to Dept Head.', 230, 2, 5, '2017-09-18 09:11:36', 1),
(573, 289, 'TICKT-289 - POC to Dept. Head', 'POC Amal  Thomas assigned ticket - TICKT-289 to Dept Head.', 230, 2, 5, '2017-09-18 09:11:56', 2),
(574, 289, 'TICKT-289 - Dept Head to Dept. Employee', 'Dept Head Lijin  Joseph assigned ticket - TICKT-289 to Dept Employee.', 236, 4, 6, '2017-09-18 09:20:31', 3),
(575, 289, 'TICKT-289 - POC to Dept. Head', 'POC Amal  Thomas assigned ticket - TICKT-289 to Dept Head.', 230, 2, 5, '2017-09-18 10:09:22', 4),
(576, 289, 'TICKT-289 - POC to Dept. Head', 'POC Amal  Thomas assigned ticket - TICKT-289 to Dept Head.', 230, 2, 5, '2017-09-18 10:11:47', 5),
(577, 289, 'TICKT-289 - POC to Dept. Head', 'POC Amal  Thomas assigned ticket - TICKT-289 to Dept Head.', 230, 2, 5, '2017-09-18 10:11:59', 6),
(578, 289, 'TICKT-289 - POC to Dept. Head', 'POC Amal  Thomas assigned ticket - TICKT-289 to Dept Head.', 230, 2, 5, '2017-09-18 10:23:42', 7),
(579, 289, 'TICKT-289 - Dept Head to Dept. Employee', 'Dept Head Nithin  Benny assigned ticket - TICKT-289 to Dept Employee.', 235, 4, 6, '2017-09-19 10:43:57', 8),
(580, 289, 'TICKT-289 - POC to Dept. Head', 'POC Amal  Thomas assigned ticket - TICKT-289 to Dept Head.', 230, 2, 5, '2017-09-19 10:47:37', 9),
(581, 289, 'TICKT-289 - Ticket Resolved by Department Head', 'Ticket - TICKT-289 has been resolved by Lijin  Joseph', 236, 19, 6, '2017-09-19 10:49:13', 10),
(582, 289, 'Proceed to POC', 'POC Amal  Thomas verified and closed the ticket', 230, 12, 5, '2017-09-19 10:51:56', 11),
(583, 290, 'User Ticket History', 'User created a ticket - TICKT-290 on 19-09-2017', 138, 1, 4, '2017-09-19 11:00:42', 0),
(584, 290, 'TICKT-290 - POC to Dept. Head', 'POC Amal  Thomas assigned ticket - TICKT-290 to Dept Head.', 230, 2, 5, '2017-09-19 11:01:11', 1),
(585, 290, 'TICKT-290 - POC to Dept. Head', 'POC Amal  Thomas assigned ticket - TICKT-290 to Dept Head.', 230, 2, 5, '2017-09-19 11:08:55', 2),
(586, 290, 'TICKT-290 - POC Re-assigned to Dept. Head', 'POC Amal  Thomas re-assigned ticket - TICKT-290 to Dept Head.', 230, 2, 5, '2017-09-19 11:44:41', 3),
(587, 290, 'TICKT-290 - Dept Head to Dept. Employee', 'Dept Head Nithin  Benny assigned ticket - TICKT-290 to Dept Employee.', 235, 4, 6, '2017-09-19 11:45:37', 4),
(588, 290, 'TICKT-290 - Dept Head Re-assigned to Dept. Employee', 'Dept Head Nithin  Benny re-assigned ticket - TICKT-290 to Dept Employee.', 235, 4, 6, '2017-09-19 11:45:51', 5),
(589, 290, 'TICKT-290 - Ticket Resolved', 'Ticket - TICKT-290 has been resolved by Akhil  John', 238, 11, 3, '2017-09-19 11:48:52', 6),
(590, 290, 'Proceed to POC', 'POC Amal  Thomas verified and closed the ticket', 230, 12, 5, '2017-09-19 11:57:25', 7),
(591, 268, 'TICKT-268 - POC to Dept. Head', 'POC Amal  Thomas assigned ticket - TICKT-268 to Dept Head.', 230, 2, 5, '2017-09-19 11:57:52', 1),
(592, 268, 'TICKT-268 - Dept Head to Dept. Employee', 'Dept Head Nithin  Benny assigned ticket - TICKT-268 to Dept Employee.', 235, 4, 6, '2017-09-19 11:58:15', 2),
(593, 268, 'TICKT-268 - Dept Head Re-assigned to Dept. Employee', 'Dept Head Nithin  Benny re-assigned ticket - TICKT-268 to Dept Employee.', 235, 4, 6, '2017-09-19 11:58:28', 3),
(594, 274, 'TICKT-274 - Ticket Resolved', 'Ticket - TICKT-274 has been resolved by Vishnu  P', 237, 11, 3, '2017-09-19 11:58:56', 5),
(595, 274, 'TICKT-274 - Ticket Accepted', 'Ticket - TICKT-274 has been accepted by Nithin  Benny', 235, 17, 6, '2017-09-19 12:00:12', 6),
(596, 291, 'User Ticket History', 'User created a ticket - TICKT-291 on 19-09-2017', 138, 1, 4, '2017-09-19 12:12:24', 0),
(597, 291, 'TICKT-291 - POC to Dept. Head', 'POC Amal  Thomas assigned ticket - TICKT-291 to Dept Head.', 230, 2, 5, '2017-09-19 12:13:00', 1),
(598, 291, 'TICKT-291 - POC Re-assigned to Dept. Head', 'POC Amal  Thomas re-assigned ticket - TICKT-291 to Dept Head.', 230, 2, 5, '2017-09-19 12:21:50', 2),
(599, 291, 'Proceed to POC', 'POC Amal  Thomas rejected the ticket', 230, 9, 5, '2017-09-19 12:22:45', 3),
(600, 266, 'Proceed to POC', 'POC Amal  Thomas rejected the ticket', 230, 9, 5, '2017-09-19 12:28:32', 1),
(601, 263, 'Forwared to Mananger', 'POC Amal  Thomas requested for management approval', 230, 5, 5, '2017-09-19 12:29:13', 1),
(602, 290, 'User Accepted', 'User Normal User has been successfully accepted the closure. ', 138, 14, 4, '2017-09-19 12:39:06', 8),
(603, 274, 'TICKT-274 - Reject the resolution (Re-Assign)', 'Issue found on resolved ticket - TICKT-274 and Amal  Thomas re-assign to Nithin  Benny', 230, 13, 5, '2017-09-19 12:40:56', 7),
(604, 292, 'User Ticket History', 'User created a ticket - TICKT-292 on 19-09-2017', 138, 1, 4, '2017-09-19 12:46:46', 0),
(605, 293, 'User Ticket History', 'User created a ticket - TICKT-293 on 27-09-2017', 138, 1, 4, '2017-09-27 11:12:34', 0),
(606, 294, 'Ticket splitting history', 'Ticket split no: 1. bdsbsb', 230, 2, 5, '2017-09-27 11:53:24', 1),
(607, 295, 'Ticket splitting history', 'Ticket split no: 2. sdrehserhse', 230, 2, 5, '2017-09-27 11:53:56', 1),
(608, 294, 'TICKT-294 - Dept Head to Dept. Employee', 'Dept Head Nithin  Benny assigned ticket - TICKT-294 to Dept Employee.', 235, 4, 6, '2017-09-27 04:58:38', 2),
(609, 295, 'TICKT-295 - Ticket Resolved by Department Head', 'Ticket - TICKT-295 has been resolved by Nithin  Benny', 235, 19, 6, '2017-09-27 04:58:54', 2),
(610, 294, 'TICKT-294 - Ticket Resolved', 'Ticket - TICKT-294 has been resolved by Vishnu  P', 237, 11, 3, '2017-09-27 04:59:13', 3),
(611, 294, 'TICKT-294 - Ticket Accepted', 'Ticket - TICKT-294 has been accepted by Nithin  Benny', 235, 17, 6, '2017-09-27 04:59:34', 4),
(612, 295, 'Proceed to POC', 'POC Amal  Thomas verified and closed the ticket', 230, 12, 5, '2017-09-27 05:00:53', 3),
(613, 294, 'Proceed to POC', 'POC Amal  Thomas verified and closed the ticket', 230, 12, 5, '2017-09-27 05:01:17', 5),
(614, 293, 'Proceed to POC', 'POC Amal  Thomas verified and closed the ticket', 230, 12, 5, '2017-09-27 05:01:38', 1),
(615, 296, 'User Ticket History', 'User created a ticket - TICKT-296 on 27-09-2017', 138, 1, 4, '2017-09-27 05:21:38', 0),
(616, 297, 'Ticket splitting history', 'Ticket split no: 1. htrh', 230, 2, 5, '2017-09-27 05:22:38', 1),
(617, 298, 'Ticket splitting history', 'Ticket split no: 2. grsegser', 230, 2, 5, '2017-09-27 05:23:00', 1),
(618, 298, 'TICKT-298 - Ticket Resolved by Department Head', 'Ticket - TICKT-298 has been resolved by Nithin  Benny', 235, 19, 6, '2017-09-27 05:23:31', 2),
(619, 297, 'TICKT-297 - Ticket Resolved by Department Head', 'Ticket - TICKT-297 has been resolved by Nithin  Benny', 235, 19, 6, '2017-09-27 05:23:48', 2),
(620, 298, 'Proceed to POC', 'POC Amal  Thomas verified and closed the ticket', 230, 12, 5, '2017-09-27 05:24:12', 3),
(621, 297, 'Proceed to POC', 'POC Amal  Thomas verified and closed the ticket', 230, 12, 5, '2017-09-27 05:26:36', 3),
(622, 299, 'User Ticket History', 'User created a ticket - TICKT-299 on 27-09-2017', 138, 1, 4, '2017-09-27 05:30:10', 0),
(623, 300, 'Ticket splitting history', 'Ticket split no: 1. nbydr', 230, 2, 5, '2017-09-27 05:30:52', 1),
(624, 301, 'Ticket splitting history', 'Ticket split no: 2. fr', 230, 2, 5, '2017-09-27 05:31:03', 1),
(625, 300, 'TICKT-300 - Ticket Resolved by Department Head', 'Ticket - TICKT-300 has been resolved by Nithin  Benny', 235, 19, 6, '2017-09-27 05:31:32', 2),
(626, 301, 'TICKT-301 - Ticket Resolved by Department Head', 'Ticket - TICKT-301 has been resolved by Nithin  Benny', 235, 19, 6, '2017-09-27 05:31:56', 2),
(627, 302, 'User Ticket History', 'User created a ticket - TICKT-302 on 27-09-2017', 138, 1, 4, '2017-09-27 05:53:33', 0),
(628, 303, 'Ticket splitting history', 'Ticket split no: 1. vcrwf', 230, 2, 5, '2017-09-27 05:55:02', 1),
(629, 304, 'Ticket splitting history', 'Ticket split no: 2. dcew', 230, 2, 5, '2017-09-27 05:55:14', 1),
(630, 303, 'TICKT-303 - Ticket Resolved by Department Head', 'Ticket - TICKT-303 has been resolved by Nithin  Benny', 235, 19, 6, '2017-09-27 05:56:13', 2),
(631, 304, 'TICKT-304 - Ticket Resolved by Department Head', 'Ticket - TICKT-304 has been resolved by Nithin  Benny', 235, 19, 6, '2017-09-27 05:56:31', 2),
(632, 303, 'Proceed to POC', 'POC Amal  Thomas verified and closed the ticket', 230, 12, 5, '2017-09-27 05:56:54', 3),
(633, 304, 'Proceed to POC', 'POC Amal  Thomas verified and closed the ticket', 230, 12, 5, '2017-09-27 06:27:20', 3),
(634, 302, 'Proceed to POC', 'POC Amal  Thomas verified and closed the ticket', 230, 12, 5, '2017-09-27 06:27:42', 1),
(635, 305, 'User Ticket History', 'User created a ticket - TICKT-305 on 28-09-2017', 138, 1, 4, '2017-09-28 11:41:21', 0),
(636, 306, 'Ticket splitting history', 'Ticket split no: 1. ghtr', 230, 2, 5, '2017-09-28 11:42:15', 1),
(637, 307, 'Ticket splitting history', 'Ticket split no: 2. gres', 230, 2, 5, '2017-09-28 11:42:28', 1),
(638, 306, 'TICKT-306 - Dept Head to Dept. Employee', 'Dept Head Nithin  Benny assigned ticket - TICKT-306 to Dept Employee.', 235, 4, 6, '2017-09-28 11:51:34', 2),
(639, 307, 'TICKT-307 - Ticket Resolved by Department Head', 'Ticket - TICKT-307 has been resolved by Nithin  Benny', 235, 19, 6, '2017-09-28 11:51:49', 2),
(640, 306, 'TICKT-306 - Ticket Resolved', 'Ticket - TICKT-306 has been resolved by Vishnu  P', 237, 11, 3, '2017-09-28 11:53:41', 3),
(641, 306, 'TICKT-306 - Ticket Accepted', 'Ticket - TICKT-306 has been accepted by Nithin  Benny', 235, 17, 6, '2017-09-28 11:54:04', 4),
(642, 306, 'Proceed to POC', 'POC Amal  Thomas verified and closed the split child ticket', 230, 12, 5, '2017-09-28 11:56:30', 5),
(643, 307, 'Proceed to POC', 'POC Amal  Thomas verified and closed the split child ticket', 230, 12, 5, '2017-09-28 12:03:14', 3),
(644, 308, 'User Ticket History', 'User created a ticket - TICKT-308 on 28-09-2017', 138, 1, 4, '2017-09-28 12:26:51', 0),
(645, 308, 'Ticket has been splited', 'POC split ticket TICKET-308 on 28-09-2017', 0, 16, 5, '2017-09-28 12:27:26', 1),
(646, 645, 'Ticket splitting history', 'Ticket split no: 1. vfrdsa', 230, 2, 5, '2017-09-28 12:27:26', 1),
(647, 308, 'Ticket has been splited', 'POC split ticket TICKET-308 on 28-09-2017', 0, 16, 5, '2017-09-28 12:27:35', 2),
(648, 647, 'Ticket splitting history', 'Ticket split no: 2. vgfre', 230, 2, 5, '2017-09-28 12:27:35', 1),
(649, 311, 'User Ticket History', 'User created a ticket - TICKT-311 on 28-09-2017', 138, 1, 4, '2017-09-28 12:35:46', 0),
(650, 311, 'Ticket has been splited', 'POC split ticket TICKET-311 on 28-09-2017', 0, 16, 5, '2017-09-28 12:36:18', 1),
(651, 312, 'Ticket splitting history', 'Ticket split no: 1. gtdes', 230, 2, 5, '2017-09-28 12:36:18', 1),
(652, 311, 'Ticket has been splited', 'POC split ticket TICKET-311 on 28-09-2017', 230, 16, 5, '2017-09-28 12:36:28', 2),
(653, 313, 'Ticket splitting history', 'Ticket split no: 2. gtde', 230, 2, 5, '2017-09-28 12:36:28', 1),
(654, 314, 'User Ticket History', 'User created a ticket - TICKT-314 on 28-09-2017', 138, 1, 4, '2017-09-28 02:05:16', 0),
(655, 314, 'Ticket has been splited', 'POC split 1 ticket TICKET-314 on 28-09-2017', 230, 16, 5, '2017-09-28 02:08:18', 1),
(656, 317, 'Ticket splitting history', 'Ticket split no: 1. tbrgh', 230, 2, 5, '2017-09-28 02:08:18', 1),
(657, 314, 'Ticket has been splited', 'POC split 1 ticket TICKET-314 on 28-09-2017', 230, 16, 5, '2017-09-28 02:08:31', 2),
(658, 318, 'Ticket splitting history', 'Ticket split no: 2. vre', 230, 2, 5, '2017-09-28 02:08:31', 1),
(659, 319, 'User Ticket History', 'User created a ticket - TICKT-319 on 28-09-2017', 138, 1, 4, '2017-09-28 02:20:39', 0),
(660, 319, 'Ticket has been splited', 'POC split ticket TICKET-319 as TICKET-320 on 28-09-2017', 230, 16, 5, '2017-09-28 02:21:16', 1),
(661, 320, 'Ticket splitting history', 'Ticket split no: 1. frew', 230, 2, 5, '2017-09-28 02:21:16', 1),
(662, 319, 'Ticket has been splited', 'POC split ticket TICKET-319 as TICKET-321 on 28-09-2017', 230, 16, 5, '2017-09-28 02:21:25', 2),
(663, 321, 'Ticket splitting history', 'Ticket split no: 2. fcewq', 230, 2, 5, '2017-09-28 02:21:25', 1),
(664, 321, 'TICKT-321 - Ticket Resolved by Department Head', 'Ticket - TICKT-321 has been resolved by Nithin  Benny', 235, 19, 6, '2017-09-28 03:48:24', 2),
(665, 320, 'TICKT-320 - Ticket Resolved by Department Head', 'Ticket - TICKT-320 has been resolved by Nithin  Benny', 235, 19, 6, '2017-09-28 03:48:42', 2),
(666, 320, 'Proceed to POC', 'POC Amal  Thomas verified and closed the split child ticket', 230, 12, 5, '2017-09-28 03:49:17', 3),
(667, 321, 'Proceed to POC', 'POC Amal  Thomas verified and closed the split child ticket', 230, 12, 5, '2017-09-28 03:49:37', 3),
(668, 319, 'Proceed to POC', 'POC Amal  Thomas verified and closed the ticket', 230, 12, 5, '2017-09-28 03:50:27', 3),
(669, 319, 'User Accepted', 'User Normal User has been successfully accepted the closure. ', 138, 14, 4, '2017-09-28 03:51:23', 4),
(670, 322, 'User Ticket History', 'User created a ticket - TICKT-322 on 28-09-2017', 138, 1, 4, '2017-09-28 05:18:03', 0),
(671, 322, 'TICKT-322 - POC to Dept. Head', 'POC Amal  Thomas assigned ticket - TICKT-322 to Dept Head.', 230, 2, 5, '2017-09-28 05:18:38', 1),
(672, 322, 'TICKT-322 - Ticket Resolved by Department Head', 'Ticket - TICKT-322 has been resolved by Nithin  Benny', 235, 19, 6, '2017-09-28 05:18:58', 2),
(673, 322, 'Proceed to POC', 'POC Amal  Thomas verified and closed the ticket', 230, 12, 5, '2017-09-28 05:19:20', 3),
(674, 323, 'User Ticket History', 'User created a ticket - TICKT-323 on 28-09-2017', 138, 1, 4, '2017-09-28 05:20:07', 0),
(675, 323, 'Ticket has been splited', 'POC split ticket TICKET-323 as TICKET-324 on 28-09-2017', 230, 16, 5, '2017-09-28 05:21:15', 1),
(676, 324, 'Ticket splitting history', 'Ticket split no: 1. bdfg', 230, 2, 5, '2017-09-28 05:21:15', 1),
(677, 323, 'Ticket has been splited', 'POC split ticket TICKET-323 as TICKET-325 on 28-09-2017', 230, 16, 5, '2017-09-28 05:21:25', 2),
(678, 325, 'Ticket splitting history', 'Ticket split no: 2. nhgdfh', 230, 2, 5, '2017-09-28 05:21:25', 1),
(679, 323, 'Ticket has been splited', 'POC split ticket TICKET-323 as TICKET-326 on 28-09-2017', 230, 16, 5, '2017-09-28 05:21:34', 3),
(680, 326, 'Ticket splitting history', 'Ticket split no: 3. bgds', 230, 2, 5, '2017-09-28 05:21:34', 1),
(681, 324, 'TICKT-324 - Dept Head to Dept. Employee', 'Dept Head Nithin  Benny assigned ticket - TICKT-324 to Dept Employee.', 235, 4, 6, '2017-09-28 05:22:40', 2),
(682, 325, 'TICKT-325 - Ticket Resolved by Department Head', 'Ticket - TICKT-325 has been resolved by Nithin  Benny', 235, 19, 6, '2017-09-28 05:27:19', 2),
(683, 326, 'TICKT-326 - Dept Head to Dept. Employee', 'Dept Head Nithin  Benny assigned ticket - TICKT-326 to Dept Employee.', 235, 4, 6, '2017-09-28 05:27:36', 2),
(684, 324, 'TICKT-324 - Ticket Resolved', 'Ticket - TICKT-324 has been resolved by Vishnu  P', 237, 11, 3, '2017-09-28 05:28:17', 3),
(685, 326, 'TICKT-326 - Ticket Resolved', 'Ticket - TICKT-326 has been resolved by Akhil  John', 238, 11, 3, '2017-09-28 05:28:36', 3),
(686, 326, 'TICKT-326 - Ticket Accepted', 'Ticket - TICKT-326 has been accepted by Nithin  Benny', 235, 17, 6, '2017-09-28 05:29:11', 4),
(687, 324, 'TICKT-324 - Ticket Accepted', 'Ticket - TICKT-324 has been accepted by Nithin  Benny', 235, 17, 6, '2017-09-28 05:29:28', 4),
(688, 326, 'Proceed to POC', 'POC Amal  Thomas verified and closed the split child ticket', 230, 12, 5, '2017-09-28 05:30:06', 5),
(689, 324, 'TICKT-324 - Reject the resolution (Re-Assign)', 'Issue found on resolved ticket - TICKT-324 and Amal  Thomas re-assign to Nithin  Benny', 230, 13, 5, '2017-09-28 06:11:59', 5),
(690, 325, 'TICKT-325 - Ticket Resolved by Department Head', 'Ticket - TICKT-325 has been resolved by Nithin  Benny', 235, 19, 6, '2017-09-28 06:15:20', 3),
(691, 324, 'TICKT-324 - Dept Head Re-assigned to Dept. Employee', 'Dept Head Nithin  Benny re-assigned ticket - TICKT-324 to Dept Employee.', 235, 4, 6, '2017-09-28 06:15:42', 6),
(692, 324, 'TICKT-324 - Ticket Resolved', 'Ticket - TICKT-324 has been resolved by Vishnu  P', 237, 11, 3, '2017-09-28 06:16:04', 7),
(693, 324, 'TICKT-324 - Ticket Accepted', 'Ticket - TICKT-324 has been accepted by Nithin  Benny', 235, 17, 6, '2017-09-28 06:16:48', 8),
(694, 325, 'Proceed to POC', 'POC Amal  Thomas verified and closed the split child ticket', 230, 12, 5, '2017-09-28 06:17:42', 4),
(695, 324, 'Proceed to POC', 'POC Amal  Thomas verified and closed the split child ticket', 230, 12, 5, '2017-09-28 06:18:06', 9),
(696, 323, 'Proceed to POC', 'POC Amal  Thomas verified and closed the ticket', 230, 12, 5, '2017-09-28 06:33:55', 4),
(697, 327, 'User Ticket History', 'User created a ticket - TICKT-327 on 05-10-2017', 138, 1, 4, '2017-10-05 12:37:09', 0),
(698, 327, 'TICKT-327 - POC to Dept. Head', 'POC Amal  Thomas assigned ticket - TICKT-327 to Dept Head.', 230, 2, 5, '2017-10-05 12:37:38', 1),
(699, 327, 'TICKT-327 - Ticket Resolved by Department Head', 'Ticket - TICKT-327 has been resolved by Nithin  Benny', 235, 19, 6, '2017-10-05 12:38:13', 2),
(700, 328, 'User Ticket History', 'User created a ticket - TICKT-328 on 09-10-2017', 138, 1, 4, '2017-10-09 02:39:03', 0),
(701, 329, 'User Ticket History', 'User created a ticket - TICKT-329 on 19-10-2017', 138, 1, 4, '2017-10-19 03:03:33', 0),
(702, 329, 'Ticket has been splited', 'POC split ticket TICKET-329 as TICKET-330 on 19-10-2017', 230, 16, 5, '2017-10-19 03:05:28', 1),
(703, 331, 'User Ticket History', 'User created a ticket - TICKT-331 on 19-10-2017', 138, 1, 4, '2017-10-19 03:11:24', 0),
(704, 331, 'Ticket has been splited', 'POC split ticket TICKET-331 as TICKET-332 on 19-10-2017', 230, 16, 5, '2017-10-19 03:12:20', 1),
(705, 333, 'User Ticket History', 'User created a ticket - TICKT-333 on 19-10-2017', 138, 1, 4, '2017-10-19 03:16:26', 0),
(706, 333, 'Ticket has been splited', 'POC split ticket TICKET-333 as TICKET-334 on 19-10-2017', 230, 16, 5, '2017-10-19 03:17:06', 1),
(707, 334, 'Ticket splitting history', 'Ticket split no: 1. fda', 230, 2, 5, '2017-10-19 03:17:09', 1),
(708, 333, 'Ticket has been splited', 'POC split ticket TICKET-333 as TICKET-335 on 19-10-2017', 230, 16, 5, '2017-10-19 03:17:22', 2),
(709, 335, 'Ticket splitting history', 'Ticket split no: 2. gdsg', 230, 2, 5, '2017-10-19 03:17:26', 1),
(710, 334, 'TICKT-334 - Dept Head to Dept. Employee', 'Dept Head Nithin  Benny assigned ticket - TICKT-334 to Dept Employee.', 235, 4, 6, '2017-10-19 03:18:33', 2),
(711, 335, 'TICKT-335 - Ticket Resolved by Department Head', 'Ticket - TICKT-335 has been resolved by Nithin  Benny', 235, 19, 6, '2017-10-19 03:18:57', 2),
(712, 334, 'TICKT-334 - Ticket Resolved', 'Ticket - TICKT-334 has been resolved by Vishnu  P', 237, 11, 3, '2017-10-19 03:19:20', 3),
(713, 334, 'TICKT-334 - Ticket Accepted', 'Ticket - TICKT-334 has been accepted by Nithin  Benny', 235, 17, 6, '2017-10-19 03:19:47', 4),
(714, 334, 'Proceed to POC', 'POC Amal  Thomas verified and closed the split child ticket', 230, 12, 5, '2017-10-19 03:20:16', 5),
(715, 335, 'Proceed to POC', 'POC Amal  Thomas verified and closed the split child ticket', 230, 12, 5, '2017-10-19 03:20:31', 3),
(716, 333, 'Proceed to POC', 'POC Amal  Thomas verified and closed the ticket', 230, 12, 5, '2017-10-19 03:21:18', 3),
(717, 333, 'User Accepted', 'User Normal User has been successfully accepted the closure. ', 138, 14, 4, '2017-10-19 03:22:02', 4),
(718, 323, 'User Accepted', 'User Normal User has been successfully accepted the closure. ', 138, 14, 4, '2017-10-20 01:27:10', 5),
(719, 336, 'User Ticket History', 'User created a ticket - TICKT-336 on 06-11-2017', 138, 1, 4, '2017-11-06 11:19:36', 0),
(720, 337, 'User Ticket History', 'User created a ticket - TICKT-337 on 07-11-2017', 138, 1, 4, '2017-11-07 10:17:49', 0);

-- --------------------------------------------------------

--
-- Table structure for table `ticket_severity_level`
--

CREATE TABLE `ticket_severity_level` (
  `id` int(11) NOT NULL,
  `severity_level` varchar(255) NOT NULL
) ENGINE=InnoDB DEFAULT CHARSET=latin1;

--
-- Dumping data for table `ticket_severity_level`
--

INSERT INTO `ticket_severity_level` (`id`, `severity_level`) VALUES
(1, 'Critical'),
(2, 'Major'),
(3, 'Minor');

-- --------------------------------------------------------

--
-- Table structure for table `ticket_status`
--

CREATE TABLE `ticket_status` (
  `id` int(11) NOT NULL,
  `ticket_status` varchar(255) NOT NULL
) ENGINE=InnoDB DEFAULT CHARSET=latin1;

--
-- Dumping data for table `ticket_status`
--

INSERT INTO `ticket_status` (`id`, `ticket_status`) VALUES
(1, 'User Created - Assigned to POC'),
(2, 'POC Assigned to Dept Head'),
(3, 'POC Assigned to Employee'),
(4, 'Dept Head Assigned to Employee'),
(5, 'Requested Management Approval'),
(6, 'Management Approved'),
(7, 'Management Rejected'),
(8, 'POC closed due to Management Rejection'),
(9, 'POC Rejected Ticket'),
(10, 'Ticket Re-Assigned'),
(11, 'Employee Resolved Ticket'),
(12, 'POC Verified and Closed'),
(13, 'POC Rejected The Resolution'),
(14, 'User Accepted The Closure'),
(15, 'User Re-opened'),
(16, 'Ticket has been splitted '),
(17, 'Department Head Accepted'),
(18, 'Department Head Rejected'),
(19, 'Department Head Resolved Ticket');

-- --------------------------------------------------------

--
-- Table structure for table `ticket_status_action_mapping`
--

CREATE TABLE `ticket_status_action_mapping` (
  `id` int(11) NOT NULL,
  `ticket_status` int(11) NOT NULL,
  `action` int(11) NOT NULL
) ENGINE=InnoDB DEFAULT CHARSET=latin1;

--
-- Dumping data for table `ticket_status_action_mapping`
--

INSERT INTO `ticket_status_action_mapping` (`id`, `ticket_status`, `action`) VALUES
(1, 1, 2),
(2, 1, 5),
(3, 1, 9),
(4, 6, 2),
(5, 6, 9),
(6, 7, 8),
(7, 7, 9),
(8, 11, 12),
(9, 11, 13),
(10, 2, 4),
(11, 2, 19),
(12, 13, 4),
(13, 13, 19),
(14, 3, 11),
(15, 4, 11),
(16, 12, 14),
(17, 12, 15),
(18, 5, 6),
(19, 5, 7),
(20, 15, 2),
(21, 15, 3),
(22, 15, 5),
(23, 15, 9),
(24, 2, 2),
(25, 2, 9),
(26, 4, 2),
(27, 4, 4),
(28, 4, 9),
(29, 11, 4),
(30, 11, 0),
(31, 11, 17),
(32, 11, 18),
(33, 17, 12),
(34, 17, 13),
(35, 18, 4),
(36, 18, 11),
(37, 19, 12),
(38, 19, 13),
(39, 16, 12);

-- --------------------------------------------------------

--
-- Table structure for table `user`
--

CREATE TABLE `user` (
  `id` int(11) NOT NULL,
  `user_role_type` int(11) NOT NULL,
  `employee_code` varchar(255) NOT NULL,
  `username` varchar(255) NOT NULL,
  `password` varchar(255) NOT NULL,
  `status` int(11) NOT NULL,
  `created_date` datetime NOT NULL,
  `updated_date` timestamp NOT NULL DEFAULT CURRENT_TIMESTAMP ON UPDATE CURRENT_TIMESTAMP
) ENGINE=InnoDB DEFAULT CHARSET=latin1;

--
-- Dumping data for table `user`
--

INSERT INTO `user` (`id`, `user_role_type`, `employee_code`, `username`, `password`, `status`, `created_date`, `updated_date`) VALUES
(1, 1, 'S-Admin', 'superadmin', '4cff8d3b777a1a3024f93ab366ecf409', 1, '2017-02-21 00:00:00', '2017-06-09 08:53:02'),
(2, 9, 'EMP-T-002', 'management', '4cff8d3b777a1a3024f93ab366ecf409', 1, '2017-02-21 08:14:48', '2017-11-04 08:50:03'),
(3, 3, 'EMP-T-003', 'headmaster@hollyangles.in', '4cff8d3b777a1a3024f93ab366ecf409', 1, '2017-02-21 08:15:45', '2017-05-15 09:06:09'),
(4, 3, 'EMP-T-004', 'dino@hollyangles.com', '4cff8d3b777a1a3024f93ab366ecf409', 1, '2017-02-21 08:16:38', '2017-06-16 05:28:10'),
(5, 6, 'EMP-T-005', 'amal@hollyangles.com', '4cff8d3b777a1a3024f93ab366ecf409', 1, '2017-02-21 08:17:18', '2017-02-21 07:52:30'),
(6, 7, 'EMP-T-006', 'adwit@hollyangles.com', '4cff8d3b777a1a3024f93ab366ecf409', 1, '2017-02-21 08:18:09', '2017-06-16 05:28:10'),
(7, 3, 'EMP-T-007', 'afsal@hollyangles.com', '4cff8d3b777a1a3024f93ab366ecf409', 1, '2017-02-21 08:19:02', '2017-02-21 07:52:36'),
(8, 6, 'EMP-T-008', 'rahul@hollyangles.com', '4cff8d3b777a1a3024f93ab366ecf409', 1, '2017-02-21 08:22:29', '2017-05-15 09:06:09'),
(9, 5, 'EMP-T-009', 'vishnu@hollyangles.com', '4cff8d3b777a1a3024f93ab366ecf409', 1, '2017-02-21 08:27:55', '2017-02-21 07:52:43'),
(10, 6, 'EMP-T-010', 'akhil@hollyangles.com', '4cff8d3b777a1a3024f93ab366ecf409', 1, '2017-02-21 08:30:00', '2017-02-21 07:52:46'),
(11, 3, 'EMP-T-011', 'viswajith@hollyangles.com', '4cff8d3b777a1a3024f93ab366ecf409', 1, '2017-02-21 08:30:54', '2017-02-21 07:52:50'),
(12, 3, 'EMP-T-012', 'athul@hollyangles.com', '4cff8d3b777a1a3024f93ab366ecf409', 1, '2017-02-21 08:33:54', '2017-02-21 07:52:53'),
(13, 6, 'EMP-T-013', 'jishnu@hollyangles.com', '4cff8d3b777a1a3024f93ab366ecf409', 1, '2017-02-21 08:34:48', '2017-02-21 07:52:59'),
(14, 2, 'EMP-T-014', 'abin@cet.com', '4cff8d3b777a1a3024f93ab366ecf409', 1, '2017-02-21 08:37:04', '2017-08-30 12:09:35'),
(15, 7, 'EMP-T-015', 'adarsh@cet.com', '4cff8d3b777a1a3024f93ab366ecf409', 0, '2017-02-21 08:38:19', '2017-06-16 07:04:56'),
(16, 3, 'EMP-T-016', 'ajin@cet.com', '4cff8d3b777a1a3024f93ab366ecf409', 1, '2017-02-21 08:39:54', '2017-02-21 07:53:09'),
(17, 6, 'EMP-T-017', 'arun@cet.com', '4cff8d3b777a1a3024f93ab366ecf409', 1, '2017-02-21 08:40:29', '2017-02-21 07:53:12'),
(18, 6, 'EMP-T-018', 'aswin@cet.com', '4cff8d3b777a1a3024f93ab366ecf409', 1, '2017-02-21 08:41:17', '2017-02-21 07:53:15'),
(19, 3, 'EMP-T-019', 'bonis@cet.com', '4cff8d3b777a1a3024f93ab366ecf409', 1, '2017-02-21 08:42:04', '2017-06-16 07:04:41'),
(20, 3, 'EMP-T-020', 'dheeraj@cet.com', '4cff8d3b777a1a3024f93ab366ecf409', 1, '2017-02-21 08:43:24', '2017-02-21 07:53:20'),
(21, 7, 'EMP-T-021', 'george@cet.com', '4cff8d3b777a1a3024f93ab366ecf409', 1, '2017-02-21 08:44:06', '2017-03-22 09:26:56'),
(22, 5, 'EMP-T-022', 'jibin@cet.com', '4cff8d3b777a1a3024f93ab366ecf409', 1, '2017-02-21 08:44:54', '2017-06-09 08:43:24'),
(23, 6, 'EMP-T-023', 'hani@cet.com', '4cff8d3b777a1a3024f93ab366ecf409', 1, '2017-02-21 08:45:42', '2017-02-21 07:53:28'),
(24, 6, 'EMP-T-024', 'manu@cet.com', '4cff8d3b777a1a3024f93ab366ecf409', 1, '2017-02-21 08:46:36', '2017-05-15 09:24:34'),
(25, 4, 'USR-T-001', 'nithin@gmail.com', '4cff8d3b777a1a3024f93ab366ecf409', 2, '2017-02-21 09:01:37', '2017-09-20 12:01:02'),
(26, 4, 'USR-T-002', 'navas@gmail.com', '89e367a71b1c74e2eaa0b367ee12bc88', 1, '2017-02-21 10:18:35', '2017-08-15 13:53:06'),
(27, 4, 'USR-T-003', 'avnish@gmail.com', '4cff8d3b777a1a3024f93ab366ecf409', 1, '2017-03-06 09:00:02', '2017-03-06 08:01:07'),
(28, 4, 'USR-T-009', 'soman@gmail.com', 'ff2e0d10215904bd96f882ded83e956f', 1, '2017-03-27 02:51:17', '2017-03-27 12:51:17'),
(29, 4, 'USR-T-010', 'ggg@gmail.com', '1d7ef3d012d7dc8d925ccf903cb62ad8', 1, '2017-03-27 03:01:52', '2017-03-27 13:01:52'),
(30, 6, 'EMP-T-025', 'athul@bteem.com', '4cff8d3b777a1a3024f93ab366ecf409', 1, '2017-03-31 12:28:22', '2017-04-04 04:55:01'),
(31, 5, 'EMP-T-026', 'thomas@st.com', '4cff8d3b777a1a3024f93ab366ecf409', 1, '2017-03-31 01:06:27', '2017-05-15 09:10:07'),
(32, 4, 'USR-T-005', 'nithin719@gmail.com', '4cff8d3b777a1a3024f93ab366ecf409', 1, '2017-03-31 01:30:06', '2017-03-31 11:30:39'),
(33, 4, 'USR-T-006', 'winston@gmail.com', '4cff8d3b777a1a3024f93ab366ecf409', 1, '2017-03-31 03:47:25', '2017-03-31 13:48:03'),
(34, 3, 'EMP-T-027', 'sojan@st.com', '4a8a4eaea48ca81fb371fc98e047f052', 1, '2017-04-03 04:01:46', '2017-05-15 09:10:07'),
(35, 3, 'EMP-T-028', 'raseem@st.com', 'e61000399ac5cdb6244ca35feb851168', 1, '2017-04-03 04:03:55', '2017-04-03 14:03:55'),
(36, 5, 'EMP-T-029', 'manoj@mes.com', '4cff8d3b777a1a3024f93ab366ecf409', 1, '2017-04-04 06:59:31', '2017-06-12 05:16:51'),
(37, 3, 'EMP-T-030', 'rijo@mes.com', '4cff8d3b777a1a3024f93ab366ecf409', 1, '2017-04-04 07:01:00', '2017-06-12 05:16:51'),
(38, 3, 'EMP-T-031', 'sibi@mes.com', '4cff8d3b777a1a3024f93ab366ecf409', 1, '2017-04-04 07:01:35', '2017-04-04 05:27:38'),
(39, 4, 'USR-T-007', 'ram@gmail.com', '4cff8d3b777a1a3024f93ab366ecf409', 1, '2017-04-04 07:26:57', '2017-04-04 05:27:34'),
(40, 4, 'USR-T-009', 'aaa@gmail.com', '35ee540a5f30afee113d4f319bf8c277', 1, '2017-05-17 07:31:19', '2017-05-17 05:31:19'),
(41, 4, 'USR-T-010', 'aaa@gmail.com', '5e6a27f7c8470a1442eb5481972ee2d9', 1, '2017-05-17 07:34:26', '2017-05-17 05:34:26'),
(42, 4, 'USR-T-011', 'ann@gmail.com', '06f3bd04d3927f2630b5ae4c95effff7', 1, '2017-05-17 01:37:24', '2017-05-17 11:37:24'),
(43, 4, 'USR-T-012', 'qqqq@gmail.com', 'b460756e08e61e7ee317d8e4354a72cc', 1, '2017-05-17 01:39:11', '2017-05-17 11:39:11'),
(44, 4, 'USR-T-013', 'qqqq@gmail.com', 'ef1a28adcde9d725c373070af3eaf887', 1, '2017-05-17 01:41:13', '2017-05-17 11:41:13'),
(45, 4, 'USR-T-014', 'qqqq@gmail.com', 'd16979ffd8650fbbb5051c9017b3ece2', 1, '2017-05-17 01:44:15', '2017-05-17 11:44:15'),
(46, 4, 'USR-T-015', 'ttt@gmail.com', '4b6131d975e03c5a256afefa33f6fc64', 1, '2017-05-17 01:45:59', '2017-05-17 11:45:59'),
(47, 4, 'USR-T-017', 'ttt@gmail.com', '92a6602b657f6786bfcd765908ed6c8e', 1, '2017-05-17 01:47:06', '2017-05-17 11:47:06'),
(48, 4, 'USR-T-018', 'ttt@gmail.com', 'd4dc9f8030af465759a43d700fdb8a72', 1, '2017-05-17 01:47:28', '2017-05-17 11:47:28'),
(49, 3, 'USR-T-019', 'ttt@gmail.com', '6b77c7b1326ad4cf7f51067f42be3d52', 1, '2017-05-17 01:47:46', '2017-06-29 06:27:37'),
(50, 4, 'USR-T-020', 'ttt@gmail.com', '16c2a1d662d6eedf86e51793f63ca24e', 1, '2017-05-17 01:47:53', '2017-05-17 11:47:53'),
(51, 4, 'USR-T-021', 'ttt@gmail.com', 'e40b07e2ffb1fd447c2f4df57b72e138', 1, '2017-05-17 01:48:03', '2017-05-17 11:48:03'),
(52, 4, 'USR-T-022', 'ttt@gmail.com', 'd8b52ecc31a6e52d0934e78f113f7e0f', 1, '2017-05-17 01:48:16', '2017-05-17 11:48:16'),
(53, 4, 'USR-T-023', 'ttt@gmail.com', 'f224a643d5c223ab11a076d860c234e7', 1, '2017-05-17 01:48:45', '2017-05-17 11:48:45'),
(54, 4, 'USR-T-024', 'ttt@gmail.com', 'a0a7a564ce32901fb9ee34573ad8eaeb', 1, '2017-05-17 01:49:46', '2017-05-17 11:49:46'),
(55, 4, 'USR-T-025', 'ttt@gmail.com', 'b3b3aeb3495ea9cd1f1906535342018d', 1, '2017-05-17 01:50:00', '2017-05-17 11:50:00'),
(56, 4, 'USR-T-026', 'ttt@gmail.com', '6bc7a81664fa7708442aa9ff922f1d79', 1, '2017-05-17 01:51:05', '2017-05-17 11:51:05'),
(57, 3, 'EMP-T-033', 'ddd@vjec.com', 'a00135606d26d3a424e899591055945a', 1, '2017-05-18 05:51:14', '2017-05-18 03:51:14'),
(58, 4, 'USR-T-027', 'baker@normal.com', '4cff8d3b777a1a3024f93ab366ecf409', 1, '2017-05-19 02:32:38', '2017-06-09 08:51:54'),
(59, 4, 'USR-T-028', 'dd@gg.ffgg', '26510197ad9e5f4fdb068c516462babb', 1, '2017-06-12 02:38:56', '2017-06-12 12:38:56'),
(60, 4, 'USR-T-029', 'gfraeg', '6b830a12bbd577ab06baf65bda4177b8', 1, '2017-06-14 08:42:13', '2017-06-14 06:42:13'),
(61, 4, 'USR-T-030', 'bfgsh@b.fuj', '0c8938d68b68776ed6f2d1d2915627eb', 1, '2017-06-14 08:43:06', '2017-06-14 06:43:06'),
(62, 4, 'USR-T-031', 'fgds', '5290afe88194581d17af27b82905a343', 1, '2017-06-14 08:49:20', '2017-06-14 06:49:20'),
(63, 4, 'USR-T-032', 'nithin@gmail.co', '9562b396ca41a571980da5057db740c0', 1, '2017-06-15 12:08:00', '2017-06-15 10:08:00'),
(64, 4, 'USR-T-033', 'gfv@kj.jh', 'ecbfe4b11f7df13c28b5790a2814608e', 1, '2017-06-15 01:38:46', '2017-06-15 11:38:46'),
(65, 4, 'USR-T-034', 'ghvgv@hjb.dfj', '313b20e265a87a24890528586cb4b1ae', 1, '2017-06-15 01:43:12', '2017-06-15 11:43:12'),
(66, 4, 'USR-T-035', 'eeee@ff.com', '39bd00ebbbef066be38c162a127a6897', 1, '2017-06-15 01:46:35', '2017-06-15 11:46:35'),
(67, 4, 'USR-T-036', 'ds@ds.ff', '71484c33147f5b2ea9b83020f1bce0d8', 1, '2017-06-15 02:05:33', '2017-06-15 12:05:33'),
(68, 4, 'USR-T-037', 'dfs@sgfg.jh', 'ca70941327a5686d1f0d0c77baf4d2f7', 1, '2017-06-15 02:09:02', '2017-06-15 12:09:02'),
(69, 4, 'USR-T-038', 'dfsghuig@hjbg.ghh', '68b134c83b9dd7e7f5736395514a7de8', 1, '2017-06-15 02:15:42', '2017-06-15 12:15:42'),
(70, 4, 'USR-T-039', 'vdd@bgd.fghj', '952ead7cb566039731aca45ae95097df', 1, '2017-06-15 02:17:01', '2017-06-15 12:17:01'),
(71, 4, 'USR-T-040', 'yyy@gg.dh', '2f8fde2d33048830edee4dcf23ee05d5', 1, '2017-06-15 02:23:38', '2017-06-15 12:23:38'),
(72, 4, 'USR-T-041', 'fgvs@hj.gg', '855df04500a8438ed82c8eef10e76477', 1, '2017-06-15 02:37:39', '2017-06-15 12:37:39'),
(73, 4, 'USR-T-042', 'www@ff.hh', '444e4555bcb45b5f95a2cec6eb789235', 1, '2017-06-15 02:40:59', '2017-06-15 12:40:59'),
(74, 4, 'USR-T-043', 'fff@dd.gg', '1634fb80b30b3e3085ec45f2a3f5270e', 1, '2017-06-15 02:42:03', '2017-06-15 12:42:03'),
(75, 4, 'USR-T-044', 'ggg@dee.hh', 'ef027453477d3ffd07479b06cee00ede', 1, '2017-06-15 02:44:03', '2017-06-15 12:44:03'),
(76, 4, 'USR-T-045', 'eeee@dfg.gh', 'cb36802015495cc99e461c62b3531b0d', 1, '2017-06-15 02:46:54', '2017-06-15 12:46:54'),
(77, 4, 'USR-T-046', 'dsfgds', '403121438d4a98676c69d64027d288f6', 1, '2017-06-15 02:52:21', '2017-06-15 12:52:21'),
(78, 4, 'USR-T-047', 'dsf@gfhd.dhfg', '5ea1179d8994b1b53dfd8d6b28787f98', 1, '2017-06-15 03:02:23', '2017-06-15 13:02:23'),
(79, 4, 'USR-T-048', 'jhgdfs@kh.hjg', '4d6aac8a79832a66cd94047dda793a43', 1, '2017-06-15 03:12:16', '2017-06-15 13:12:16'),
(80, 4, 'USR-T-049', 'fvdg@dfgh.dfgh', 'f9c5bc4cfd1da0afd040327179827e9c', 1, '2017-06-15 03:13:23', '2017-06-15 13:13:23'),
(81, 4, 'USR-T-050', 'fdg@fgh.fghj', '138f7d483ed10e164b847b97414a3856', 1, '2017-06-15 03:27:15', '2017-06-15 13:27:15'),
(82, 4, 'USR-T-051', 'bdf@df.ghj', '55433ea4e9252506ad5d7f73b183cb32', 1, '2017-06-15 03:30:47', '2017-06-15 13:30:47'),
(83, 4, 'USR-T-052', 'qw@q.com', 'f8384b4e28b9ae92d8325bbf099a22d1', 1, '2017-06-15 03:37:31', '2017-06-15 13:37:31'),
(84, 4, 'USR-T-053', 'q@q.com', '2a8ea999d32333ae4f04b8edb6c3d0f9', 1, '2017-06-15 03:42:41', '2017-06-15 13:42:41'),
(85, 4, 'USR-T-054', 'f@f.com', '981be5bac90491ade811d9ffd0795863', 1, '2017-06-15 03:43:11', '2017-06-15 13:43:11'),
(86, 4, 'USR-T-055', 'q@v.com', '93e712a1b0aaead46921de3cf7b0bbb0', 1, '2017-06-15 03:45:00', '2017-06-15 13:45:00'),
(87, 4, 'USR-T-056', 'a@v.com', 'ef5e4f517d8f9d4fcb0055ded58b36b8', 1, '2017-06-15 03:46:12', '2017-06-15 13:46:12'),
(88, 4, 'USR-T-057', 'ff@gg.com', '0260ddd633fba385b45e39b41adfc3f7', 1, '2017-06-15 03:48:41', '2017-06-15 13:48:41'),
(89, 4, 'USR-T-058', 'fff@ffk.jj', '1918a18e59988ba47fa3fbfcf7b818fb', 1, '2017-06-16 06:51:44', '2017-06-16 04:51:44'),
(90, 4, 'USR-T-059', 'bb@ff.hjj', 'ce19d51b9d89629379342cf8b95a7ea8', 1, '2017-06-16 06:52:23', '2017-06-16 04:52:23'),
(91, 4, 'USR-T-060', 'gfsg@fdef.fhj', 'c8150345e940d561bbf1cf99b1e3435b', 1, '2017-06-16 06:57:35', '2017-06-16 04:57:35'),
(92, 5, 'EMP-T-034', 'mpoc@mgm.com', 'fa44ddd6b2785f4f8346b3c130785414', 1, '2017-06-16 07:58:33', '2017-06-16 06:03:30'),
(93, 6, 'EMP-T-035', 'mdepthead@mgm.com', '45f89631b13ae7a331688a91c0e43c3c', 1, '2017-06-16 07:59:42', '2017-06-16 06:04:07'),
(94, 7, 'EMP-T-036', 'memp1@mgm.com', '2c4aa7bd7551e38253ab966fe0f35072', 1, '2017-06-16 08:00:36', '2017-06-16 06:04:44'),
(95, 3, 'EMP-T-037', 'memp2@gmail.com', '1ea453a1517c616bcd0b1c4e1bfd298f', 1, '2017-06-16 08:01:09', '2017-06-16 06:01:09'),
(96, 6, 'EMP-T-038', 'mdeptheadlp@mgm.com', 'e15ac924371db6f7dcdec94c7ee7f2de', 1, '2017-06-16 08:01:50', '2017-06-16 06:03:58'),
(97, 3, 'EMP-T-039', 'memp3@mgm.com', '5ea980822ed73212a53214ac3c41fe61', 1, '2017-06-16 08:02:27', '2017-06-16 06:02:27'),
(98, 3, 'EMP-T-040', 'memp4@mgm.com', '5114e65f0089aa03feee7672309f7986', 1, '2017-06-16 08:03:01', '2017-06-16 06:03:01'),
(99, 3, 'EMP-T-041', 'muhammedjamsheer007@gmail.com', '604505b824b6f5ee90a7d9f8b321d17c', 1, '2017-06-27 02:52:32', '2017-06-27 12:52:32'),
(100, 3, 'EMP-T-042', 'jjj@hj.jkj', '5cb086a6bd0630fd9f0963d76d9d8cea', 1, '2017-06-28 01:02:31', '2017-06-28 11:02:31'),
(101, 3, 'EMP-T-043', 'hgdf@gnb.gfg', '354fac6bf3aa6e7a89db35ed2098c2bc', 1, '2017-06-28 01:06:06', '2017-06-28 11:06:06'),
(102, 3, 'EMP-T-044', 'hgdf@gnb.gfg', 'e3e7eff3c3c2236b5b7d38a4471e7f93', 1, '2017-06-28 01:09:11', '2017-06-28 11:09:11'),
(103, 3, 'EMP-T-045', 'vbfdsg@gs.fg', 'f166decbf631d27168335270354fa9a0', 1, '2017-06-28 01:11:15', '2017-06-28 11:11:15'),
(104, 3, 'EMP-T-046', 'hatdft@kj.dshj', '63db17558af19894dae711ae330d4767', 1, '2017-06-28 01:11:56', '2017-06-28 11:11:56'),
(105, 6, 'EMP-T-047', 'sgey@rg.dgf', 'd98289b5fa62111a327054de9a18fb6a', 1, '2017-06-29 06:50:44', '2017-06-29 09:25:59'),
(106, 6, 'EMP-T-048', 'ghdf@ftgh.jh', '671e54a107bf0f5dc3611a1451f8b2b4', 1, '2017-06-29 06:57:22', '2017-06-29 09:25:49'),
(107, 7, 'EMP-T-049', 'bgdfsb@dhj.dfh', '8ed659a821131b42afa3b42a53aa240f', 1, '2017-06-29 06:57:45', '2017-06-29 09:25:14'),
(108, 5, 'EMP-T-050', 'bfg@gh.gh', '07d779b9964402542c8a9fcc3b728ede', 1, '2017-06-29 06:58:24', '2017-06-29 09:24:39'),
(109, 7, 'EMP-T-051', 'ndsg@bgt.nfg', '4d6d58b871b3fa2666db1e2f26ed8f97', 1, '2017-06-29 06:58:50', '2017-06-29 09:24:45'),
(110, 6, 'EMP-T-052', 'akash@rit.com', '4cff8d3b777a1a3024f93ab366ecf409', 1, '2017-06-29 12:15:16', '2017-07-03 08:59:49'),
(111, 3, 'EMP-T-053', 'deepak@rit.com', '4cff8d3b777a1a3024f93ab366ecf409', 1, '2017-06-29 12:15:16', '2017-06-29 10:15:16'),
(112, 7, 'EMP-T-054', 'fgdhs@rg.htr', 'c66d9a7e1a014ee9b8ad823a5e5f858f', 1, '2017-06-29 12:25:10', '2017-06-29 11:15:46'),
(113, 5, 'EMP-T-055', 'nithin@set.com', '4cff8d3b777a1a3024f93ab366ecf409', 1, '2017-06-29 12:28:55', '2017-06-29 11:15:41'),
(114, 6, 'EMP-T-056', 'raman@set.com', '4cff8d3b777a1a3024f93ab366ecf409', 1, '2017-06-29 12:28:55', '2017-06-29 11:16:08'),
(115, 6, 'EMP-T-057', 'safal@set.com', '4cff8d3b777a1a3024f93ab366ecf409', 1, '2017-06-29 12:28:55', '2017-06-29 11:16:01'),
(116, 3, 'EMP-T-058', 'manu@ins.com', 'e99a18c428cb38d5f260853678922e03', 1, '2017-06-30 11:22:07', '2017-06-30 12:29:54'),
(117, 6, 'EMP-T-059', 'frans@ins.com', '4cff8d3b777a1a3024f93ab366ecf409', 1, '2017-06-30 11:23:25', '2017-06-30 09:24:18'),
(118, 3, 'EMP-T-060', 'fdgs@rgj.ftgj', 'a618ab12305959429d6dcff8762eef8f', 1, '2017-06-30 12:14:47', '2017-06-30 10:14:47'),
(119, 3, 'EMP-T-061', 'fdgs@rgj.ftgj', 'dce08a175887bad75e8d200b0449e609', 1, '2017-06-30 12:15:57', '2017-06-30 10:15:57'),
(120, 3, 'EMP-T-062', 'fdgs@rgj.ftgj', 'a29282306b849edc0b1de99988331fa3', 1, '2017-06-30 12:16:34', '2017-06-30 10:16:34'),
(121, 3, 'EMP-T-063', 'fdgs@rgj.ftgj', 'c34cc8f7849df3561ab6d631dcca39ab', 1, '2017-06-30 12:22:20', '2017-06-30 10:22:20'),
(122, 4, 'USR-T-061', 'yyy@yy.yy', '4cff8d3b777a1a3024f93ab366ecf409', 1, '2017-07-07 09:04:20', '2017-07-07 07:05:11'),
(123, 5, 'EMP-T-064', 'vgtrwgre@rgr.gtreg', 'b05a3991c9bf0857083d0f01f00335db', 1, '2017-07-11 07:58:42', '2017-08-09 12:28:18'),
(124, 3, 'EMP-T-065', 'frans@vit.com', '82c8b652fab7dd3642ff29622586ce69', 1, '2017-07-12 11:05:45', '2017-07-12 09:05:45'),
(125, 3, 'EMP-T-066', 'ghhgf@ghf.ghs', '71545f9b7276da8c44113538d8c7f875', 1, '2017-07-12 01:58:02', '2017-07-12 11:58:02'),
(126, 3, 'EMP-T-067', 'vfadsg@gbh.dfg', '709460409ea97d54932f7d9de3b647b2', 1, '2017-07-12 02:06:14', '2017-07-12 12:06:14'),
(127, 3, 'EMP-T-068', 'sac@fg.fg', '0ad5065215c2c8509ee422e214646722', 1, '2017-07-12 02:19:12', '2017-07-12 12:19:12'),
(128, 3, 'EMP-T-069', 'qqq@hdh.dsh', '82b78603cf5c25e118bcbcc802be2426', 1, '2017-07-12 02:36:41', '2017-07-12 12:36:41'),
(129, 3, 'EMP-T-070', 'tani@eee.com', '6cc478dd2e7dd0d8fd821acfb5166ccb', 1, '2017-07-12 03:12:34', '2017-07-12 13:12:34'),
(130, 3, 'EMP-T-071', 'fani@hhh.com', '7469bd8e7a6d33a1f1872b20789e24ad', 1, '2017-07-12 03:13:23', '2017-07-12 13:13:23'),
(131, 3, 'EMP-T-072', 'hani@cet.com', 'f057e499c8f63a155e5a0b16dfcd9e6b', 1, '2017-07-12 03:15:07', '2017-07-12 13:15:07'),
(132, 3, 'EMP-T-073', 'ghfh@hjf.hjg', 'b3ea8ec04d8def0387baa063d6049f2c', 1, '2017-07-13 07:44:56', '2017-07-13 05:44:56'),
(133, 3, 'EMP-T-074', 'mani@tt.com', 'b1bccaa1e45b449617ed738a4a1cc2d6', 1, '2017-07-13 03:05:59', '2017-07-13 13:05:59'),
(134, 3, 'EMP-T-075', 'dfsbg@trh.trh', 'c918566dbe31f7cc040b1b5f476bfab2', 1, '2017-07-13 03:30:55', '2017-07-13 13:30:55'),
(135, 4, 'USR-T-062', 'ggg@gg.com', '474a442e396467a46e91c74767dd5f90', 1, '2017-07-14 07:17:12', '2017-07-14 05:17:12'),
(136, 5, 'EMP-T-076', 'poc@met.com', '69e3ea711ded220555344deed59c1d7d', 1, '2017-07-14 11:25:19', '2017-07-14 09:33:59'),
(137, 6, 'EMP-T-077', 'deptheadlp@met.com', '14533c2537296b0c5459220a6e3fcaac', 1, '2017-07-14 11:26:24', '2017-07-14 09:34:21'),
(138, 6, 'EMP-T-078', 'deptheadup@met.com', '0f034fcad153cd5083f7f9efbef094d9', 1, '2017-07-14 11:27:29', '2017-07-14 09:34:16'),
(139, 6, 'EMP-T-079', 'deptheadhs@met.com', 'ca2a2898173cad686ad123e827f07838', 1, '2017-07-14 11:28:15', '2017-07-14 09:34:27'),
(140, 7, 'EMP-T-080', 'deptheadmanager@met.com', '4d6c50b6cf61c54c771ec5c07580e4eb', 1, '2017-07-14 11:28:57', '2017-07-14 09:34:04'),
(141, 3, 'EMP-T-081', 'deptemphs1@gmail.com', '0f856e4d9e9c6d1ed00d854a807efc23', 1, '2017-07-14 11:30:11', '2017-07-14 09:30:11'),
(142, 3, 'EMP-T-082', 'deptemphs2@gmail.com', '79d7af64f42a83b80790d31761db2da5', 1, '2017-07-14 11:30:48', '2017-07-14 09:30:48'),
(143, 3, 'EMP-T-083', 'deptemplp1@gmail.com', 'bf0d6f487b8d9a9efe4d945e36911af5', 1, '2017-07-14 11:31:27', '2017-07-14 09:31:27'),
(144, 3, 'EMP-T-084', 'deptemplp2@gmail.com', '037d72bf44e8bc2b0789c58bd7820a45', 1, '2017-07-14 11:32:18', '2017-07-14 09:32:18'),
(145, 3, 'EMP-T-085', 'deptempup1@gmail.com', '6c51dcab4d9190eac73273204acfce9c', 1, '2017-07-14 11:32:57', '2017-07-14 09:32:57'),
(146, 6, 'EMP-T-086', 'deptempup2@gmail.com', '5ff7ad76c173fffc3ff424e4817250fb', 1, '2017-07-14 11:33:36', '2017-08-14 15:13:24'),
(147, 5, 'EMP-T-087', 'poc@wet.com', '4cff8d3b777a1a3024f93ab366ecf409', 1, '2017-07-14 12:12:23', '2017-08-14 15:01:14'),
(148, 3, 'EMP-T-088', 'mamager@wet.com', '4cff8d3b777a1a3024f93ab366ecf409', 1, '2017-07-14 12:12:58', '2017-08-05 07:17:54'),
(149, 6, 'EMP-T-089', 'depthead@wet.com', '202cb962ac59075b964b07152d234b70', 1, '2017-07-14 12:13:41', '2017-07-16 06:51:12'),
(150, 7, 'EMP-T-090', 'emp@wet.com', '4cff8d3b777a1a3024f93ab366ecf409', 1, '2017-07-14 12:14:09', '2017-08-05 07:17:54'),
(151, 4, 'USR-T-063', 'mahi@wet.com', '4cff8d3b777a1a3024f93ab366ecf409', 1, '2017-07-14 01:12:09', '2017-07-14 11:12:29'),
(152, 4, 'USR-T-064', 'www@ww.ww', '81dc9bdb52d04dc20036dbd8313ed055', 1, '2017-07-16 08:18:14', '2017-07-16 07:16:54'),
(153, 4, 'USR-T-065', 'qqq@qq.qq', 'e69190823c004ed2f2e9feb99ba043ed', 1, '2017-07-18 01:52:52', '2017-07-18 11:52:52'),
(154, 4, 'USR-T-066', 'qqq@qq.qq', 'c9d6849f33b7609c129da497a423fcb1', 1, '2017-07-18 01:53:39', '2017-07-18 11:53:39'),
(155, 4, 'USR-T-067', 'qqq@qq.qq', '4cff8d3b777a1a3024f93ab366ecf409', 1, '2017-07-18 02:00:20', '2017-07-18 12:00:47'),
(156, 4, 'USR-T-068', 'rr@rr.rr', '4cff8d3b777a1a3024f93ab366ecf409', 1, '2017-07-18 02:01:49', '2017-07-18 12:02:08'),
(157, 4, 'USR-T-069', 'aaa@aa.aa', '9b30169978e576d44696d7f653d194b0', 1, '2017-07-18 02:04:32', '2017-07-18 12:04:32'),
(158, 4, 'USR-T-070', 'aaa@aa.aa', '14fe99216955fe2d6fb875ef0d924a83', 1, '2017-07-18 02:05:19', '2017-07-18 12:05:19'),
(159, 4, 'USR-T-071', 'aaa@aa.aa', 'c96d876d5033a0d9a77884679566738d', 1, '2017-07-18 02:08:02', '2017-07-18 12:08:02'),
(160, 4, 'USR-T-072', 'aaa@aa.aa', '0a54999588940a055a2761755aa978d8', 1, '2017-07-18 02:28:13', '2017-07-18 12:28:13'),
(161, 4, 'USR-T-073', 'aaa@aa.aa', 'fbfedcb31f658dea952b57afd431be33', 1, '2017-07-18 02:30:14', '2017-07-18 12:30:14'),
(162, 4, 'USR-T-074', 'aaa@aa.aa', '0d99098d315849c80f406356f330d2a9', 1, '2017-07-18 02:30:32', '2017-07-18 12:30:32'),
(163, 4, 'USR-T-075', 'aaa@aa.aa', '578bba28f517a1c90bed0ed577960cd2', 1, '2017-07-18 02:31:14', '2017-07-18 12:31:14'),
(164, 4, 'USR-T-076', 'aaa@aa.aa', '325b3f4c998659c7c165748eb2a6be76', 1, '2017-07-18 02:38:52', '2017-07-18 12:38:52'),
(165, 4, 'USR-T-077', 'aa@aa.aa', '83b956c031fe9265808f9fd6f929e508', 1, '2017-07-18 02:45:59', '2017-07-18 12:45:59'),
(166, 4, 'USR-T-078', 'dsf@fd.ffg', 'a5bd9b363671050eae13083f371e382c', 1, '2017-07-18 02:49:59', '2017-07-18 12:49:59'),
(167, 4, 'USR-T-079', 'dsf@fd.ffg', 'f55db1688c499c162c69160d81710d13', 1, '2017-07-18 02:53:07', '2017-07-18 12:53:07'),
(168, 4, 'USR-T-080', 'gd@dfgh.hdft', '5a8ce7d9e4381d722b95620ff4b482a7', 1, '2017-07-18 03:00:42', '2017-07-18 13:00:42'),
(169, 4, 'USR-T-081', 'gd@dfgh.hdft', '7adaf36240bbbdd0b88d5e5a26e31fc9', 1, '2017-07-18 03:01:59', '2017-07-18 13:01:59'),
(170, 4, 'USR-T-082', 'vfds@gd.ghd', 'be8b8b4b1a7877bd2bb5d18da1212a32', 1, '2017-07-18 03:02:28', '2017-07-18 13:02:28'),
(171, 4, 'USR-T-083', 'vfds@gd.ghd', '452b70c872b6b6f1a827bc69c25d1484', 1, '2017-07-18 03:13:47', '2017-07-18 13:13:47'),
(172, 4, 'USR-T-084', 'sss@ss.ss', 'e7b2356fc9b7349720b62f69644ea637', 1, '2017-07-18 03:18:14', '2017-07-18 13:18:14'),
(173, 4, 'USR-T-085', 'ddd@ff.fkj', '38c33d76f8365622ddec0b8e65ba135b', 1, '2017-07-18 03:29:41', '2017-07-18 13:29:41'),
(174, 4, 'USR-T-086', 'ddd@ff.fkj', 'be2ca5197a122ff4c8b056af9a7d2c9e', 1, '2017-07-18 03:30:46', '2017-07-18 13:30:46'),
(175, 4, 'USR-T-087', 'vfds@dfg.dfgh', 'ee7a999cd8c3c43766319496980494b3', 1, '2017-07-18 03:33:40', '2017-07-18 13:33:40'),
(176, 4, 'USR-T-088', 'fd@df.dfg', 'a563c546c4c83f4ff68108395d63dc96', 1, '2017-07-18 03:35:07', '2017-07-18 13:35:07'),
(177, 4, 'USR-T-089', 'bujuj@jj.dshj', '4183989897e5cc8156ec8536434a14e3', 1, '2017-07-18 03:36:49', '2017-07-18 13:36:49'),
(178, 4, 'USR-T-090', 'bujuj@jj.dshj', 'f66523e72447217fa2da58b09e33f81c', 1, '2017-07-18 03:38:21', '2017-07-18 13:38:21'),
(179, 4, 'USR-T-091', 'bujuj@jj.dshj', 'f1d6d3e901b8b04993b80b5df9c22a86', 1, '2017-07-18 03:38:54', '2017-07-18 13:38:54'),
(180, 4, 'USR-T-092', 'bhh@hh.dj', 'c261a593a3434a1ae55d52ee9c217c45', 1, '2017-07-18 03:40:58', '2017-07-18 13:40:58'),
(181, 4, 'USR-T-093', 'ghgh@hjvg.dsvc', 'b7f3a60ca39dbcdc8e77cce267290f14', 1, '2017-07-18 03:44:52', '2017-07-18 13:44:52'),
(182, 4, 'USR-T-094', 'df@dfgs.df', '4cff8d3b777a1a3024f93ab366ecf409', 1, '2017-07-18 03:46:32', '2017-07-18 13:47:10'),
(183, 4, 'USR-T-095', 'zz@zz.zz', '4cff8d3b777a1a3024f93ab366ecf409', 1, '2017-07-18 03:53:24', '2017-07-18 13:53:43'),
(184, 4, 'USR-T-096', 'asd@ff.gg', '91e36339d60e762fff9cb16ab71b9847', 1, '2017-07-18 03:56:07', '2017-07-18 13:56:07'),
(185, 4, 'USR-T-097', 'fgnj@bd.bd', '542c113eb7e3ac33692095ce237934dc', 1, '2017-07-19 07:01:10', '2017-07-19 05:01:10'),
(186, 4, 'USR-T-098', 'fgnj@bd.bd', 'fe34c7864b4340b6363c7eb19db9a868', 1, '2017-07-19 07:31:08', '2017-07-19 05:31:08'),
(187, 4, 'USR-T-099', 'bdfsg@dr.tyj', 'f926c2463d79fbb3d528c43e757b88c4', 1, '2017-07-19 07:34:11', '2017-07-19 05:34:11'),
(188, 4, 'USR-T-100', 'gbfs@hr.hth', 'c7b318b9bd2b574cec3e6acf72c82223', 1, '2017-07-19 07:46:21', '2017-07-19 05:46:21'),
(189, 4, 'USR-T-101', 'vdsa@stg.hgf', '3f9857a166171ab46c5890d7ba491e7a', 1, '2017-07-19 07:47:19', '2017-07-19 05:47:19'),
(190, 4, 'USR-T-102', 'vcds@ghj.tyhj', '9922f198ac19f25bcbecd02722015c85', 1, '2017-07-19 08:49:07', '2017-07-19 06:49:07'),
(191, 4, 'USR-T-103', 'vcds@ghj.tyhj', '88ef33e7db3dfedeb7fb28a548e4053e', 1, '2017-07-19 08:51:52', '2017-07-19 06:51:52'),
(192, 4, 'USR-T-104', 'vcds@ghj.tyhj', '60ea90b60b93e871c7da8d0bd7a27a6c', 1, '2017-07-19 08:52:41', '2017-07-19 06:52:41'),
(193, 4, 'USR-T-105', 'vcds@ghj.tyhj', 'b0bce657e48cf97fde7feabb498f68fa', 1, '2017-07-19 08:53:41', '2017-07-19 06:53:41'),
(194, 4, 'USR-T-106', 'vcds@ghj.tyhj', 'ec27b9ec89b2c8af433e5b7d8622696f', 1, '2017-07-19 08:56:53', '2017-07-19 06:56:53'),
(195, 4, 'USR-T-107', 'vcds@ghj.tyhj', '13cafe4ada04f9a6c0e537e6bca6378f', 1, '2017-07-19 08:57:58', '2017-07-19 06:57:58'),
(196, 4, 'USR-T-108', 'fdg@fdh.gh', '637cd2367f46755ef22005e7566d1899', 1, '2017-07-19 08:58:43', '2017-07-19 06:58:43'),
(197, 4, 'USR-T-109', 'vdf@fdf.hg', '5fccc07c524410dd36154789cfc7a7af', 1, '2017-07-19 10:47:23', '2017-07-19 08:47:23'),
(198, 4, 'USR-T-110', 'df@bg.hv', 'ece82c1725e6895b8904660c00725d27', 1, '2017-07-19 10:53:58', '2017-07-19 08:53:58'),
(199, 4, 'USR-T-111', 'vfd@fdf.nfg', '3dc1a2c64093cda1b3c59d7432e0d7bb', 1, '2017-07-19 10:54:22', '2017-07-19 08:54:22'),
(200, 4, 'USR-T-112', 'dfb@bg.ndfgh', '5786c4355d8869ad45425649209e740c', 1, '2017-07-19 10:56:57', '2017-07-19 08:56:57'),
(201, 4, 'USR-T-113', 'vfs@bg.nfg', 'da758ff0bcd1bca97fd006019f09992c', 1, '2017-07-19 10:57:28', '2017-07-19 08:57:28'),
(202, 4, 'USR-T-114', 'vfs@bg.nfg', 'e51a6e58d5df90341e3b40a8b4cc6898', 1, '2017-07-19 10:59:12', '2017-07-19 08:59:12'),
(203, 4, 'USR-T-115', 'vfs@bg.nfg', '49a60ddcf0d847b8d5f9a9116ca90fc3', 1, '2017-07-19 11:01:19', '2017-07-19 09:01:19'),
(204, 4, 'USR-T-116', 'vfs@bg.nfg', '6e99fe43d402e69fb776573666578c46', 1, '2017-07-19 11:01:33', '2017-07-19 09:01:33'),
(205, 4, 'USR-T-117', 'dsw@fv.vdr', 'da868203f8ac7ece2e0724b5872a5296', 1, '2017-07-19 11:06:59', '2017-07-19 09:06:59'),
(206, 4, 'USR-T-118', 'dsv@dfgs.fhj', '707cbccccbbda890486a0b4dbb7a324b', 1, '2017-07-19 11:09:34', '2017-07-19 09:09:34'),
(207, 4, 'USR-T-119', 'fdsw@fvd.hg', '6968c2d5967130693490c50ee86e1443', 1, '2017-07-19 11:11:43', '2017-07-19 09:11:43'),
(208, 4, 'USR-T-120', 'dvc@ssd.dd', 'ec355aad0745ab1a0d6a6b2ef9d69f71', 1, '2017-07-19 11:19:01', '2017-07-19 09:19:01'),
(209, 4, 'USR-T-121', 'adsf@hftd.htg', '355a943f2fbc85b1fd5fc638fbcca571', 1, '2017-07-19 11:21:54', '2017-07-19 09:21:54'),
(210, 4, 'USR-T-122', 'bgdf@dfg.fgh', '520b489af2ea4f9e464c3cf10468aa54', 1, '2017-07-19 11:24:05', '2017-07-19 09:24:05'),
(211, 4, 'USR-T-123', 'efs@gdhf.ff', '12443720998cba796b6996d23cbe0760', 1, '2017-07-19 11:53:36', '2017-07-19 09:53:36'),
(212, 4, 'USR-T-124', 'efs@gdhf.ff', 'bca3c08a7c2b4632dfee60140c071d50', 1, '2017-07-19 11:54:23', '2017-07-19 09:54:23'),
(213, 4, 'USR-T-125', 'efs@gdhf.ff', '98e658c74947bacaa3e5dd4f8e3bfddb', 1, '2017-07-19 11:57:04', '2017-07-19 09:57:04'),
(214, 4, 'USR-T-126', 'efs@gdhf.ff', '56c10c196460101d886c41ab5538949b', 1, '2017-07-19 11:57:17', '2017-07-19 09:57:17'),
(215, 4, 'USR-T-127', 'efs@gdhf.ff', 'c738f362ed8c7e23036646d68cb27cab', 1, '2017-07-19 11:58:56', '2017-07-19 09:58:56'),
(216, 4, 'USR-T-128', 'efs@gdhf.ff', '0eb362f53d08dd32a1a9181baf7a2ad1', 1, '2017-07-19 11:59:21', '2017-07-19 09:59:21'),
(217, 4, 'USR-T-129', 'ds@vfsv.df', '4cff8d3b777a1a3024f93ab366ecf409', 1, '2017-07-19 12:17:01', '2017-07-19 10:17:47'),
(218, 4, 'USR-T-130', 'vhj@hgf.fgrd', 'e120b46d88e1704dc26c29d95387ee61', 1, '2017-07-19 12:30:53', '2017-07-19 10:30:53'),
(219, 4, 'USR-T-131', 'vhj@hgf.fgrd', 'd4ae70dc541e96d84053615547aa98f7', 1, '2017-07-19 12:33:52', '2017-07-19 10:33:52'),
(220, 4, 'USR-T-132', 'vhj@hgf.fgrd', '041c5cd8bc569d97cd4cc565c63c44c4', 1, '2017-07-19 12:33:58', '2017-07-19 10:33:58'),
(221, 4, 'USR-T-133', 'vhj@hgf.fgrd', '2950a356af0b9ea23e64633a3f75af5d', 1, '2017-07-19 12:34:33', '2017-07-19 10:34:33'),
(222, 4, 'USR-T-134', 'vhj@hgf.fgrd', '5959de26fad82290bb5a1bcb1ac05abe', 1, '2017-07-19 12:35:17', '2017-07-19 10:35:17'),
(223, 4, 'USR-T-135', 'a@gmail.com', '7de00993147492d2abe9ae57d85b58fa', 1, '2017-07-19 12:38:56', '2017-07-19 10:38:56'),
(224, 4, 'USR-T-136', 'c@gmail.com', '1c52fd510640cdd3dacaca7dc2d53940', 1, '2017-07-19 12:39:49', '2017-07-19 10:39:49'),
(225, 4, 'USR-T-137', 'b@gmail.com', '44e8e0e695e450bf23374071dc909a1f', 1, '2017-07-19 12:41:14', '2017-07-19 10:41:14'),
(226, 7, 'EMP-T-091', 'bfdsd@gbh.jfhj', 'cc9d7b4bb5c0b0e7e3a37056362fe52a', 1, '2017-07-21 12:22:43', '2017-07-21 10:22:55'),
(227, 5, 'EMP-T-092', 'fdsg@grd.tn', 'b2399139f93e696ad33c0f1259de6c35', 1, '2017-08-02 02:22:19', '2017-08-02 08:52:46'),
(228, 7, 'EMP-T-093', 'bdfdfb@h.fng', 'a25c0a58f0953473d1da69dd75d5776f', 1, '2017-08-02 02:22:36', '2017-08-02 08:52:48'),
(229, 6, 'EMP-T-094', 'bfdb@gfmgf.gfhj', 'ba40d319a2be5cb50f3786c1d7b711c3', 1, '2017-08-02 02:23:04', '2017-08-02 08:53:14'),
(230, 5, 'EMP-T-095', 'nfghd@fg.tg', '770b1aab9f09d5a30ccbfe91ea28a59e', 1, '2017-08-02 02:25:29', '2017-08-02 08:56:16'),
(231, 6, 'EMP-T-096', 'nbgfdn@gndf.dht', '7c8644759c68da1d692b2f4809745fb0', 1, '2017-08-02 02:25:46', '2017-08-02 08:56:27'),
(232, 7, 'EMP-T-097', 'hkjghkj@yg.kf', '4cff8d3b777a1a3024f93ab366ecf409', 1, '2017-08-02 02:26:07', '2017-08-02 08:57:45'),
(233, 3, 'EMP-T-098', 'bghtdrsh@fbgt.bhds', 'd17223b4958646e97faadbe08c14bf7c', 0, '2017-08-02 04:02:19', '2017-08-02 12:33:46'),
(234, 7, 'EMP-T-099', 'fdsbhg@dfsh.ghd', 'a614663cdd1e61e4d2f82d0dfd598668', 1, '2017-08-02 04:02:35', '2017-08-02 13:18:38'),
(235, 5, 'EMP-T-100', 'gdfr@gdtsh.tyhjnb', '9812c4147bff81880182c34611a05fb5', 1, '2017-08-02 04:02:51', '2017-08-02 10:33:02'),
(236, 6, 'EMP-T-101', 'fdsbgbfd@dgfrj.htgdr', 'f3cc5c3bb7bd7f225c4ee8fd6215a253', 1, '2017-08-03 10:28:21', '2017-08-03 04:58:37'),
(237, 4, 'USR-T-138', 'normal@normal.com', '4cff8d3b777a1a3024f93ab366ecf409', 1, '2017-08-03 11:03:22', '2017-09-20 12:11:47'),
(238, 5, 'EMP-T-102', 'bgfdfdg@dfgh.jh', '993a00a45e8eb6d288fb178e8af9c8d2', 1, '2017-08-03 12:20:50', '2017-08-03 07:04:31'),
(239, 7, 'EMP-T-103', 'bdfbsdv@dfbg.fgn', '64b071e75f04937fd62e51c5edcfc4aa', 1, '2017-08-03 12:25:44', '2017-08-03 07:04:45'),
(240, 3, 'EMP-T-104', 'dfghh@tseh.tyj', '3e0d096e8e7401cfddf6479bf646bb72', 1, '2017-08-04 10:46:02', '2017-08-14 15:01:14'),
(241, 3, 'EMP-T-105', 'dgh@ffj.hh', '5c49f3151c1dd91913548fc65e9bf92f', 1, '2017-08-04 10:49:43', '2017-08-04 08:49:43'),
(242, 3, 'EMP-T-106', 'vdsv@fsdg.dfmy', '7f69d02ffdbf015aa5ccfba33dc847dd', 1, '2017-08-04 11:03:05', '2017-08-04 09:03:05'),
(243, 3, 'EMP-T-107', 'gfdsgh@tyftyj.ht', 'b78bff6fcc3a4347bea6c2bc9ea60f50', 1, '2017-08-04 11:14:25', '2017-08-04 09:14:25'),
(244, 3, 'EMP-T-108', 'htrhtsr@ghcj.gf', '58ecde4c2590f6ad88413c0f43c504c3', 1, '2017-08-04 11:19:57', '2017-08-04 09:19:57'),
(245, 3, 'EMP-T-109', 'ngfjhnfd@thh.ndyjtg', '2037c7820d79c75401c7f95344da34d6', 1, '2017-08-04 11:24:48', '2017-08-04 09:24:48'),
(246, 3, 'EMP-T-110', 'bvgxfndx@dh.jdj', 'ac674569bf555bdcbd475d391418af20', 1, '2017-08-04 11:26:52', '2017-08-04 09:26:52'),
(247, 3, 'EMP-T-111', 'bhsfgh@tsh.htsr', 'c49ae54099a90fd8f17ed3e86814c79f', 1, '2017-08-04 11:37:03', '2017-08-04 09:37:03'),
(248, 3, 'EMP-T-112', 'nfbgmf@knfg.dbs', 'd15a4f22c6417615f4551d1193f6ea2a', 1, '2017-08-04 11:38:33', '2017-08-04 09:38:33'),
(249, 3, 'EMP-T-113', 'mfgtk@fgj.htd', '458b789f235ffff9a2481b66ffcf69cc', 1, '2017-08-04 11:45:42', '2017-08-04 09:45:42'),
(250, 3, 'EMP-T-114', 'nfgfg@trdh.trh', '538552a130990b96c3bea8cc2a852608', 1, '2017-08-04 11:46:53', '2017-08-04 09:46:53'),
(251, 3, 'EMP-T-115', 'dh@dgh.rdye', '6d37a2fb7415c7afc6ae7ed934cc9280', 1, '2017-08-04 11:49:19', '2017-08-04 09:49:19'),
(252, 3, 'EMP-T-116', 'hgdrh@fdgj.yjdr', 'd26839af1595493f2ad166313de1e412', 1, '2017-08-04 11:51:01', '2017-08-04 09:51:01'),
(253, 3, 'EMP-T-117', 'htfrdhjds@dsrhj.dfxgh', '4833c20fa959921a981d90e27f820e54', 1, '2017-08-04 11:52:08', '2017-08-04 09:52:08'),
(254, 3, 'EMP-T-118', 'hfjt@rg.dt', '06e35e851181e446cc0a68b533a1f060', 1, '2017-08-04 11:53:27', '2017-08-04 09:53:27'),
(255, 7, 'EMP-T-119', 'gfxh@th.fthj', '04ea3488d2b074df330e926f4316766d', 1, '2017-08-04 03:50:38', '2017-08-04 10:47:50'),
(256, 5, 'EMP-T-120', 'thse@fyj.trh', '7dafd287c0cf4f183513aab7af5779c6', 1, '2017-08-04 06:32:53', '2017-08-04 13:03:07'),
(257, 7, 'EMP-T-121', 'bfd@fvr.ff', 'cdf789875eb551a39f18db2cef816851', 1, '2017-08-04 06:33:56', '2017-08-04 13:04:28'),
(258, 6, 'EMP-T-122', 'ndh@fdj.dd', 'e106eab6579d10d4f1279d5233d87eee', 1, '2017-08-04 06:34:13', '2017-08-04 13:05:22'),
(259, 5, 'EMP-T-123', 'poc@ghs.com', '4cff8d3b777a1a3024f93ab366ecf409', 1, '2017-08-05 12:51:05', '2017-08-05 07:27:54'),
(260, 7, 'EMP-T-124', 'manager@ghs.com', '9285ce5d6d26ed315f4726651463ba88', 1, '2017-08-05 12:51:41', '2017-08-05 07:26:34'),
(261, 6, 'EMP-T-125', 'deptheadhs@ghs.com', '4cff8d3b777a1a3024f93ab366ecf409', 1, '2017-08-05 12:52:32', '2017-08-05 07:27:50'),
(262, 6, 'EMP-T-126', 'deptheadup@ghs.com', '4cff8d3b777a1a3024f93ab366ecf409', 1, '2017-08-05 12:53:03', '2017-08-05 07:27:47'),
(263, 3, 'EMP-T-127', 'emphs1@ghs.com', '4cff8d3b777a1a3024f93ab366ecf409', 1, '2017-08-05 12:53:49', '2017-08-05 07:27:43'),
(264, 3, 'EMP-T-128', 'empup@ghs.com', '4cff8d3b777a1a3024f93ab366ecf409', 1, '2017-08-05 12:54:43', '2017-08-05 07:27:40'),
(265, 4, 'USR-T-139', 'normal@ghs.com', '7be281d47f1880aac6994a889dbec2b3', 1, '2017-08-05 12:59:21', '2017-08-05 07:29:21'),
(266, 4, 'USR-T-140', 'new@normal.com', 'fc1ae6e2a62b3ff33d51bd46c66a60b3', 1, '2017-08-07 01:20:52', '2017-08-07 07:50:52'),
(267, 4, 'USR-T-141', 'new@normal.com', '4cff8d3b777a1a3024f93ab366ecf409', 1, '2017-08-07 01:24:55', '2017-08-07 07:55:15'),
(268, 4, 'USR-T-142', 'normal1@normal.com', '5b3fcbc357cc5cb435d1c47ca0237ac3', 1, '2017-08-07 01:30:54', '2017-08-07 08:00:54'),
(269, 4, 'USR-T-143', 'normal1@normal.com', '4cff8d3b777a1a3024f93ab366ecf409', 1, '2017-08-07 01:31:47', '2017-08-07 08:02:01'),
(270, 4, 'USR-T-144', 'dfg@gdfh.yhj', '2683e58c4f7f383c60b187836ca2a6ea', 1, '2017-08-09 03:10:27', '2017-08-09 09:40:27'),
(271, 4, 'USR-T-145', 'dfg@gdfh.yhj', '48e678c79c051a359b8c9d8e806f926f', 1, '2017-08-09 03:13:33', '2017-08-09 09:43:33'),
(272, 4, 'USR-T-146', 'nfdvgkjn@klnj.dd', '4cff8d3b777a1a3024f93ab366ecf409', 1, '2017-08-09 03:14:18', '2017-08-09 09:44:43'),
(273, 3, 'EMP-T-129', 'bhdf@fh.hjr', '57ff712fabb4e7e6166bcbe69583c79a', 0, '2017-08-09 05:04:20', '2017-08-09 11:35:03'),
(274, 6, 'EMP-T-130', 'hmgm@ydj.nfghj', '84483728c61c4a7fa186c36d4424bfb8', 1, '2017-08-09 05:04:41', '2017-08-09 12:05:34'),
(275, 7, 'EMP-T-131', 'vds@dfh.hdf', 'ed1c12e9c764890c07a5fd73af24b80d', 1, '2017-08-09 05:57:39', '2017-08-09 12:30:30'),
(276, 3, 'EMP-T-132', 'hfg@dsfh.fruj', 'e8bd9f95a44c0ba27d137f8e882d3793', 1, '2017-08-09 05:58:07', '2017-08-09 12:28:07'),
(277, 5, 'EMP-T-133', 'bfd@hj.fg', '18f0f49e82bb09f685edd415c0c60a67', 1, '2017-08-09 06:24:12', '2017-08-09 12:55:06'),
(278, 7, 'EMP-T-134', 'nhf@fghj.fgnhj', 'a6927b461911625147df33a121d93936', 1, '2017-08-09 06:24:31', '2017-08-09 12:55:11'),
(279, 6, 'EMP-T-135', 'bc@bgj.fgj', 'f2c942732fe0fb7c44b936e51529485c', 1, '2017-08-09 06:24:55', '2017-08-09 13:53:28'),
(280, 3, 'EMP-T-136', 'frgg@rgj.jfj', '9da0902203376012c29086063d09e03d', 1, '2017-08-14 01:34:54', '2017-08-14 11:34:54'),
(281, 5, 'EMP-T-137', 'poc@cmi.com', '4cff8d3b777a1a3024f93ab366ecf409', 1, '2017-08-15 12:55:06', '2017-08-14 19:33:06'),
(282, 7, 'EMP-T-138', 'manager@cmi.com', '4cff8d3b777a1a3024f93ab366ecf409', 1, '2017-08-15 12:55:41', '2017-08-14 19:33:03'),
(283, 6, 'EMP-T-139', 'deptlp@cmi.com', '4cff8d3b777a1a3024f93ab366ecf409', 1, '2017-08-15 12:57:42', '2017-08-14 19:32:57'),
(284, 6, 'EMP-T-140', 'deptup@cmi.com', '4cff8d3b777a1a3024f93ab366ecf409', 1, '2017-08-15 12:58:10', '2017-08-14 19:32:54'),
(285, 3, 'EMP-T-141', 'emplp@cmi.com', '4cff8d3b777a1a3024f93ab366ecf409', 1, '2017-08-15 12:58:41', '2017-08-14 19:32:51'),
(286, 3, 'EMP-T-142', 'empup@cmi.com', '4cff8d3b777a1a3024f93ab366ecf409', 1, '2017-08-15 12:59:12', '2017-08-14 19:32:47'),
(287, 3, 'EMP-T-143', 'ajbg@kjk.cdk', '7ed06fcb3b76d54dcf8a920b10f379d2', 1, '2017-08-23 01:48:46', '2017-08-25 04:55:47'),
(288, 3, 'EMP-T-144', 'ghf@thj.hg', '47a592caf9358b1400def669fc15e07d', 1, '2017-08-23 01:58:13', '2017-08-23 08:28:13'),
(289, 3, 'EMP-T-145', 'ngf@raf.fik', 'b5cccc86b88f2ae55523ad77917164af', 1, '2017-08-23 02:17:50', '2017-08-23 08:47:50'),
(290, 4, 'USR-T-147', 'html@normal.com', '4cff8d3b777a1a3024f93ab366ecf409', 1, '2017-08-25 07:21:28', '2017-08-25 13:52:17'),
(291, 4, 'USR-T-148', 'h1@normal.com', '4cff8d3b777a1a3024f93ab366ecf409', 1, '2017-08-25 07:31:02', '2017-08-25 14:01:36'),
(292, 4, 'USR-T-149', 'h2@normal.com', '4cff8d3b777a1a3024f93ab366ecf409', 1, '2017-08-25 07:33:37', '2017-08-25 14:04:07'),
(293, 3, 'EMP-T-146', 'bgfd@kjh.fhf', '91c2bf2f20f35c90c6a94fbd5638b899', 1, '2017-08-28 03:40:21', '2017-08-28 10:10:21'),
(294, 3, 'EMP-T-147', 'bgdf@hdf.jdf', '8d851dd05c06bba835d3bf613383db8c', 1, '2017-08-28 03:52:12', '2017-08-28 10:22:12'),
(295, 3, 'EMP-T-148', 'vfd@dfgh.ggg', 'f48f8cfd7cc12b8c0d3bd5b0794aa745', 1, '2017-08-28 04:03:20', '2017-08-28 10:33:20'),
(296, 3, 'EMP-T-149', 'gfd@thr.fg', 'edb362af9a35f410e5b7ee9eb95c063e', 1, '2017-08-28 04:13:30', '2017-08-28 10:43:30'),
(297, 3, 'EMP-T-150', '', '42947f4b0769cafb925589dd570d8017', 1, '2017-08-28 04:15:54', '2017-08-28 10:45:54'),
(298, 3, 'EMP-T-151', '', 'fee4145274c56f057ee78d94cfe3311f', 1, '2017-08-28 04:16:03', '2017-08-28 10:46:03'),
(299, 3, 'EMP-T-152', '', 'a4cd3aa097ae17cad8ebb0dac691daba', 1, '2017-08-28 04:16:08', '2017-08-28 10:46:08'),
(300, 3, 'EMP-T-153', '', '73e3b838465ed3b532984d2d8c8d7bbc', 1, '2017-08-28 04:16:09', '2017-08-28 10:46:09'),
(301, 3, 'EMP-T-154', '', '520613c8f155a8b4e99fba77c822a6c3', 1, '2017-08-28 04:16:11', '2017-08-28 10:46:11'),
(302, 3, 'EMP-T-155', '', 'da76ef08f95a25787324921cb710d33b', 1, '2017-08-28 04:16:13', '2017-08-28 10:46:13'),
(303, 3, 'EMP-T-156', '', '295014984f67c35216e7fccbbb86bcd9', 1, '2017-08-28 04:16:15', '2017-08-28 10:46:15'),
(304, 3, 'EMP-T-157', '', '50980e9da378e5287805004dc7cb88e4', 1, '2017-08-28 04:16:17', '2017-08-28 10:46:17'),
(305, 3, 'EMP-T-158', '', '2094f2322693b0da7e5dd6b3cb390c29', 1, '2017-08-28 04:16:19', '2017-08-28 10:46:19'),
(306, 3, 'EMP-T-159', '', '523558fc4822b08dcb7ca63d1f8d961d', 1, '2017-08-28 04:16:21', '2017-08-28 10:46:21'),
(307, 3, 'EMP-T-160', '', '4b0ceb4452eb9ee5ea31e20c65443ad0', 1, '2017-08-28 04:16:23', '2017-08-28 10:46:23'),
(308, 3, 'EMP-T-161', '', '806aed5ff3ad4ad0e61379a506419f5c', 1, '2017-08-28 04:16:24', '2017-08-28 10:46:24'),
(309, 3, 'EMP-T-162', 'bfb@gg.jj', 'f5e4413f1d2fd61c4db7750a93de2909', 1, '2017-08-28 04:18:23', '2017-08-28 10:48:23'),
(310, 3, 'EMP-T-163', 'gfs@dsg.gg', 'dd0823c6c8f75565abb8cf091b393d79', 1, '2017-08-28 04:31:15', '2017-08-28 11:01:15'),
(311, 3, 'EMP-T-164', 'gdsf@gg.vv', '4a49c02b2a8e4c69a06f22ae047a695c', 1, '2017-08-28 04:32:40', '2017-08-28 11:02:40'),
(312, 3, 'EMP-T-165', 'jh@jh.hh', '6bf679f78845b1dc0b5ce4b16ca4976f', 1, '2017-08-28 04:33:30', '2017-08-28 11:03:30'),
(313, 3, 'EMP-T-166', 'ffff@gg.gg', '91514554d34aaf132a97cae22a60cd69', 1, '2017-08-28 04:37:27', '2017-08-28 11:07:27'),
(314, 3, 'EMP-T-167', 'sd@ffg.hjg', 'e3d33378ba3c2a94a91a24fa7bd6ee17', 1, '2017-08-28 05:10:46', '2017-08-28 11:40:46'),
(315, 3, 'EMP-T-168', 'bfdd@dfhg.fum', '32d4ecebac79562049cac1b1e1584da0', 1, '2017-08-28 05:13:53', '2017-08-28 11:43:53'),
(316, 3, 'EMP-T-169', 'sdvc@fw.gg', 'f8db05e19bef8327b9546d0a439687a2', 1, '2017-08-28 05:28:27', '2017-08-28 11:58:27'),
(317, 3, 'EMP-T-170', 'fdgd@ggr.rgg', '2ab70e28543d3cdcbbb01d7691244b88', 1, '2017-08-28 05:29:41', '2017-08-28 11:59:41'),
(318, 3, 'EMP-T-171', 'huj@jkb.ssns', 'c05d375cb824a0ab87aed7e36a2303b4', 1, '2017-08-28 05:30:52', '2017-08-28 12:00:52'),
(319, 3, 'EMP-T-172', 'ngfd@kjhkv.bdb', '8c064ab071cb70bd60cf82f75092ae02', 1, '2017-08-28 05:34:28', '2017-08-28 12:04:28'),
(320, 3, 'EMP-T-173', 'jamdgsgh@bkj.gh', '2e20810afbd9c971ac8999de88ed98f0', 1, '2017-08-28 05:39:05', '2017-08-28 12:09:05'),
(321, 3, 'EMP-T-174', 'gdsfg@dgz.dtrg', '4012720541d5cea2f70d6b11cc135b66', 1, '2017-08-28 05:42:01', '2017-08-28 12:12:01'),
(322, 3, 'EMP-T-175', 'hd@grz.dth', '0854955a837166d6599e0804fbb01bc8', 1, '2017-08-28 05:43:22', '2017-08-28 12:13:22'),
(323, 3, 'EMP-T-176', 'ncg@jhgf.fs', '8b8a5b961960be8d8ee4328ed6a9b3ae', 1, '2017-08-28 05:44:23', '2017-08-28 12:14:23'),
(324, 3, 'EMP-T-177', 'bfd@ghdf.gh', '662414b2206f0c33515b1f6a96dcb6b5', 1, '2017-08-28 06:42:36', '2017-08-28 13:12:36'),
(325, 3, 'EMP-T-178', 'ghv@hjg.hdh', 'cefca9a902df3cd1c3c33ca763fc37b7', 1, '2017-08-28 06:44:56', '2017-08-28 13:14:56'),
(326, 3, 'EMP-T-179', 'fdgs@gsg.dfg', '999357566afe924bd216bfdad2e9cab9', 1, '2017-08-28 06:47:13', '2017-08-28 13:17:13'),
(327, 3, 'EMP-T-180', 'kjbkj@kjb.snh', '0a456bb8f95310bf0da583f532b01616', 1, '2017-08-28 06:51:03', '2017-08-28 13:21:03'),
(328, 3, 'EMP-T-181', 'hfdh@fjj.dd', '9b6f26bd27a14151e534291424e4ef56', 1, '2017-08-28 06:52:31', '2017-08-28 13:22:31'),
(329, 3, 'EMP-T-182', 'hd@gdd.hd', '6277321d52074e7c72076e735cde7103', 1, '2017-08-28 06:53:04', '2017-08-28 13:23:04'),
(330, 3, 'EMP-T-183', 'arun@sas.com', '11281a4a2b982d9d05639a32fa0b49da', 1, '2017-08-29 10:17:25', '2017-08-29 04:47:25'),
(331, 3, 'EMP-T-184', 'poc@sas.com', '4cff8d3b777a1a3024f93ab366ecf409', 1, '2017-08-30 08:27:50', '2017-08-30 06:27:50'),
(332, 3, 'EMP-T-185', 'dept@sas.com', '4cff8d3b777a1a3024f93ab366ecf409', 1, '2017-08-30 08:27:52', '2017-08-30 06:27:52'),
(333, 3, 'EMP-T-186', 'emp@sas.com', '4cff8d3b777a1a3024f93ab366ecf409', 1, '2017-08-30 08:27:54', '2017-08-30 06:27:54'),
(334, 3, 'EMP-T-187', 'poc@sas.com', '4cff8d3b777a1a3024f93ab366ecf409', 1, '2017-08-31 12:04:01', '2017-08-31 10:04:01'),
(335, 3, 'EMP-T-188', 'poc@sas.com', '4cff8d3b777a1a3024f93ab366ecf409', 1, '2017-08-31 12:09:30', '2017-08-31 10:09:30'),
(336, 3, 'EMP-T-189', 'dept@sas.com', '4cff8d3b777a1a3024f93ab366ecf409', 1, '2017-08-31 12:09:33', '2017-08-31 10:09:33'),
(337, 3, 'EMP-T-190', 'emp@sas.com', '4cff8d3b777a1a3024f93ab366ecf409', 1, '2017-08-31 12:09:35', '2017-08-31 10:09:35'),
(338, 3, 'EMP-T-191', 'poc@sas.com', '4cff8d3b777a1a3024f93ab366ecf409', 1, '2017-08-31 12:21:04', '2017-08-31 10:21:04'),
(339, 3, 'EMP-T-192', 'dept@sas.com', '4cff8d3b777a1a3024f93ab366ecf409', 1, '2017-08-31 12:21:06', '2017-08-31 10:21:06'),
(340, 3, 'EMP-T-193', 'emp@sas.com', '4cff8d3b777a1a3024f93ab366ecf409', 1, '2017-08-31 12:21:09', '2017-08-31 10:21:09'),
(341, 2, 'EMP-T-194', 'nithin44@sas.com', '4cff8d3b777a1a3024f93ab366ecf409', 1, '2017-08-31 05:13:19', '2017-08-31 12:15:20'),
(342, 2, 'EMP-T-195', 'albin@mss.com', '4cff8d3b777a1a3024f93ab366ecf409', 1, '2017-08-31 05:15:15', '2017-08-31 12:15:15'),
(343, 6, 'EMP-T-196', 'dot@lol.com', '3ba13fac2e9cac9d1afdbb61cd3c578e', 1, '2017-08-31 07:10:44', '2017-09-12 06:01:13'),
(344, 7, 'EMP-T-197', 'dot2@lol.com', 'e5a3a232ea565d72be83d49e84771bb8', 1, '2017-08-31 07:11:25', '2017-09-12 06:00:43'),
(345, 3, 'EMP-T-198', 'poc@sas.com', '4cff8d3b777a1a3024f93ab366ecf409', 1, '2017-09-01 07:30:12', '2017-09-01 05:30:12'),
(346, 3, 'EMP-T-199', 'dept@sas.com', '4cff8d3b777a1a3024f93ab366ecf409', 1, '2017-09-01 07:30:14', '2017-09-01 05:30:14'),
(347, 3, 'EMP-T-200', 'emp@sas.com', '4cff8d3b777a1a3024f93ab366ecf409', 1, '2017-09-01 07:30:16', '2017-09-01 05:30:16'),
(348, 7, 'EMP-T-201', 'athul@fisat.com', '0c3a9980b32a265bf99df2467122bcaf', 1, '2017-09-01 11:41:48', '2017-09-19 13:33:34'),
(349, 5, 'EMP-T-202', 'poc@kims.com', '1bc5d81e46d128c8c93ff958cae18a86', 1, '2017-09-01 12:00:33', '2017-09-01 08:21:38'),
(350, 7, 'EMP-T-203', 'manager@kmis.com', '0fa4a0d3a456dcfbefa8722acdfadec7', 1, '2017-09-01 12:01:13', '2017-09-01 08:41:29'),
(351, 3, 'EMP-T-204', 'poc@sas.com', '4cff8d3b777a1a3024f93ab366ecf409', 1, '2017-09-01 10:44:10', '2017-09-01 08:44:10'),
(352, 3, 'EMP-T-205', 'dept@sas.com', '4cff8d3b777a1a3024f93ab366ecf409', 1, '2017-09-01 10:44:12', '2017-09-01 08:44:12'),
(353, 3, 'EMP-T-206', 'emp@sas.com', '4cff8d3b777a1a3024f93ab366ecf409', 1, '2017-09-01 10:44:15', '2017-09-01 08:44:15'),
(354, 4, 'USR-T-150', 'athulg@cmi.com', 'd8264292e4288dc62a8a004d995d099d', 1, '2017-09-01 02:54:29', '2017-09-01 09:24:29'),
(355, 4, 'USR-T-151', 'bdfg@mugh.hgft', '3d31b9255161dd0d54f1514e1dd52732', 1, '2017-09-01 03:08:30', '2017-09-01 09:38:30'),
(356, 4, 'USR-T-152', 'qqqkhj@mnd.nhh', '744698969b279bb12948969251812d49', 1, '2017-09-01 03:21:29', '2017-09-01 09:51:29'),
(357, 3, 'EMP-T-207', 'dept@kims.com', '4cff8d3b777a1a3024f93ab366ecf409', 1, '2017-09-01 01:27:44', '2017-09-01 11:27:44'),
(358, 3, 'EMP-T-208', 'emp1@kims.com', '4cff8d3b777a1a3024f93ab366ecf409', 1, '2017-09-01 01:27:47', '2017-09-01 11:27:47'),
(359, 3, 'EMP-T-209', 'emp2@kims.com', '4cff8d3b777a1a3024f93ab366ecf409', 1, '2017-09-01 01:27:49', '2017-09-01 11:27:49'),
(360, 3, 'EMP-T-210', 'emp3@kims.com', '4cff8d3b777a1a3024f93ab366ecf409', 1, '2017-09-01 05:48:36', '2017-09-01 12:18:36'),
(361, 3, 'EMP-T-211', 'emp4@kims.com', '4cff8d3b777a1a3024f93ab366ecf409', 1, '2017-09-01 05:48:38', '2017-09-01 12:18:38'),
(362, 6, 'EMP-T-212', 'emp4@kims.com', '4cff8d3b777a1a3024f93ab366ecf409', 1, '2017-09-01 05:48:40', '2017-09-12 05:56:41'),
(363, 3, 'EMP-T-213', 'emp3@kims.com', '4cff8d3b777a1a3024f93ab366ecf409', 1, '2017-09-01 06:32:29', '2017-09-01 13:02:29'),
(364, 3, 'EMP-T-214', 'emp4@kims.com', '4cff8d3b777a1a3024f93ab366ecf409', 1, '2017-09-01 06:32:32', '2017-09-01 13:02:32'),
(365, 3, 'EMP-T-215', 'emp4@kims.com', '4cff8d3b777a1a3024f93ab366ecf409', 1, '2017-09-01 06:32:33', '2017-09-01 13:02:33'),
(366, 3, 'EMP-T-216', 'emp3@kims.com', '4cff8d3b777a1a3024f93ab366ecf409', 1, '2017-09-01 06:33:51', '2017-09-01 13:03:51'),
(367, 3, 'EMP-T-217', 'emp4@kims.com', '4cff8d3b777a1a3024f93ab366ecf409', 1, '2017-09-01 06:33:54', '2017-09-01 13:03:54'),
(368, 3, 'EMP-T-218', 'emp4@kims.com', '4cff8d3b777a1a3024f93ab366ecf409', 1, '2017-09-01 06:33:57', '2017-09-01 13:03:57'),
(369, 3, 'EMP-T-219', 'emp3@kims.com', '4cff8d3b777a1a3024f93ab366ecf409', 1, '2017-09-01 07:11:18', '2017-09-01 13:41:18'),
(370, 3, 'EMP-T-220', 'emp4@kims.com', '4cff8d3b777a1a3024f93ab366ecf409', 1, '2017-09-01 07:11:20', '2017-09-01 13:41:20'),
(371, 3, 'EMP-T-221', 'emp4@kims.com', '4cff8d3b777a1a3024f93ab366ecf409', 1, '2017-09-01 07:11:23', '2017-09-01 13:41:23'),
(372, 3, 'EMP-T-222', 'emp3@kims.com', '4cff8d3b777a1a3024f93ab366ecf409', 1, '2017-09-01 07:11:25', '2017-09-01 13:41:25'),
(373, 3, 'EMP-T-223', 'emp4@kims.com', '4cff8d3b777a1a3024f93ab366ecf409', 1, '2017-09-01 07:11:28', '2017-09-01 13:41:28'),
(374, 3, 'EMP-T-224', 'emp4@kims.com', '4cff8d3b777a1a3024f93ab366ecf409', 1, '2017-09-01 07:11:31', '2017-09-01 13:41:31'),
(375, 5, 'EMP-T-225', 'nithin@kj.ds', '23423a40fca654aafb7ea0f775570537', 1, '2017-09-05 07:19:41', '2017-09-07 14:52:17'),
(376, 7, 'EMP-T-226', 'nfgnhj@hng.nfg', '28b492b4a3cc5da1d162ba1f2e7421e6', 1, '2017-09-06 06:38:49', '2017-09-07 10:56:52'),
(377, 6, 'EMP-T-227', 'nithin@awh.com', 'f7a38623e3207f0f5d67c92df6c542e1', 1, '2017-09-07 05:43:10', '2017-09-07 14:40:54'),
(378, 7, 'EMP-T-228', 'dino@awh.com', 'd833cc6d85a0c21f1a85de2cbe926c48', 1, '2017-09-07 05:43:55', '2017-09-07 12:25:29'),
(379, 5, 'EMP-T-229', 'amal@awh.com', '0daf499e3c607aa754adf462614c0b37', 1, '2017-09-07 05:45:42', '2017-09-07 14:20:32'),
(380, 5, 'EMP-T-230', 'amal@kmct.com', '4cff8d3b777a1a3024f93ab366ecf409', 1, '2017-09-07 09:42:53', '2017-09-08 05:58:44'),
(381, 7, 'EMP-T-231', 'dino@kmct.com', '4cff8d3b777a1a3024f93ab366ecf409', 1, '2017-09-07 09:44:33', '2017-09-08 05:58:38'),
(382, 5, 'EMP-T-232', 'fghf@hhg.ug', '98d794eec6600b8f8bbdd8ca83f4a4ef', 1, '2017-09-07 09:48:11', '2017-09-07 16:21:42'),
(383, 7, 'EMP-T-233', 'bfbg@gnb.gf', 'e2d099c4c2e76a4b4dd56c99f75dcd38', 1, '2017-09-07 09:49:46', '2017-09-07 16:21:42'),
(384, 6, 'EMP-T-234', 'bfdnb@yfj.uk', 'ebd7c211d529babe1034206e948d2054', 1, '2017-09-07 09:52:30', '2017-09-07 16:22:42'),
(385, 6, 'EMP-T-235', 'nithin@kmct.com', '4cff8d3b777a1a3024f93ab366ecf409', 1, '2017-09-08 11:17:11', '2017-09-08 05:58:28'),
(386, 6, 'EMP-T-236', 'lijin@kmct.com', '4cff8d3b777a1a3024f93ab366ecf409', 1, '2017-09-08 11:20:50', '2017-09-08 06:01:18'),
(387, 3, 'EMP-T-237', 'vishnu@kmct.com', '4cff8d3b777a1a3024f93ab366ecf409', 1, '2017-09-08 11:21:32', '2017-09-08 05:58:18'),
(388, 3, 'EMP-T-238', 'akhil@kmct.com', '4cff8d3b777a1a3024f93ab366ecf409', 1, '2017-09-08 11:22:06', '2017-09-08 05:58:15'),
(389, 3, 'EMP-T-239', 'athul@kmct.com', '4cff8d3b777a1a3024f93ab366ecf409', 1, '2017-09-08 11:23:40', '2017-09-08 05:58:12'),
(390, 3, 'EMP-T-240', 'ashwin@kmct.com', '4cff8d3b777a1a3024f93ab366ecf409', 1, '2017-09-08 11:26:31', '2017-09-08 05:58:09'),
(391, 4, 'USR-T-153', 'ramjith@kmct.com', '4cff8d3b777a1a3024f93ab366ecf409', 1, '2017-09-08 12:13:06', '2017-09-08 06:44:59'),
(392, 6, 'EMP-T-241', 'ggey@jh.dd', '422b1b96025e71dcc12ce7b2b30f433c', 1, '2017-09-08 04:12:19', '2017-09-08 11:16:15'),
(393, 3, 'EMP-T-242', 'bdfb@ddh.hg', 'c8ec56a894c40390ef71f5df3c4d36ee', 1, '2017-09-08 04:13:29', '2017-09-08 10:43:29'),
(394, 3, 'EMP-T-243', 'ghrg@hgd.hh', '0df0cf5848017fe27f49b4513a012794', 1, '2017-09-08 04:16:05', '2017-09-08 10:46:05'),
(395, 3, 'EMP-T-244', 'ghfcgh@hjg.ghf', '68a4204483117d4685f8e8987fa5ad09', 1, '2017-09-08 09:13:40', '2017-09-08 15:43:40'),
(396, 3, 'EMP-T-245', 'bgd@htf.ht', 'fcc1a4f4a9a067d2a27ce63efe0d7f02', 1, '2017-09-10 01:00:33', '2017-09-10 07:30:33'),
(397, 3, 'EMP-T-246', 'bfdsb@bgdr.jfj', '6f0ef8a3179d7b3a722f64e52ed546fb', 1, '2017-09-10 01:02:00', '2017-09-10 07:32:00'),
(398, 4, 'USR-T-154', 'noname@kmct.com', 'a54fcfe82aea19e70950b80c62de618b', 1, '2017-09-10 05:37:37', '2017-09-10 12:07:37'),
(399, 4, 'USR-T-155', 'bfdb@gnbhf.gdd', '4cff8d3b777a1a3024f93ab366ecf409', 1, '2017-09-10 06:10:41', '2017-09-10 12:43:50'),
(400, 4, 'USR-T-156', 'qrs@kmct.com', '4cff8d3b777a1a3024f93ab366ecf409', 1, '2017-09-11 02:05:15', '2017-09-11 08:35:15'),
(401, 6, 'EMP-T-247', 'gfsg@gfrdg.hd', '4cff8d3b777a1a3024f93ab366ecf409', 1, '2017-09-12 11:19:12', '2017-09-12 05:50:43'),
(402, 6, 'EMP-T-248', 'dfghd@thd.hdf', '4cff8d3b777a1a3024f93ab366ecf409', 1, '2017-09-12 11:19:31', '2017-09-12 05:49:52'),
(403, 6, 'EMP-T-249', 'bgdffh@hfd.frhj', '4cff8d3b777a1a3024f93ab366ecf409', 1, '2017-09-12 11:30:11', '2017-09-12 06:01:04'),
(404, 6, 'EMP-T-250', 'nfbgnh@hfr.fbh', '4cff8d3b777a1a3024f93ab366ecf409', 1, '2017-09-12 11:30:30', '2017-09-12 06:00:50'),
(405, 5, 'EMP-T-251', 'poc@hdfc.com', '4cff8d3b777a1a3024f93ab366ecf409', 1, '2017-09-12 11:34:23', '2017-09-12 06:05:00'),
(406, 7, 'EMP-T-252', 'manager@hdfc.com', '4cff8d3b777a1a3024f93ab366ecf409', 1, '2017-09-12 11:34:49', '2017-09-12 06:05:00'),
(407, 6, 'EMP-T-253', 'deptlp@hdfc.com', '4cff8d3b777a1a3024f93ab366ecf409', 1, '2017-09-12 11:38:21', '2017-09-12 06:09:20'),
(408, 6, 'EMP-T-254', 'depths@hdfc.com', '4cff8d3b777a1a3024f93ab366ecf409', 1, '2017-09-12 11:39:05', '2017-09-12 06:09:32');
INSERT INTO `user` (`id`, `user_role_type`, `employee_code`, `username`, `password`, `status`, `created_date`, `updated_date`) VALUES
(409, 5, 'EMP-T-255', 'poc@kfc.com', '4cff8d3b777a1a3024f93ab366ecf409', 1, '2017-09-12 12:07:51', '2017-09-12 06:42:13'),
(410, 7, 'EMP-T-256', 'manager@kfc.com', '4cff8d3b777a1a3024f93ab366ecf409', 1, '2017-09-12 12:08:19', '2017-09-12 06:42:13'),
(411, 6, 'EMP-T-257', 'depths@kfc.com', '4cff8d3b777a1a3024f93ab366ecf409', 1, '2017-09-12 12:08:57', '2017-09-12 06:43:44'),
(412, 6, 'EMP-T-258', 'deptlp@kfc.com', '4cff8d3b777a1a3024f93ab366ecf409', 1, '2017-09-12 12:09:30', '2017-09-12 06:42:56'),
(413, 4, 'USR-T-157', 'normal@kfc.com', '4cff8d3b777a1a3024f93ab366ecf409', 1, '2017-09-12 01:39:18', '2017-09-12 08:09:18'),
(414, 4, 'USR-T-158', 'hhh@jh.khj', '4cff8d3b777a1a3024f93ab366ecf409', 1, '2017-09-12 01:50:35', '2017-09-12 08:20:35'),
(415, 4, 'USR-T-159', 'tyty@kfc.com', '4cff8d3b777a1a3024f93ab366ecf409', 1, '2017-09-12 01:56:24', '2017-09-12 08:26:24'),
(416, 3, 'EMP-T-259', 'poc@gvhss.com', '4cff8d3b777a1a3024f93ab366ecf409', 1, '2017-09-12 03:17:37', '2017-09-12 09:47:37'),
(417, 3, 'EMP-T-260', 'dept@gvhss.com', '4cff8d3b777a1a3024f93ab366ecf409', 1, '2017-09-12 03:17:41', '2017-09-12 09:47:41'),
(418, 3, 'EMP-T-261', 'emp1@gvhss.com', '4cff8d3b777a1a3024f93ab366ecf409', 1, '2017-09-12 03:17:44', '2017-09-12 09:47:44'),
(419, 3, 'EMP-T-262', 'emp2@gvhss.com', '4cff8d3b777a1a3024f93ab366ecf409', 1, '2017-09-12 03:17:46', '2017-09-12 09:47:46'),
(420, 3, 'EMP-T-263', 'emp3@guhss.com', '4cff8d3b777a1a3024f93ab366ecf409', 1, '2017-09-12 03:17:48', '2017-09-12 09:47:48'),
(421, 5, 'EMP-T-264', 'poc@qwerty.com', '4cff8d3b777a1a3024f93ab366ecf409', 1, '2017-09-12 03:17:50', '2017-09-17 05:58:24'),
(422, 7, 'EMP-T-265', 'manager@qwerty.com', '4cff8d3b777a1a3024f93ab366ecf409', 1, '2017-09-12 03:17:52', '2017-09-17 05:58:24'),
(423, 6, 'EMP-T-266', 'depthdhs@qwerty.com', '4cff8d3b777a1a3024f93ab366ecf409', 1, '2017-09-12 03:17:54', '2017-09-17 05:58:32'),
(424, 4, 'USR-T-160', 'kfc@kfc.com', '4cff8d3b777a1a3024f93ab366ecf409', 1, '2017-09-12 04:44:43', '2017-09-12 11:14:43'),
(425, 4, 'USR-T-161', 'normal@kmct.com', '4cff8d3b777a1a3024f93ab366ecf409', 1, '2017-09-12 06:36:57', '2017-09-12 13:06:57'),
(426, 4, 'USR-T-162', 'normal@kmct.com', '4cff8d3b777a1a3024f93ab366ecf409', 1, '2017-09-12 06:39:05', '2017-09-12 13:09:05'),
(427, 4, 'USR-T-163', 'qw@kmct.com', '4cff8d3b777a1a3024f93ab366ecf409', 1, '2017-09-12 06:39:41', '2017-09-12 13:09:41'),
(428, 4, 'USR-T-164', 'aaa@kmct.com', '4cff8d3b777a1a3024f93ab366ecf409', 2, '2017-09-12 06:41:40', '2017-09-20 12:08:04'),
(429, 4, 'USR-T-165', 'krish@kmct.com', '4cff8d3b777a1a3024f93ab366ecf409', 1, '2017-09-15 06:31:11', '2017-09-20 12:11:58'),
(430, 2, 'EMP-T-267', 'ram@kmct.com', '4cff8d3b777a1a3024f93ab366ecf409', 1, '2017-09-17 01:35:06', '2017-09-20 11:55:21'),
(431, 3, 'EMP-T-268', 'jhfj@fgj.gd', '4cff8d3b777a1a3024f93ab366ecf409', 1, '2017-09-17 12:50:25', '2017-09-17 10:50:25'),
(432, 5, 'EMP-T-269', 'poc@fisat.com', '4cff8d3b777a1a3024f93ab366ecf409', 1, '2017-09-18 06:41:26', '2017-09-19 13:33:34'),
(433, 6, 'EMP-T-270', 'nithin@kmct.com', '4cff8d3b777a1a3024f93ab366ecf409', 1, '2017-09-18 06:41:30', '2017-09-20 14:20:19'),
(434, 6, 'EMP-T-271', 'emp@fisat.com', '4cff8d3b777a1a3024f93ab366ecf409', 1, '2017-09-18 06:41:32', '2017-10-05 08:33:02'),
(435, 3, 'EMP-T-272', 'emp11@fisat.com', '4cff8d3b777a1a3024f93ab366ecf409', 1, '2017-09-18 08:45:54', '2017-09-18 15:15:54'),
(436, 3, 'EMP-T-273', 'hal@kmct.com', '4cff8d3b777a1a3024f93ab366ecf409', 1, '2017-09-19 11:45:06', '2017-09-19 09:45:06'),
(437, 3, 'EMP-T-274', 'jam@kmct.com', '4cff8d3b777a1a3024f93ab366ecf409', 1, '2017-09-19 11:45:55', '2017-09-19 09:45:55'),
(438, 3, 'EMP-T-275', 'tom@kmct.com', '4cff8d3b777a1a3024f93ab366ecf409', 1, '2017-09-19 12:16:50', '2017-09-19 10:21:53'),
(439, 3, 'EMP-T-277', 'yy@wet.com', '4cff8d3b777a1a3024f93ab366ecf409', 0, '2017-09-19 12:36:11', '2017-09-19 10:37:23'),
(440, 3, 'EMP-T-278', 'rr@wet.com', '4cff8d3b777a1a3024f93ab366ecf409', 0, '2017-09-19 12:38:20', '2017-09-19 10:38:41'),
(441, 3, 'EMP-T-279', 'grt@wet.com', '4cff8d3b777a1a3024f93ab366ecf409', 0, '2017-09-19 12:48:03', '2017-09-19 10:54:27'),
(442, 3, 'EMP-T-280', 'ngf@rga.hth', '4cff8d3b777a1a3024f93ab366ecf409', 1, '2017-09-19 01:24:21', '2017-09-19 11:26:03'),
(443, 3, 'EMP-T-283', 'nith@ggg.com', '4cff8d3b777a1a3024f93ab366ecf409', 1, '2017-09-19 07:00:48', '2017-09-19 13:40:55'),
(444, 3, 'EMP-T-284', 'gfdsg@grdfsg.hh', '4cff8d3b777a1a3024f93ab366ecf409', 1, '2017-09-19 03:53:35', '2017-09-19 13:53:35'),
(445, 3, 'EMP-T-285', 'aa@aa.ab', '4cff8d3b777a1a3024f93ab366ecf409', 1, '2017-09-19 09:20:00', '2017-09-19 15:50:00'),
(446, 3, 'EMP-T-286', 'aa@aa.ac', '4cff8d3b777a1a3024f93ab366ecf409', 1, '2017-09-19 09:20:40', '2017-09-19 15:50:40'),
(447, 3, 'EMP-T-287', 'aa@aa.ac', '4cff8d3b777a1a3024f93ab366ecf409', 1, '2017-09-19 09:20:43', '2017-09-19 15:50:43'),
(448, 3, 'EMP-T-288', 'aa@aa.ad', '4cff8d3b777a1a3024f93ab366ecf409', 1, '2017-09-19 09:22:56', '2017-09-19 15:52:56'),
(449, 3, 'EMP-T-289', 'aa@aa.ae', '4cff8d3b777a1a3024f93ab366ecf409', 1, '2017-09-19 09:23:39', '2017-09-19 15:53:39'),
(450, 3, 'EMP-T-290', 'aaaa@aa.aa', '4cff8d3b777a1a3024f93ab366ecf409', 1, '2017-09-20 08:32:36', '2017-09-20 15:02:36'),
(451, 3, 'EMP-T-291', 'bbb@bb.bb', '4cff8d3b777a1a3024f93ab366ecf409', 1, '2017-09-20 08:32:39', '2017-09-20 15:02:39'),
(452, 5, 'EMP-T-292', 'aaa@tata.com', '4cff8d3b777a1a3024f93ab366ecf409', 1, '2017-09-25 10:29:51', '2017-09-25 06:00:39'),
(453, 7, 'EMP-T-293', 'bbb@tata.com', '4cff8d3b777a1a3024f93ab366ecf409', 1, '2017-09-25 10:30:16', '2017-09-25 06:00:39'),
(454, 3, 'EMP-T-294', 'ccc@tata.com', '4cff8d3b777a1a3024f93ab366ecf409', 1, '2017-09-25 10:30:48', '2017-09-25 05:00:48'),
(455, 3, 'EMP-T-295', 'ddd@tata.com', '4cff8d3b777a1a3024f93ab366ecf409', 1, '2017-09-25 10:31:32', '2017-09-25 05:01:32'),
(456, 3, 'EMP-T-296', 'eee@tata.com', '4cff8d3b777a1a3024f93ab366ecf409', 1, '2017-09-25 10:31:57', '2017-09-25 05:01:57'),
(457, 5, 'EMP-T-297', 'poc@lxi.com', '4cff8d3b777a1a3024f93ab366ecf409', 1, '2017-09-25 12:31:47', '2017-09-25 08:44:09'),
(458, 7, 'EMP-T-298', 'manager@lxi.com', '4cff8d3b777a1a3024f93ab366ecf409', 1, '2017-09-25 12:32:24', '2017-09-25 08:44:09'),
(459, 6, 'EMP-T-299', 'emphsd@tata.com', '4cff8d3b777a1a3024f93ab366ecf409', 1, '2017-09-25 02:17:28', '2017-09-25 08:49:25'),
(460, 3, 'EMP-T-300', 'emphs1@tata.com', '4cff8d3b777a1a3024f93ab366ecf409', 1, '2017-09-25 02:18:43', '2017-09-25 08:48:43'),
(461, 5, 'EMP-T-301', 'poc@vkc.com', '4cff8d3b777a1a3024f93ab366ecf409', 1, '2017-09-25 03:46:26', '2017-09-25 10:27:40'),
(462, 7, 'EMP-T-302', 'manager@vkc.com', '4cff8d3b777a1a3024f93ab366ecf409', 1, '2017-09-25 03:54:22', '2017-09-25 10:27:40'),
(463, 6, 'EMP-T-303', 'depthdai@vkc.com', '4cff8d3b777a1a3024f93ab366ecf409', 1, '2017-09-25 03:56:24', '2017-09-25 10:28:03'),
(464, 6, 'EMP-T-304', 'depthdlp@vkc.com', '4cff8d3b777a1a3024f93ab366ecf409', 1, '2017-09-25 03:59:09', '2017-09-25 10:29:30'),
(465, 3, 'EMP-T-305', 'poc@fisat.com', '4cff8d3b777a1a3024f93ab366ecf409', 1, '2017-09-25 05:13:33', '2017-09-25 11:43:33'),
(466, 3, 'EMP-T-306', 'nithin@kmct.com', '4cff8d3b777a1a3024f93ab366ecf409', 1, '2017-09-25 05:13:36', '2017-09-25 11:43:36'),
(467, 3, 'EMP-T-307', 'emp@fisat.com', '4cff8d3b777a1a3024f93ab366ecf409', 1, '2017-09-25 05:16:55', '2017-09-25 11:46:55'),
(468, 3, 'EMP-T-308', 'nithin@kmct.com', '4cff8d3b777a1a3024f93ab366ecf409', 1, '2017-09-25 05:16:57', '2017-09-25 11:46:57'),
(469, 3, 'EMP-T-309', 'emp4@kmct.com', '4cff8d3b777a1a3024f93ab366ecf409', 1, '2017-09-25 05:41:42', '2017-09-25 12:11:42'),
(470, 3, 'EMP-T-310', 'emp4@kmct.com', '4cff8d3b777a1a3024f93ab366ecf409', 1, '2017-09-25 05:41:44', '2017-09-25 12:11:44'),
(471, 6, 'EMP-T-314', 'emp6@kmct.com', 'd41d8cd98f00b204e9800998ecf8427e', 1, '2017-09-26 05:13:01', '2017-10-05 08:36:36'),
(472, 3, 'EMP-T-315', 'emp6@kmct.com', '4cff8d3b777a1a3024f93ab366ecf409', 1, '2017-09-26 05:14:47', '2017-09-26 11:44:47'),
(473, 3, 'EMP-T-316', 'emp6@kmct.com', '4cff8d3b777a1a3024f93ab366ecf409', 1, '2017-09-26 05:16:33', '2017-09-26 11:46:33'),
(474, 3, 'EMP-T-317', 'emp6@kmct.com', '4cff8d3b777a1a3024f93ab366ecf409', 1, '2017-09-26 05:22:33', '2017-09-26 11:52:33'),
(475, 3, 'EMP-T-318', 'emp7@kmct.com', '4cff8d3b777a1a3024f93ab366ecf409', 1, '2017-09-26 05:22:36', '2017-09-26 11:52:36'),
(476, 3, 'EMP-T-319', 'emp8@fisat.com', '4cff8d3b777a1a3024f93ab366ecf409', 1, '2017-09-26 05:28:58', '2017-09-26 11:58:58'),
(477, 3, 'EMP-T-320', 'emp9@gmail.com', '4cff8d3b777a1a3024f93ab366ecf409', 1, '2017-09-26 05:29:00', '2017-09-26 11:59:00'),
(478, 3, 'EMP-T-321', 'emp10@gmail.com', '4cff8d3b777a1a3024f93ab366ecf409', 1, '2017-09-26 05:29:02', '2017-09-26 11:59:02'),
(479, 3, 'EMP-T-322', 'emp11@gmail.com', '4cff8d3b777a1a3024f93ab366ecf409', 1, '2017-09-26 05:29:05', '2017-09-26 11:59:05'),
(480, 3, 'EMP-T-323', 'emp12@gmail.com', '4cff8d3b777a1a3024f93ab366ecf409', 1, '2017-09-26 05:29:07', '2017-09-26 11:59:07'),
(481, 3, 'EMP-T-324', 'emp8@fisat.com', '4cff8d3b777a1a3024f93ab366ecf409', 1, '2017-09-28 07:28:40', '2017-09-28 13:58:40'),
(482, 3, 'EMP-T-325', 'emp9@gmail.com', '4cff8d3b777a1a3024f93ab366ecf409', 1, '2017-09-28 07:28:43', '2017-09-28 13:58:43'),
(483, 3, 'EMP-T-326', 'emp10@gmail.com', '4cff8d3b777a1a3024f93ab366ecf409', 1, '2017-09-28 07:28:45', '2017-09-28 13:58:45'),
(484, 3, 'EMP-T-327', 'emp11@gmail.com', '4cff8d3b777a1a3024f93ab366ecf409', 1, '2017-09-28 07:28:47', '2017-09-28 13:58:47'),
(485, 3, 'EMP-T-328', 'emp12@gmail.com', '4cff8d3b777a1a3024f93ab366ecf409', 1, '2017-09-28 07:28:50', '2017-09-28 13:58:50'),
(486, 3, 'EMP-T-329', 'emp8@fisat.com', '4cff8d3b777a1a3024f93ab366ecf409', 1, '2017-09-29 10:03:37', '2017-09-29 04:33:37'),
(487, 3, 'EMP-T-330', 'emp9@gmail.com', '4cff8d3b777a1a3024f93ab366ecf409', 1, '2017-09-29 10:03:41', '2017-09-29 04:33:41'),
(488, 3, 'EMP-T-331', 'emp10@gmail.com', '4cff8d3b777a1a3024f93ab366ecf409', 1, '2017-09-29 10:03:45', '2017-09-29 04:33:45'),
(489, 3, 'EMP-T-332', 'emp11@gmail.com', '4cff8d3b777a1a3024f93ab366ecf409', 1, '2017-09-29 10:03:47', '2017-09-29 04:33:47'),
(490, 3, 'EMP-T-333', 'emp12@gmail.com', '4cff8d3b777a1a3024f93ab366ecf409', 1, '2017-09-29 10:03:50', '2017-09-29 04:33:50'),
(491, 3, 'EMP-T-334', 'emp8@fisat.com', '4cff8d3b777a1a3024f93ab366ecf409', 1, '2017-09-29 10:12:34', '2017-09-29 04:42:34'),
(492, 3, 'EMP-T-335', 'emp9@gmail.com', '4cff8d3b777a1a3024f93ab366ecf409', 1, '2017-09-29 10:12:37', '2017-09-29 04:42:37'),
(493, 3, 'EMP-T-336', 'emp10@gmail.com', '4cff8d3b777a1a3024f93ab366ecf409', 1, '2017-09-29 10:12:41', '2017-09-29 04:42:41'),
(494, 3, 'EMP-T-337', 'emp11@gmail.com', '4cff8d3b777a1a3024f93ab366ecf409', 1, '2017-09-29 10:12:46', '2017-09-29 04:42:46'),
(495, 3, 'EMP-T-338', 'emp12@gmail.com', '4cff8d3b777a1a3024f93ab366ecf409', 1, '2017-09-29 10:12:49', '2017-09-29 04:42:49'),
(496, 3, 'EMP-T-339', 'emp8@fisat.com', '4cff8d3b777a1a3024f93ab366ecf409', 1, '2017-09-29 10:13:46', '2017-09-29 04:43:46'),
(497, 3, 'EMP-T-340', 'emp9@gmail.com', '4cff8d3b777a1a3024f93ab366ecf409', 1, '2017-09-29 10:13:55', '2017-09-29 04:43:55'),
(498, 3, 'EMP-T-341', 'emp10@gmail.com', '4cff8d3b777a1a3024f93ab366ecf409', 1, '2017-09-29 10:13:59', '2017-09-29 04:43:59'),
(499, 3, 'EMP-T-342', 'emp11@gmail.com', '4cff8d3b777a1a3024f93ab366ecf409', 1, '2017-09-29 10:14:01', '2017-09-29 04:44:01'),
(500, 3, 'EMP-T-343', 'emp12@gmail.com', '4cff8d3b777a1a3024f93ab366ecf409', 1, '2017-09-29 10:14:03', '2017-09-29 04:44:03'),
(501, 3, 'EMP-T-344', 'emp8@fisat.com', '4cff8d3b777a1a3024f93ab366ecf409', 1, '2017-09-29 10:17:03', '2017-09-29 04:47:03'),
(502, 3, 'EMP-T-345', 'emp9@gmail.com', '4cff8d3b777a1a3024f93ab366ecf409', 1, '2017-09-29 10:17:06', '2017-09-29 04:47:06'),
(503, 3, 'EMP-T-346', 'emp10@gmail.com', '4cff8d3b777a1a3024f93ab366ecf409', 1, '2017-09-29 10:17:08', '2017-09-29 04:47:08'),
(504, 3, 'EMP-T-347', 'emp11@gmail.com', '4cff8d3b777a1a3024f93ab366ecf409', 1, '2017-09-29 10:17:11', '2017-09-29 04:47:11'),
(505, 3, 'EMP-T-348', 'emp12@gmail.com', '4cff8d3b777a1a3024f93ab366ecf409', 1, '2017-09-29 10:17:13', '2017-09-29 04:47:13'),
(506, 3, 'EMP-T-349', 'emp8@fisat.com', '4cff8d3b777a1a3024f93ab366ecf409', 1, '2017-09-29 10:21:27', '2017-09-29 04:51:27'),
(507, 3, 'EMP-T-350', 'emp9@gmail.com', '4cff8d3b777a1a3024f93ab366ecf409', 1, '2017-09-29 10:21:29', '2017-09-29 04:51:29'),
(508, 3, 'EMP-T-351', 'emp10@gmail.com', '4cff8d3b777a1a3024f93ab366ecf409', 1, '2017-09-29 10:21:31', '2017-09-29 04:51:31'),
(509, 3, 'EMP-T-352', 'emp11@gmail.com', '4cff8d3b777a1a3024f93ab366ecf409', 1, '2017-09-29 10:21:33', '2017-09-29 04:51:33'),
(510, 3, 'EMP-T-353', 'emp12@gmail.com', '4cff8d3b777a1a3024f93ab366ecf409', 1, '2017-09-29 10:21:35', '2017-09-29 04:51:35'),
(511, 3, 'EMP-T-354', 'emp8@fisat.com', '4cff8d3b777a1a3024f93ab366ecf409', 1, '2017-09-29 10:24:06', '2017-09-29 04:54:06'),
(512, 3, 'EMP-T-355', 'emp9@gmail.com', '4cff8d3b777a1a3024f93ab366ecf409', 1, '2017-09-29 10:24:08', '2017-09-29 04:54:08'),
(513, 3, 'EMP-T-356', 'emp10@gmail.com', '4cff8d3b777a1a3024f93ab366ecf409', 1, '2017-09-29 10:24:10', '2017-09-29 04:54:10'),
(514, 3, 'EMP-T-357', 'emp11@gmail.com', '4cff8d3b777a1a3024f93ab366ecf409', 1, '2017-09-29 10:24:12', '2017-09-29 04:54:12'),
(515, 3, 'EMP-T-358', 'emp12@gmail.com', '4cff8d3b777a1a3024f93ab366ecf409', 1, '2017-09-29 10:24:16', '2017-09-29 04:54:16'),
(516, 3, 'EMP-T-359', 'emp8@fisat.com', '4cff8d3b777a1a3024f93ab366ecf409', 1, '2017-09-29 10:35:16', '2017-09-29 05:05:16'),
(517, 3, 'EMP-T-360', 'emp9@gmail.com', '4cff8d3b777a1a3024f93ab366ecf409', 1, '2017-09-29 10:35:20', '2017-09-29 05:05:20'),
(518, 3, 'EMP-T-361', 'emp10@gmail.com', '4cff8d3b777a1a3024f93ab366ecf409', 1, '2017-09-29 10:35:22', '2017-09-29 05:05:22'),
(519, 3, 'EMP-T-362', 'emp11@gmail.com', '4cff8d3b777a1a3024f93ab366ecf409', 1, '2017-09-29 10:35:27', '2017-09-29 05:05:27'),
(520, 3, 'EMP-T-363', 'emp12@gmail.com', '4cff8d3b777a1a3024f93ab366ecf409', 1, '2017-09-29 10:35:37', '2017-09-29 05:05:37'),
(521, 3, 'EMP-T-364', 'emp8@fisat.com', '4cff8d3b777a1a3024f93ab366ecf409', 1, '2017-09-29 10:36:58', '2017-09-29 05:06:58'),
(522, 3, 'EMP-T-365', 'emp9@gmail.com', '4cff8d3b777a1a3024f93ab366ecf409', 1, '2017-09-29 10:37:01', '2017-09-29 05:07:01'),
(523, 3, 'EMP-T-366', 'emp10@gmail.com', '4cff8d3b777a1a3024f93ab366ecf409', 1, '2017-09-29 10:37:05', '2017-09-29 05:07:05'),
(524, 3, 'EMP-T-367', 'emp11@gmail.com', '4cff8d3b777a1a3024f93ab366ecf409', 1, '2017-09-29 10:37:08', '2017-09-29 05:07:08'),
(525, 3, 'EMP-T-368', 'emp12@gmail.com', '4cff8d3b777a1a3024f93ab366ecf409', 1, '2017-09-29 10:37:17', '2017-09-29 05:07:17'),
(526, 3, 'EMP-T-369', 'emp8@fisat.com', '4cff8d3b777a1a3024f93ab366ecf409', 1, '2017-09-29 10:43:13', '2017-09-29 05:13:13'),
(527, 3, 'EMP-T-370', 'emp9@gmail.com', '4cff8d3b777a1a3024f93ab366ecf409', 1, '2017-09-29 10:43:16', '2017-09-29 05:13:16'),
(528, 3, 'EMP-T-371', 'emp10@gmail.com', '4cff8d3b777a1a3024f93ab366ecf409', 1, '2017-09-29 10:43:18', '2017-09-29 05:13:18'),
(529, 3, 'EMP-T-372', 'emp11@gmail.com', '4cff8d3b777a1a3024f93ab366ecf409', 1, '2017-09-29 10:43:20', '2017-09-29 05:13:20'),
(530, 3, 'EMP-T-373', 'emp12@gmail.com', '4cff8d3b777a1a3024f93ab366ecf409', 1, '2017-09-29 10:43:22', '2017-09-29 05:13:22'),
(531, 3, 'EMP-T-374', 'emp8@fisat.com', '4cff8d3b777a1a3024f93ab366ecf409', 1, '2017-09-29 10:48:06', '2017-09-29 05:18:07'),
(532, 3, 'EMP-T-375', 'emp9@gmail.com', '4cff8d3b777a1a3024f93ab366ecf409', 1, '2017-09-29 10:48:10', '2017-09-29 05:18:10'),
(533, 3, 'EMP-T-376', 'emp10@gmail.com', '4cff8d3b777a1a3024f93ab366ecf409', 1, '2017-09-29 10:48:12', '2017-09-29 05:18:12'),
(534, 3, 'EMP-T-377', 'emp11@gmail.com', '4cff8d3b777a1a3024f93ab366ecf409', 1, '2017-09-29 10:48:14', '2017-09-29 05:18:14'),
(535, 3, 'EMP-T-378', 'emp12@gmail.com', '4cff8d3b777a1a3024f93ab366ecf409', 1, '2017-09-29 10:48:16', '2017-09-29 05:18:16'),
(536, 3, 'EMP-T-379', 'emp8@fisat.com', '4cff8d3b777a1a3024f93ab366ecf409', 1, '2017-09-29 03:33:50', '2017-09-29 10:03:50'),
(537, 3, 'EMP-T-380', 'emp8@fisat.com', '4cff8d3b777a1a3024f93ab366ecf409', 1, '2017-09-29 03:34:48', '2017-09-29 10:04:48'),
(538, 3, 'EMP-T-381', 'emp8@fisat.com', '4cff8d3b777a1a3024f93ab366ecf409', 1, '2017-09-29 03:35:47', '2017-09-29 10:05:47'),
(539, 3, 'EMP-T-382', 'emp9@gmail.com', '4cff8d3b777a1a3024f93ab366ecf409', 1, '2017-09-29 03:35:50', '2017-09-29 10:05:50'),
(540, 3, 'EMP-T-383', 'emp10@gmail.com', '4cff8d3b777a1a3024f93ab366ecf409', 1, '2017-09-29 03:35:53', '2017-09-29 10:05:53'),
(541, 3, 'EMP-T-384', 'emp11@gmail.com', '4cff8d3b777a1a3024f93ab366ecf409', 1, '2017-09-29 03:35:55', '2017-09-29 10:05:55'),
(542, 3, 'EMP-T-385', 'emp12@gmail.com', '4cff8d3b777a1a3024f93ab366ecf409', 1, '2017-09-29 03:35:58', '2017-09-29 10:05:58'),
(543, 3, 'EMP-T-386', 'emp8@fisat.com', '4cff8d3b777a1a3024f93ab366ecf409', 1, '2017-09-29 03:40:29', '2017-09-29 10:10:29'),
(544, 3, 'EMP-T-387', 'emp9@gmail.com', '4cff8d3b777a1a3024f93ab366ecf409', 1, '2017-09-29 03:40:32', '2017-09-29 10:10:32'),
(545, 3, 'EMP-T-388', 'emp10@gmail.com', '4cff8d3b777a1a3024f93ab366ecf409', 1, '2017-09-29 03:40:34', '2017-09-29 10:10:34'),
(546, 3, 'EMP-T-389', 'emp11@gmail.com', '4cff8d3b777a1a3024f93ab366ecf409', 1, '2017-09-29 03:40:36', '2017-09-29 10:10:36'),
(547, 3, 'EMP-T-390', 'emp12@gmail.com', '4cff8d3b777a1a3024f93ab366ecf409', 1, '2017-09-29 03:40:38', '2017-09-29 10:10:38'),
(548, 3, 'EMP-T-391', 'emp8@fisat.com', '4cff8d3b777a1a3024f93ab366ecf409', 1, '2017-09-29 03:43:51', '2017-09-29 10:13:51'),
(549, 3, 'EMP-T-392', 'emp9@gmail.com', '4cff8d3b777a1a3024f93ab366ecf409', 1, '2017-09-29 03:43:53', '2017-09-29 10:13:53'),
(550, 3, 'EMP-T-393', 'emp10@gmail.com', '4cff8d3b777a1a3024f93ab366ecf409', 1, '2017-09-29 03:43:55', '2017-09-29 10:13:55'),
(551, 3, 'EMP-T-394', 'emp11@gmail.com', '4cff8d3b777a1a3024f93ab366ecf409', 1, '2017-09-29 03:43:57', '2017-09-29 10:13:57'),
(552, 3, 'EMP-T-395', 'emp12@gmail.com', '4cff8d3b777a1a3024f93ab366ecf409', 1, '2017-09-29 03:43:59', '2017-09-29 10:13:59'),
(553, 3, 'EMP-T-396', 'emp8@fisat.com', '4cff8d3b777a1a3024f93ab366ecf409', 1, '2017-09-29 03:44:36', '2017-09-29 10:14:36'),
(554, 3, 'EMP-T-397', 'emp9@gmail.com', '4cff8d3b777a1a3024f93ab366ecf409', 1, '2017-09-29 03:44:38', '2017-09-29 10:14:38'),
(555, 3, 'EMP-T-398', 'emp10@gmail.com', '4cff8d3b777a1a3024f93ab366ecf409', 1, '2017-09-29 03:44:40', '2017-09-29 10:14:40'),
(556, 3, 'EMP-T-399', 'emp11@gmail.com', '4cff8d3b777a1a3024f93ab366ecf409', 1, '2017-09-29 03:44:42', '2017-09-29 10:14:42'),
(557, 3, 'EMP-T-400', 'emp12@gmail.com', '4cff8d3b777a1a3024f93ab366ecf409', 1, '2017-09-29 03:44:44', '2017-09-29 10:14:44'),
(558, 3, 'EMP-T-401', 'emp8@fisat.com', '4cff8d3b777a1a3024f93ab366ecf409', 1, '2017-09-29 03:46:50', '2017-09-29 10:16:50'),
(559, 3, 'EMP-T-402', 'emp9@gmail.com', '4cff8d3b777a1a3024f93ab366ecf409', 1, '2017-09-29 03:46:52', '2017-09-29 10:16:52'),
(560, 3, 'EMP-T-403', 'emp10@gmail.com', '4cff8d3b777a1a3024f93ab366ecf409', 1, '2017-09-29 03:46:53', '2017-09-29 10:16:53'),
(561, 3, 'EMP-T-404', 'emp11@gmail.com', '4cff8d3b777a1a3024f93ab366ecf409', 1, '2017-09-29 03:46:55', '2017-09-29 10:16:55'),
(562, 3, 'EMP-T-405', 'emp12@gmail.com', '4cff8d3b777a1a3024f93ab366ecf409', 1, '2017-09-29 03:46:57', '2017-09-29 10:16:57'),
(563, 3, 'EMP-T-406', 'emp8@fisat.com', '4cff8d3b777a1a3024f93ab366ecf409', 1, '2017-09-29 03:49:22', '2017-09-29 10:19:22'),
(564, 3, 'EMP-T-407', 'emp9@gmail.com', '4cff8d3b777a1a3024f93ab366ecf409', 1, '2017-09-29 03:49:24', '2017-09-29 10:19:24'),
(565, 3, 'EMP-T-408', 'emp10@gmail.com', '4cff8d3b777a1a3024f93ab366ecf409', 1, '2017-09-29 03:49:27', '2017-09-29 10:19:27'),
(566, 3, 'EMP-T-409', 'emp11@gmail.com', '4cff8d3b777a1a3024f93ab366ecf409', 1, '2017-09-29 03:49:29', '2017-09-29 10:19:29'),
(567, 3, 'EMP-T-410', 'emp12@gmail.com', '4cff8d3b777a1a3024f93ab366ecf409', 1, '2017-09-29 03:49:31', '2017-09-29 10:19:31'),
(568, 3, 'EMP-T-411', 'emp8@fisat.com', '4cff8d3b777a1a3024f93ab366ecf409', 1, '2017-09-29 04:10:19', '2017-09-29 10:40:19'),
(569, 3, 'EMP-T-412', 'emp91@gmail.com', '4cff8d3b777a1a3024f93ab366ecf409', 1, '2017-09-29 04:10:21', '2017-09-29 10:40:21'),
(570, 3, 'EMP-T-413', 'emp10@gmail.com', '4cff8d3b777a1a3024f93ab366ecf409', 1, '2017-09-29 04:10:24', '2017-09-29 10:40:24'),
(571, 3, 'EMP-T-414', 'emp11@gmail.com', '4cff8d3b777a1a3024f93ab366ecf409', 1, '2017-09-29 04:10:26', '2017-09-29 10:40:26'),
(572, 3, 'EMP-T-415', 'emp12@gmail.com', '4cff8d3b777a1a3024f93ab366ecf409', 1, '2017-09-29 04:10:28', '2017-09-29 10:40:28'),
(573, 3, 'EMP-T-416', 'emp86@fisat.com', '4cff8d3b777a1a3024f93ab366ecf409', 1, '2017-09-29 05:39:43', '2017-09-29 12:09:43'),
(574, 3, 'EMP-T-417', 'emp96@gmail.com', '4cff8d3b777a1a3024f93ab366ecf409', 1, '2017-09-29 05:39:45', '2017-09-29 12:09:45'),
(575, 3, 'EMP-T-418', 'emp160@gmail.com', '4cff8d3b777a1a3024f93ab366ecf409', 1, '2017-09-29 05:39:47', '2017-09-29 12:09:47'),
(576, 3, 'EMP-T-419', 'emp161@gmail.com', '4cff8d3b777a1a3024f93ab366ecf409', 1, '2017-09-29 05:39:48', '2017-09-29 12:09:48'),
(577, 3, 'EMP-T-420', 'emp126@gmail.com', '4cff8d3b777a1a3024f93ab366ecf409', 1, '2017-09-29 05:39:50', '2017-09-29 12:09:50'),
(578, 3, 'EMP-T-421', 'emp83@fisat.com', '4cff8d3b777a1a3024f93ab366ecf409', 1, '2017-09-29 05:46:29', '2017-09-29 12:16:29'),
(579, 3, 'EMP-T-422', 'emp97@gmail.com', '4cff8d3b777a1a3024f93ab366ecf409', 1, '2017-09-29 05:46:31', '2017-09-29 12:16:31'),
(580, 3, 'EMP-T-423', 'emp1077@gmail.com', '4cff8d3b777a1a3024f93ab366ecf409', 1, '2017-09-29 05:46:33', '2017-09-29 12:16:33'),
(581, 3, 'EMP-T-424', 'emp83@fisat.com', '4cff8d3b777a1a3024f93ab366ecf409', 1, '2017-09-29 05:46:35', '2017-09-29 12:16:35'),
(582, 3, 'EMP-T-425', 'emp14542@gmail.com', '4cff8d3b777a1a3024f93ab366ecf409', 1, '2017-09-29 05:46:37', '2017-09-29 12:16:37'),
(583, 3, 'EMP-T-426', 'fbgdg@nbhdf.bhg', '4cff8d3b777a1a3024f93ab366ecf409', 1, '2017-10-05 03:01:43', '2017-10-05 13:01:43'),
(584, 3, 'EMP-T-427', 'testemp@jjj.dld', '4cff8d3b777a1a3024f93ab366ecf409', 1, '2017-10-06 07:18:47', '2017-10-06 05:18:47'),
(585, 3, 'EMP-T-428', 'hjghj@ghf.hgf', '4cff8d3b777a1a3024f93ab366ecf409', 1, '2017-10-06 10:36:50', '2017-10-06 08:36:50'),
(586, 3, 'EMP-T-429', 'dgh@bghd.trhd', '4cff8d3b777a1a3024f93ab366ecf409', 1, '2017-10-06 01:16:58', '2017-10-06 11:16:58'),
(587, 3, 'EMP-T-430', 'htdf@ghdftx.ht', '4cff8d3b777a1a3024f93ab366ecf409', 1, '2017-10-06 01:21:51', '2017-10-06 11:21:51'),
(588, 3, 'EMP-T-431', 'bdfsb@hdfgth.gfd', '4cff8d3b777a1a3024f93ab366ecf409', 1, '2017-10-06 01:57:06', '2017-10-06 11:57:06'),
(589, 3, 'EMP-T-432', 'bfdsxbhgdsxbh@gt.hft', '4cff8d3b777a1a3024f93ab366ecf409', 1, '2017-10-06 02:11:30', '2017-10-06 12:11:30'),
(590, 3, 'EMP-T-433', 'bfdsbg@gsndh.hr', '4cff8d3b777a1a3024f93ab366ecf409', 1, '2017-10-06 02:14:09', '2017-10-06 12:14:09'),
(591, 3, 'EMP-T-434', 'nhgfcfh@fj.gds', '4cff8d3b777a1a3024f93ab366ecf409', 1, '2017-10-06 02:18:02', '2017-10-06 12:18:02'),
(592, 3, 'EMP-T-435', 'bgdfh@bfdh.dggg', '4cff8d3b777a1a3024f93ab366ecf409', 1, '2017-10-06 02:19:14', '2017-10-06 12:19:14'),
(593, 3, 'EMP-T-436', 'hjdcb@jk.sdcjn', '4cff8d3b777a1a3024f93ab366ecf409', 1, '2017-10-10 02:37:14', '2017-10-10 09:07:14'),
(594, 3, 'EMP-T-437', 'hjdcbs@jk.sdcjn', '4cff8d3b777a1a3024f93ab366ecf409', 1, '2017-10-10 02:37:17', '2017-10-10 09:07:17'),
(595, 3, 'EMP-T-438', 'hjdcgfb@jk.sdcjn', '4cff8d3b777a1a3024f93ab366ecf409', 1, '2017-10-10 03:05:40', '2017-10-10 13:05:40'),
(596, 3, 'EMP-T-439', 'hjddddcgfb@jk.sdcjn', '4cff8d3b777a1a3024f93ab366ecf409', 1, '2017-10-10 03:05:44', '2017-10-10 13:05:44'),
(597, 3, 'EMP-T-440', 's11@hh.com', '4cff8d3b777a1a3024f93ab366ecf409', 1, '2017-10-10 03:08:11', '2017-10-10 13:08:11'),
(598, 3, 'EMP-T-441', 's22@hh.com', '4cff8d3b777a1a3024f93ab366ecf409', 1, '2017-10-10 03:08:13', '2017-10-10 13:08:13'),
(599, 3, 'EMP-T-442', 'bony@mailinator.com', '4cff8d3b777a1a3024f93ab366ecf409', 1, '2017-10-17 05:37:08', '2017-10-17 12:07:08'),
(600, 2, 'EMP-T-443', 'hhh@kims.com', '4cff8d3b777a1a3024f93ab366ecf409', 1, '2017-10-19 04:12:58', '2017-10-19 10:42:58'),
(601, 5, 'EMP-T-444', 'poc@hims.com', '4cff8d3b777a1a3024f93ab366ecf409', 1, '2017-10-20 03:17:11', '2017-10-20 09:50:33'),
(602, 6, 'EMP-T-445', 'depths@hims.com', '4cff8d3b777a1a3024f93ab366ecf409', 1, '2017-10-20 03:17:17', '2017-10-20 09:51:37'),
(603, 3, 'EMP-T-446', 'emphs@hims.com', '4cff8d3b777a1a3024f93ab366ecf409', 1, '2017-10-20 03:17:20', '2017-10-20 09:47:20'),
(604, 7, 'EMP-T-447', 'manager@hims.com', '4cff8d3b777a1a3024f93ab366ecf409', 1, '2017-10-20 03:17:24', '2017-10-20 09:50:33'),
(605, 3, 'EMP-T-448', 'emplp@hims.com', '4cff8d3b777a1a3024f93ab366ecf409', 1, '2017-10-20 03:19:32', '2017-10-20 09:49:32'),
(606, 6, 'EMP-T-449', 'deptlp@hims.com', '4cff8d3b777a1a3024f93ab366ecf409', 1, '2017-10-20 03:19:35', '2017-10-20 09:50:41'),
(607, 5, 'EMP-T-450', 'poc11@ust.com', '4cff8d3b777a1a3024f93ab366ecf409', 1, '2017-10-20 04:05:10', '2017-10-20 10:40:41'),
(608, 7, 'EMP-T-451', 'manager11@ust.com', '4cff8d3b777a1a3024f93ab366ecf409', 1, '2017-10-20 04:05:16', '2017-10-20 10:40:41'),
(609, 6, 'EMP-T-452', 'depthup@ust.com', '4cff8d3b777a1a3024f93ab366ecf409', 1, '2017-10-20 04:06:48', '2017-10-20 10:42:16'),
(610, 3, 'EMP-T-453', 'empup@ust.com', '4cff8d3b777a1a3024f93ab366ecf409', 1, '2017-10-20 04:07:39', '2017-10-20 10:37:39'),
(611, 6, 'EMP-T-454', 'deptlp@ust.com', '4cff8d3b777a1a3024f93ab366ecf409', 1, '2017-10-20 04:08:47', '2017-10-20 10:42:39'),
(612, 3, 'EMP-T-455', 'emplp@ust.com', '4cff8d3b777a1a3024f93ab366ecf409', 1, '2017-10-20 04:08:57', '2017-10-20 10:38:57'),
(613, 9, 'MNG-T-001', 'management@helpus.com', '4cff8d3b777a1a3024f93ab366ecf409', 1, '2017-11-06 07:15:57', '2017-11-06 13:45:57'),
(614, 9, 'MNG-T-002', 'managemant2@mailinator.com', '4cff8d3b777a1a3024f93ab366ecf409', 1, '2017-11-07 10:08:14', '2017-11-07 04:39:35');

-- --------------------------------------------------------

--
-- Table structure for table `user_action`
--

CREATE TABLE `user_action` (
  `id` int(11) NOT NULL,
  `action` varchar(255) NOT NULL
) ENGINE=InnoDB DEFAULT CHARSET=latin1;

--
-- Dumping data for table `user_action`
--

INSERT INTO `user_action` (`id`, `action`) VALUES
(1, 'Assign to POC'),
(2, 'POC Assign to Dept Head'),
(3, 'POC Assign to Employee'),
(4, 'Dept Head Assign to Employee'),
(5, 'Request Management Approval'),
(6, 'Management Approve'),
(7, 'Management Reject'),
(8, 'POC close due to Management Rejection'),
(9, 'POC Reject Ticket'),
(10, 'Ticket Re-Assign'),
(11, 'Ticket Resolve'),
(12, 'POC Verify and Close'),
(13, 'POC Reject The Resolution'),
(14, 'User Accept The Closure'),
(15, 'User Re-open'),
(16, 'Ticket has been Splitted '),
(17, 'Department Head Accepted'),
(18, 'Department Head Rejected'),
(19, 'Department Head Resolved Ticket');

-- --------------------------------------------------------

--
-- Table structure for table `user_role`
--

CREATE TABLE `user_role` (
  `id` int(11) NOT NULL,
  `category` int(11) NOT NULL,
  `role` varchar(255) NOT NULL
) ENGINE=InnoDB DEFAULT CHARSET=latin1;

--
-- Dumping data for table `user_role`
--

INSERT INTO `user_role` (`id`, `category`, `role`) VALUES
(1, 1, 'Principal'),
(2, 1, 'Administator'),
(3, 1, 'Maintenance Head'),
(4, 0, 'Accountant'),
(5, 0, 'Administator'),
(6, 2, 'Head Master'),
(7, 2, 'Teacher'),
(8, 2, 'Maintenance Head'),
(9, 2, 'Accountant'),
(10, 0, 'Administator1'),
(11, 5, 'PHP Head TL'),
(12, 6, 'Administator'),
(13, 6, 'Teacher'),
(14, 6, 'Principal'),
(15, 7, 'Teacher'),
(16, 7, 'Principal'),
(17, 0, 'Maintenance Head1'),
(18, 8, 'Employee'),
(19, 9, 'Employee'),
(20, 10, 'Employee'),
(21, 11, 'Employee'),
(22, 12, 'Employee'),
(23, 13, 'Employee'),
(24, 0, 'yy'),
(25, 15, 'Employee'),
(26, 16, 'Employee'),
(27, 17, 'Employee'),
(28, 18, 'Employee'),
(29, 19, 'Employee'),
(30, 20, 'Employee'),
(31, 21, 'Employee'),
(32, 22, 'Employee'),
(33, 23, 'Employee'),
(34, 1, 'Employee'),
(35, 24, 'Employee'),
(36, 25, 'Employee'),
(37, 26, 'Employee'),
(38, 27, 'Employee'),
(39, 26, 'Accountant'),
(40, 28, 'Employee'),
(41, 29, 'Employee'),
(42, 29, 'ERT'),
(43, 30, 'Employee'),
(44, 31, 'Employee'),
(45, 32, 'Employee'),
(46, 33, 'Employee'),
(47, 34, 'Employee'),
(48, 35, 'Employee'),
(49, 36, 'Employee'),
(50, 37, 'Employee'),
(51, 38, 'Employee'),
(52, 39, 'Employee'),
(53, 40, 'Employee'),
(54, 41, 'Employee'),
(55, 42, 'Employee'),
(56, 43, 'Employee'),
(57, 44, 'Employee'),
(58, 45, 'Employee'),
(59, 46, 'Employee'),
(60, 47, 'Employee'),
(61, 48, 'Employee');

-- --------------------------------------------------------

--
-- Table structure for table `vendor`
--

CREATE TABLE `vendor` (
  `id` int(11) NOT NULL,
  `resort_contact` varchar(255) NOT NULL,
  `resort_phone` varchar(255) NOT NULL,
  `primary_email` varchar(255) NOT NULL,
  `secondary_email` varchar(255) NOT NULL,
  `reservation_contact` varchar(255) NOT NULL,
  `reservation_phone` varchar(255) NOT NULL,
  `reservation_email` varchar(255) NOT NULL,
  `visited` varchar(255) NOT NULL,
  `website` varchar(255) NOT NULL,
  `trip_link` varchar(255) NOT NULL,
  `number_rooms` varchar(255) NOT NULL,
  `rating` int(11) NOT NULL,
  `input_user` varchar(255) NOT NULL,
  `remarks` text NOT NULL
) ENGINE=InnoDB DEFAULT CHARSET=latin1;

--
-- Dumping data for table `vendor`
--

INSERT INTO `vendor` (`id`, `resort_contact`, `resort_phone`, `primary_email`, `secondary_email`, `reservation_contact`, `reservation_phone`, `reservation_email`, `visited`, `website`, `trip_link`, `number_rooms`, `rating`, `input_user`, `remarks`) VALUES
(1, 'Nithin Benny', '9048405074', 'nithin719@gmail.com', 'nithin719@gmail.com', 'Ashwin', '9048405074', 'nithin719@gmail.com', '', 'www.google.com', 'www.google.com', '4', 7, '', 'hjgjhg');

-- --------------------------------------------------------

--
-- Table structure for table `vendor_category`
--

CREATE TABLE `vendor_category` (
  `id` int(11) NOT NULL,
  `category_name` varchar(255) NOT NULL,
  `status` int(11) NOT NULL
) ENGINE=InnoDB DEFAULT CHARSET=latin1;

--
-- Dumping data for table `vendor_category`
--

INSERT INTO `vendor_category` (`id`, `category_name`, `status`) VALUES
(1, 'Deluxe', 1),
(2, 'Budget', 1),
(3, 'Economy', 1),
(4, 'Super Dulexe', 1);

-- --------------------------------------------------------

--
-- Table structure for table `vendor_details`
--

CREATE TABLE `vendor_details` (
  `id` int(11) NOT NULL,
  `vendor_name` varchar(255) NOT NULL,
  `location` varchar(255) NOT NULL,
  `sub_location` varchar(255) NOT NULL,
  `type` int(11) NOT NULL,
  `category` int(11) NOT NULL,
  `priority` varchar(255) NOT NULL
) ENGINE=InnoDB DEFAULT CHARSET=latin1;

--
-- Dumping data for table `vendor_details`
--

INSERT INTO `vendor_details` (`id`, `vendor_name`, `location`, `sub_location`, `type`, `category`, `priority`) VALUES
(1, 'Ashwin', 'Kannur', 'Mambaram', 1, 4, '1');

-- --------------------------------------------------------

--
-- Table structure for table `vendor_type`
--

CREATE TABLE `vendor_type` (
  `id` int(11) NOT NULL,
  `type_name` varchar(255) NOT NULL,
  `status` int(11) NOT NULL
) ENGINE=InnoDB DEFAULT CHARSET=latin1;

--
-- Dumping data for table `vendor_type`
--

INSERT INTO `vendor_type` (`id`, `type_name`, `status`) VALUES
(1, 'Resort', 1),
(2, 'Hotel', 1);

--
-- Indexes for dumped tables
--

--
-- Indexes for table `category`
--
ALTER TABLE `category`
  ADD PRIMARY KEY (`id`);

--
-- Indexes for table `category_type`
--
ALTER TABLE `category_type`
  ADD PRIMARY KEY (`id`);

--
-- Indexes for table `department`
--
ALTER TABLE `department`
  ADD PRIMARY KEY (`id`);

--
-- Indexes for table `department_escalation`
--
ALTER TABLE `department_escalation`
  ADD PRIMARY KEY (`id`);

--
-- Indexes for table `employee`
--
ALTER TABLE `employee`
  ADD PRIMARY KEY (`id`);

--
-- Indexes for table `employee_bulkupload_temp`
--
ALTER TABLE `employee_bulkupload_temp`
  ADD PRIMARY KEY (`id`);

--
-- Indexes for table `employee_category_role`
--
ALTER TABLE `employee_category_role`
  ADD PRIMARY KEY (`id`);

--
-- Indexes for table `employee_department`
--
ALTER TABLE `employee_department`
  ADD PRIMARY KEY (`id`);

--
-- Indexes for table `escalation_levels`
--
ALTER TABLE `escalation_levels`
  ADD PRIMARY KEY (`id`);

--
-- Indexes for table `escalation_mail`
--
ALTER TABLE `escalation_mail`
  ADD PRIMARY KEY (`id`);

--
-- Indexes for table `external_employee`
--
ALTER TABLE `external_employee`
  ADD PRIMARY KEY (`id`);

--
-- Indexes for table `functions`
--
ALTER TABLE `functions`
  ADD PRIMARY KEY (`id`);

--
-- Indexes for table `function_role_mapping`
--
ALTER TABLE `function_role_mapping`
  ADD PRIMARY KEY (`id`);

--
-- Indexes for table `guest_enquiry`
--
ALTER TABLE `guest_enquiry`
  ADD PRIMARY KEY (`id`),
  ADD UNIQUE KEY `guest_details_ref` (`guest_details_ref`),
  ADD UNIQUE KEY `guest_enquiry_ref` (`guest_enquiry_ref`);

--
-- Indexes for table `mail_box`
--
ALTER TABLE `mail_box`
  ADD PRIMARY KEY (`id`);

--
-- Indexes for table `mail_child`
--
ALTER TABLE `mail_child`
  ADD PRIMARY KEY (`id`);

--
-- Indexes for table `mail_demo`
--
ALTER TABLE `mail_demo`
  ADD PRIMARY KEY (`id`);

--
-- Indexes for table `mail_template`
--
ALTER TABLE `mail_template`
  ADD PRIMARY KEY (`id`);

--
-- Indexes for table `mail_type`
--
ALTER TABLE `mail_type`
  ADD PRIMARY KEY (`id`);

--
-- Indexes for table `manager`
--
ALTER TABLE `manager`
  ADD PRIMARY KEY (`id`);

--
-- Indexes for table `managment_team`
--
ALTER TABLE `managment_team`
  ADD PRIMARY KEY (`id`);

--
-- Indexes for table `normal_user`
--
ALTER TABLE `normal_user`
  ADD PRIMARY KEY (`id`);

--
-- Indexes for table `notifiction`
--
ALTER TABLE `notifiction`
  ADD PRIMARY KEY (`id`);

--
-- Indexes for table `role_type`
--
ALTER TABLE `role_type`
  ADD PRIMARY KEY (`id`);

--
-- Indexes for table `role_type_action_mapping`
--
ALTER TABLE `role_type_action_mapping`
  ADD PRIMARY KEY (`id`);

--
-- Indexes for table `ticket`
--
ALTER TABLE `ticket`
  ADD PRIMARY KEY (`id`);

--
-- Indexes for table `ticket_assigned`
--
ALTER TABLE `ticket_assigned`
  ADD PRIMARY KEY (`id`);

--
-- Indexes for table `ticket_assigned_status`
--
ALTER TABLE `ticket_assigned_status`
  ADD PRIMARY KEY (`id`);

--
-- Indexes for table `ticket_attachment`
--
ALTER TABLE `ticket_attachment`
  ADD PRIMARY KEY (`id`);

--
-- Indexes for table `ticket_comment`
--
ALTER TABLE `ticket_comment`
  ADD PRIMARY KEY (`id`);

--
-- Indexes for table `ticket_escalation`
--
ALTER TABLE `ticket_escalation`
  ADD PRIMARY KEY (`id`);

--
-- Indexes for table `ticket_feedbacks`
--
ALTER TABLE `ticket_feedbacks`
  ADD PRIMARY KEY (`id`);

--
-- Indexes for table `ticket_history`
--
ALTER TABLE `ticket_history`
  ADD PRIMARY KEY (`id`);

--
-- Indexes for table `ticket_severity_level`
--
ALTER TABLE `ticket_severity_level`
  ADD PRIMARY KEY (`id`);

--
-- Indexes for table `ticket_status`
--
ALTER TABLE `ticket_status`
  ADD PRIMARY KEY (`id`);

--
-- Indexes for table `ticket_status_action_mapping`
--
ALTER TABLE `ticket_status_action_mapping`
  ADD PRIMARY KEY (`id`);

--
-- Indexes for table `user`
--
ALTER TABLE `user`
  ADD PRIMARY KEY (`id`);

--
-- Indexes for table `user_action`
--
ALTER TABLE `user_action`
  ADD PRIMARY KEY (`id`);

--
-- Indexes for table `user_role`
--
ALTER TABLE `user_role`
  ADD PRIMARY KEY (`id`),
  ADD KEY `category` (`category`);

--
-- Indexes for table `vendor`
--
ALTER TABLE `vendor`
  ADD PRIMARY KEY (`id`);

--
-- Indexes for table `vendor_category`
--
ALTER TABLE `vendor_category`
  ADD PRIMARY KEY (`id`);

--
-- Indexes for table `vendor_details`
--
ALTER TABLE `vendor_details`
  ADD PRIMARY KEY (`id`);

--
-- AUTO_INCREMENT for dumped tables
--

--
-- AUTO_INCREMENT for table `category`
--
ALTER TABLE `category`
  MODIFY `id` int(11) NOT NULL AUTO_INCREMENT, AUTO_INCREMENT=49;

--
-- AUTO_INCREMENT for table `category_type`
--
ALTER TABLE `category_type`
  MODIFY `id` int(11) NOT NULL AUTO_INCREMENT, AUTO_INCREMENT=4;

--
-- AUTO_INCREMENT for table `department`
--
ALTER TABLE `department`
  MODIFY `id` int(11) NOT NULL AUTO_INCREMENT, AUTO_INCREMENT=139;

--
-- AUTO_INCREMENT for table `department_escalation`
--
ALTER TABLE `department_escalation`
  MODIFY `id` int(11) NOT NULL AUTO_INCREMENT, AUTO_INCREMENT=14;

--
-- AUTO_INCREMENT for table `employee`
--
ALTER TABLE `employee`
  MODIFY `id` int(11) NOT NULL AUTO_INCREMENT, AUTO_INCREMENT=456;

--
-- AUTO_INCREMENT for table `employee_bulkupload_temp`
--
ALTER TABLE `employee_bulkupload_temp`
  MODIFY `id` int(11) NOT NULL AUTO_INCREMENT;

--
-- AUTO_INCREMENT for table `employee_category_role`
--
ALTER TABLE `employee_category_role`
  MODIFY `id` int(11) NOT NULL AUTO_INCREMENT, AUTO_INCREMENT=677;

--
-- AUTO_INCREMENT for table `employee_department`
--
ALTER TABLE `employee_department`
  MODIFY `id` int(11) NOT NULL AUTO_INCREMENT, AUTO_INCREMENT=638;

--
-- AUTO_INCREMENT for table `escalation_levels`
--
ALTER TABLE `escalation_levels`
  MODIFY `id` int(11) NOT NULL AUTO_INCREMENT, AUTO_INCREMENT=6;

--
-- AUTO_INCREMENT for table `escalation_mail`
--
ALTER TABLE `escalation_mail`
  MODIFY `id` int(11) NOT NULL AUTO_INCREMENT;

--
-- AUTO_INCREMENT for table `external_employee`
--
ALTER TABLE `external_employee`
  MODIFY `id` int(11) NOT NULL AUTO_INCREMENT, AUTO_INCREMENT=8;

--
-- AUTO_INCREMENT for table `functions`
--
ALTER TABLE `functions`
  MODIFY `id` int(11) NOT NULL AUTO_INCREMENT, AUTO_INCREMENT=16;

--
-- AUTO_INCREMENT for table `function_role_mapping`
--
ALTER TABLE `function_role_mapping`
  MODIFY `id` int(11) NOT NULL AUTO_INCREMENT, AUTO_INCREMENT=5;

--
-- AUTO_INCREMENT for table `guest_enquiry`
--
ALTER TABLE `guest_enquiry`
  MODIFY `id` int(10) UNSIGNED NOT NULL AUTO_INCREMENT, AUTO_INCREMENT=4;

--
-- AUTO_INCREMENT for table `mail_box`
--
ALTER TABLE `mail_box`
  MODIFY `id` int(11) NOT NULL AUTO_INCREMENT, AUTO_INCREMENT=21;

--
-- AUTO_INCREMENT for table `mail_child`
--
ALTER TABLE `mail_child`
  MODIFY `id` int(11) NOT NULL AUTO_INCREMENT, AUTO_INCREMENT=56;

--
-- AUTO_INCREMENT for table `mail_demo`
--
ALTER TABLE `mail_demo`
  MODIFY `id` int(11) NOT NULL AUTO_INCREMENT, AUTO_INCREMENT=4;

--
-- AUTO_INCREMENT for table `mail_template`
--
ALTER TABLE `mail_template`
  MODIFY `id` int(11) NOT NULL AUTO_INCREMENT, AUTO_INCREMENT=9;

--
-- AUTO_INCREMENT for table `mail_type`
--
ALTER TABLE `mail_type`
  MODIFY `id` int(11) NOT NULL AUTO_INCREMENT, AUTO_INCREMENT=3;

--
-- AUTO_INCREMENT for table `manager`
--
ALTER TABLE `manager`
  MODIFY `id` int(11) NOT NULL AUTO_INCREMENT, AUTO_INCREMENT=50;

--
-- AUTO_INCREMENT for table `managment_team`
--
ALTER TABLE `managment_team`
  MODIFY `id` int(11) NOT NULL AUTO_INCREMENT, AUTO_INCREMENT=3;

--
-- AUTO_INCREMENT for table `normal_user`
--
ALTER TABLE `normal_user`
  MODIFY `id` int(11) NOT NULL AUTO_INCREMENT, AUTO_INCREMENT=166;

--
-- AUTO_INCREMENT for table `notifiction`
--
ALTER TABLE `notifiction`
  MODIFY `id` int(11) NOT NULL AUTO_INCREMENT, AUTO_INCREMENT=410;

--
-- AUTO_INCREMENT for table `role_type`
--
ALTER TABLE `role_type`
  MODIFY `id` int(11) NOT NULL AUTO_INCREMENT, AUTO_INCREMENT=10;

--
-- AUTO_INCREMENT for table `role_type_action_mapping`
--
ALTER TABLE `role_type_action_mapping`
  MODIFY `id` int(11) NOT NULL AUTO_INCREMENT, AUTO_INCREMENT=16;

--
-- AUTO_INCREMENT for table `ticket`
--
ALTER TABLE `ticket`
  MODIFY `id` int(11) NOT NULL AUTO_INCREMENT, AUTO_INCREMENT=338;

--
-- AUTO_INCREMENT for table `ticket_assigned`
--
ALTER TABLE `ticket_assigned`
  MODIFY `id` int(11) NOT NULL AUTO_INCREMENT, AUTO_INCREMENT=317;

--
-- AUTO_INCREMENT for table `ticket_assigned_status`
--
ALTER TABLE `ticket_assigned_status`
  MODIFY `id` int(11) NOT NULL AUTO_INCREMENT, AUTO_INCREMENT=70;

--
-- AUTO_INCREMENT for table `ticket_attachment`
--
ALTER TABLE `ticket_attachment`
  MODIFY `id` int(11) NOT NULL AUTO_INCREMENT, AUTO_INCREMENT=98;

--
-- AUTO_INCREMENT for table `ticket_comment`
--
ALTER TABLE `ticket_comment`
  MODIFY `id` int(11) NOT NULL AUTO_INCREMENT, AUTO_INCREMENT=481;

--
-- AUTO_INCREMENT for table `ticket_escalation`
--
ALTER TABLE `ticket_escalation`
  MODIFY `id` int(11) NOT NULL AUTO_INCREMENT, AUTO_INCREMENT=22;

--
-- AUTO_INCREMENT for table `ticket_feedbacks`
--
ALTER TABLE `ticket_feedbacks`
  MODIFY `id` int(11) NOT NULL AUTO_INCREMENT, AUTO_INCREMENT=17;

--
-- AUTO_INCREMENT for table `ticket_history`
--
ALTER TABLE `ticket_history`
  MODIFY `id` int(11) NOT NULL AUTO_INCREMENT, AUTO_INCREMENT=721;

--
-- AUTO_INCREMENT for table `ticket_severity_level`
--
ALTER TABLE `ticket_severity_level`
  MODIFY `id` int(11) NOT NULL AUTO_INCREMENT, AUTO_INCREMENT=4;

--
-- AUTO_INCREMENT for table `ticket_status`
--
ALTER TABLE `ticket_status`
  MODIFY `id` int(11) NOT NULL AUTO_INCREMENT, AUTO_INCREMENT=20;

--
-- AUTO_INCREMENT for table `ticket_status_action_mapping`
--
ALTER TABLE `ticket_status_action_mapping`
  MODIFY `id` int(11) NOT NULL AUTO_INCREMENT, AUTO_INCREMENT=40;

--
-- AUTO_INCREMENT for table `user`
--
ALTER TABLE `user`
  MODIFY `id` int(11) NOT NULL AUTO_INCREMENT, AUTO_INCREMENT=615;

--
-- AUTO_INCREMENT for table `user_action`
--
ALTER TABLE `user_action`
  MODIFY `id` int(11) NOT NULL AUTO_INCREMENT, AUTO_INCREMENT=20;

--
-- AUTO_INCREMENT for table `user_role`
--
ALTER TABLE `user_role`
  MODIFY `id` int(11) NOT NULL AUTO_INCREMENT, AUTO_INCREMENT=62;

--
-- AUTO_INCREMENT for table `vendor`
--
ALTER TABLE `vendor`
  MODIFY `id` int(11) NOT NULL AUTO_INCREMENT, AUTO_INCREMENT=2;

--
-- AUTO_INCREMENT for table `vendor_category`
--
ALTER TABLE `vendor_category`
  MODIFY `id` int(11) NOT NULL AUTO_INCREMENT, AUTO_INCREMENT=5;

--
-- AUTO_INCREMENT for table `vendor_details`
--
ALTER TABLE `vendor_details`
  MODIFY `id` int(11) NOT NULL AUTO_INCREMENT, AUTO_INCREMENT=2;
COMMIT;

/*!40101 SET CHARACTER_SET_CLIENT=@OLD_CHARACTER_SET_CLIENT */;
/*!40101 SET CHARACTER_SET_RESULTS=@OLD_CHARACTER_SET_RESULTS */;
/*!40101 SET COLLATION_CONNECTION=@OLD_COLLATION_CONNECTION */;
